customer_id,transaction_id,amount,time_hour,history_mean,history_std,transaction_count,history_window,is_fraud
1,T1-1,2742.0,10,2742.0,0.0,1,2742.00,0
1,T1-2,3026.0,4,2884.0,142.0,2,"2742.00,3026.00",0
1,T1-3,465.0,17,2077.67,1146.21,3,"2742.00,3026.00,465.00",0
1,T1-4,2699.0,12,2233.0,1028.46,4,"2742.00,3026.00,465.00,2699.00",0
1,T1-5,579.0,4,1902.2,1133.09,5,"2742.00,3026.00,465.00,2699.00,579.00",0
1,T1-6,3254.0,13,2004.6,1223.86,6,"3026.00,465.00,2699.00,579.00,3254.00",0
1,T1-7,1635.0,20,1726.4,1113.15,7,"465.00,2699.00,579.00,3254.00,1635.00",0
1,T1-8,2922.0,1,2217.8,982.5,8,"2699.00,579.00,3254.00,1635.00,2922.00",0
1,T1-9,3401.0,8,2358.2,1085.94,9,"579.00,3254.00,1635.00,2922.00,3401.00",0
1,T1-10,4669.19,8,3176.24,972.16,10,"3254.00,1635.00,2922.00,3401.00,4669.19",0
1,T1-11,3391.0,19,3203.64,975.89,11,"1635.00,2922.00,3401.00,4669.19,3391.00",0
1,T1-12,3648.92,22,3606.42,581.09,12,"2922.00,3401.00,4669.19,3391.00,3648.92",0
1,T1-13,1614.0,18,3344.82,984.63,13,"3401.00,4669.19,3391.00,3648.92,1614.00",0
2,T2-1,1607.0,19,1607.0,0.0,1,1607.00,0
2,T2-2,3158.0,6,2382.5,775.5,2,"1607.00,3158.00",0
2,T2-3,2283.0,3,2349.33,634.93,3,"1607.00,3158.00,2283.00",0
2,T2-4,2846.0,0,2473.5,590.43,4,"1607.00,3158.00,2283.00,2846.00",0
2,T2-5,2764.0,15,2531.6,540.73,5,"1607.00,3158.00,2283.00,2846.00,2764.00",0
2,T2-6,2011.0,11,2612.4,411.2,6,"3158.00,2283.00,2846.00,2764.00,2011.00",0
2,T2-7,972.0,2,2175.2,675.71,7,"2283.00,2846.00,2764.00,2011.00,972.00",0
2,T2-8,415.0,18,1801.6,966.62,8,"2846.00,2764.00,2011.00,972.00,415.00",0
2,T2-9,12429.9,7,3718.38,4431.06,9,"2764.00,2011.00,972.00,415.00,12429.90",1
2,T2-10,1076.0,9,3380.78,4553.52,10,"2011.00,972.00,415.00,12429.90,1076.00",0
2,T2-11,3016.0,6,3581.78,4510.6,11,"972.00,415.00,12429.90,1076.00,3016.00",0
2,T2-12,1841.0,18,3755.58,4422.58,12,"415.00,12429.90,1076.00,3016.00,1841.00",0
2,T2-13,2869.19,4,4246.42,4152.53,13,"12429.90,1076.00,3016.00,1841.00,2869.19",0
2,T2-14,2552.0,3,2270.84,721.77,14,"1076.00,3016.00,1841.00,2869.19,2552.00",0
2,T2-15,1810.0,10,2417.64,506.31,15,"3016.00,1841.00,2869.19,2552.00,1810.00",0
2,T2-16,5477.55,8,2909.95,1347.21,16,"1841.00,2869.19,2552.00,1810.00,5477.55",0
2,T2-17,1808.0,16,2903.35,1352.5,17,"2869.19,2552.00,1810.00,5477.55,1808.00",0
2,T2-18,1024.0,17,2534.31,1548.95,18,"2552.00,1810.00,5477.55,1808.00,1024.00",0
2,T2-19,1647.0,21,2353.31,1588.67,19,"1810.00,5477.55,1808.00,1024.00,1647.00",0
2,T2-20,19840.56,13,5959.42,7114.88,20,"5477.55,1808.00,1024.00,1647.00,19840.56",1
2,T2-21,1800.0,17,5223.91,7313.98,21,"1808.00,1024.00,1647.00,19840.56,1800.00",0
2,T2-22,13931.37,15,7648.59,7774.67,22,"1024.00,1647.00,19840.56,1800.00,13931.37",0
2,T2-23,12585.02,3,9960.79,7155.13,23,"1647.00,19840.56,1800.00,13931.37,12585.02",0
2,T2-24,3465.0,13,10324.39,6758.62,24,"19840.56,1800.00,13931.37,12585.02,3465.00",1
2,T2-25,657.0,23,6487.68,5615.94,25,"1800.00,13931.37,12585.02,3465.00,657.00",0
3,T3-1,1780.0,10,1780.0,0.0,1,1780.00,0
3,T3-2,3291.0,13,2535.5,755.5,2,"1780.00,3291.00",0
3,T3-3,1736.0,22,2269.0,722.89,3,"1780.00,3291.00,1736.00",0
3,T3-4,1260.0,20,2016.75,763.42,4,"1780.00,3291.00,1736.00,1260.00",0
3,T3-5,10947.56,13,3802.91,3637.0,5,"1780.00,3291.00,1736.00,1260.00,10947.56",0
3,T3-6,619.0,15,3570.71,3792.47,6,"3291.00,1736.00,1260.00,10947.56,619.00",0
3,T3-7,2402.0,22,3392.91,3822.14,7,"1736.00,1260.00,10947.56,619.00,2402.00",0
3,T3-8,19874.5,5,7020.61,7431.56,8,"1260.00,10947.56,619.00,2402.00,19874.50",1
3,T3-9,275.0,11,6823.61,7592.95,9,"10947.56,619.00,2402.00,19874.50,275.00",0
3,T3-10,2857.0,14,5205.5,7401.36,10,"619.00,2402.00,19874.50,275.00,2857.00",0
3,T3-11,1875.0,12,5456.7,7261.42,11,"2402.00,19874.50,275.00,2857.00,1875.00",0
3,T3-12,300.0,2,5036.3,7483.55,12,"19874.50,275.00,2857.00,1875.00,300.00",0
3,T3-13,2657.0,11,1592.8,1115.19,13,"275.00,2857.00,1875.00,300.00,2657.00",0
3,T3-14,1208.0,21,1779.4,944.0,14,"2857.00,1875.00,300.00,2657.00,1208.00",0
3,T3-15,466.0,22,1301.2,880.46,15,"1875.00,300.00,2657.00,1208.00,466.00",0
3,T3-16,6494.85,8,2225.17,2291.39,16,"300.00,2657.00,1208.00,466.00,6494.85",0
4,T4-1,2561.0,20,2561.0,0.0,1,2561.00,0
4,T4-2,1089.0,7,1825.0,736.0,2,"2561.00,1089.00",0
4,T4-3,1223.0,23,1624.33,664.58,3,"2561.00,1089.00,1223.00",0
4,T4-4,1602.0,3,1618.75,575.62,4,"2561.00,1089.00,1223.00,1602.00",0
4,T4-5,4299.74,5,2154.95,1189.58,5,"2561.00,1089.00,1223.00,1602.00,4299.74",0
4,T4-6,1143.0,12,1871.35,1227.4,6,"1089.00,1223.00,1602.00,4299.74,1143.00",0
4,T4-7,1547.0,4,1962.95,1181.84,7,"1223.00,1602.00,4299.74,1143.00,1547.00",0
4,T4-8,21477.43,3,6013.84,7812.85,8,"1602.00,4299.74,1143.00,1547.00,21477.43",1
4,T4-9,3409.0,7,6375.24,7640.3,9,"4299.74,1143.00,1547.00,21477.43,3409.00",0
4,T4-10,14206.4,6,8356.57,8114.95,10,"1143.00,1547.00,21477.43,3409.00,14206.40",0
4,T4-11,12797.36,2,10687.44,7345.5,11,"1547.00,21477.43,3409.00,14206.40,12797.36",0
4,T4-12,757.0,22,10529.44,7546.17,12,"21477.43,3409.00,14206.40,12797.36,757.00",0
4,T4-13,20241.62,0,10282.28,7195.63,13,"3409.00,14206.40,12797.36,757.00,20241.62",1
4,T4-14,1701.0,5,9940.68,7545.84,14,"14206.40,12797.36,757.00,20241.62,1701.00",0
4,T4-15,2673.0,14,7634.0,7651.37,15,"12797.36,757.00,20241.62,1701.00,2673.00",0
4,T4-16,530.0,15,5180.52,7568.7,16,"757.00,20241.62,1701.00,2673.00,530.00",0
4,T4-17,1050.0,5,5239.12,7535.29,17,"20241.62,1701.00,2673.00,530.00,1050.00",0
4,T4-18,3103.0,1,1811.4,963.79,18,"1701.00,2673.00,530.00,1050.00,3103.00",0
4,T4-19,8915.53,7,3254.31,2989.68,19,"2673.00,530.00,1050.00,3103.00,8915.53",1
4,T4-20,5023.35,6,3724.38,3045.58,20,"530.00,1050.00,3103.00,8915.53,5023.35",0
4,T4-21,2933.0,1,4204.98,2670.03,21,"1050.00,3103.00,8915.53,5023.35,2933.00",0
5,T5-1,1215.0,17,1215.0,0.0,1,1215.00,0
5,T5-2,3081.0,12,2148.0,933.0,2,"1215.00,3081.00",0
5,T5-3,295.0,21,1530.33,1159.03,3,"1215.00,3081.00,295.00",0
5,T5-4,943.0,15,1383.5,1035.47,4,"1215.00,3081.00,295.00,943.00",0
5,T5-5,2063.0,0,1519.4,965.21,5,"1215.00,3081.00,295.00,943.00,2063.00",0
5,T5-6,1401.0,2,1556.6,956.3,6,"3081.00,295.00,943.00,2063.00,1401.00",0
5,T5-7,21620.91,20,5264.58,8198.53,7,"295.00,943.00,2063.00,1401.00,21620.91",1
5,T5-8,2975.0,13,5800.58,7939.63,8,"943.00,2063.00,1401.00,21620.91,2975.00",0
5,T5-9,2761.0,19,6164.18,7748.17,9,"2063.00,1401.00,21620.91,2975.00,2761.00",0
5,T5-10,1945.0,18,6140.58,7760.79,10,"1401.00,21620.91,2975.00,2761.00,1945.00",0
5,T5-11,1440.0,10,6148.38,7756.04,11,"21620.91,2975.00,2761.00,1945.00,1440.00",0
5,T5-12,1750.0,12,2174.2,592.81,12,"2975.00,2761.00,1945.00,1440.00,1750.00",0
5,T5-13,1377.0,5,1854.6,498.13,13,"2761.00,1945.00,1440.00,1750.00,1377.00",0
5,T5-14,1144.0,18,1531.2,283.24,14,"1945.00,1440.00,1750.00,1377.00,1144.00",0
5,T5-15,1250.0,4,1392.2,206.09,15,"1440.00,1750.00,1377.00,1144.00,1250.00",0
5,T5-16,2844.0,4,1673.0,620.25,16,"1750.00,1377.00,1144.00,1250.00,2844.00",0
5,T5-17,15584.51,22,4439.9,5606.58,17,"1377.00,1144.00,1250.00,2844.00,15584.51",1
5,T5-18,592.0,13,4282.9,5700.36,18,"1144.00,1250.00,2844.00,15584.51,592.00",0
5,T5-19,433.0,4,4140.7,5785.13,19,"1250.00,2844.00,15584.51,592.00,433.00",0
5,T5-20,2832.0,22,4457.1,5660.29,20,"2844.00,15584.51,592.00,433.00,2832.00",0
5,T5-21,3319.0,12,4552.1,5636.36,21,"15584.51,592.00,433.00,2832.00,3319.00",0
5,T5-22,11490.0,11,3733.2,4047.47,22,"592.00,433.00,2832.00,3319.00,11490.00",1
5,T5-23,1711.0,12,3957.0,3895.69,23,"433.00,2832.00,3319.00,11490.00,1711.00",0
5,T5-24,1798.0,18,4230.0,3681.09,24,"2832.00,3319.00,11490.00,1711.00,1798.00",0
5,T5-25,3114.97,4,4286.6,3661.28,25,"3319.00,11490.00,1711.00,1798.00,3114.97",0
6,T6-1,2597.0,8,2597.0,0.0,1,2597.00,0
6,T6-2,2887.0,18,2742.0,145.0,2,"2597.00,2887.00",0
6,T6-3,2813.0,8,2765.67,123.03,3,"2597.00,2887.00,2813.00",0
6,T6-4,1198.0,3,2373.75,687.13,4,"2597.00,2887.00,2813.00,1198.00",0
6,T6-5,438.0,22,1986.6,988.56,5,"2597.00,2887.00,2813.00,1198.00,438.00",0
6,T6-6,578.0,17,1582.8,1066.08,6,"2887.00,2813.00,1198.00,438.00,578.00",0
6,T6-7,1358.0,18,1277.0,844.35,7,"2813.00,1198.00,438.00,578.00,1358.00",0
6,T6-8,166.0,17,747.6,455.7,8,"1198.00,438.00,578.00,1358.00,166.00",0
6,T6-9,16473.63,15,3802.73,6347.83,9,"438.00,578.00,1358.00,166.00,16473.63",1
6,T6-10,1974.0,0,4109.93,6213.3,10,"578.00,1358.00,166.00,16473.63,1974.00",0
6,T6-11,3393.0,11,4672.93,5991.33,11,"1358.00,166.00,16473.63,1974.00,3393.00",0
6,T6-12,20412.73,18,8483.87,8289.95,12,"166.00,16473.63,1974.00,3393.00,20412.73",1
6,T6-13,2443.0,6,8939.27,7872.54,13,"16473.63,1974.00,3393.00,20412.73,2443.00",0
6,T6-14,230.0,15,5690.55,7432.34,14,"1974.00,3393.00,20412.73,2443.00,230.00",0
6,T6-15,3042.0,0,5904.15,7337.2,15,"3393.00,20412.73,2443.00,230.00,3042.00",0
6,T6-16,2857.0,4,5796.95,7376.91,16,"20412.73,2443.00,230.00,3042.00,2857.00",0
6,T6-17,913.17,0,1897.03,1120.5,17,"2443.00,230.00,3042.00,2857.00,913.17",0
6,T6-18,7358.84,20,2880.2,2489.08,18,"230.00,3042.00,2857.00,913.17,7358.84",1
6,T6-19,552.0,18,2944.6,2422.97,19,"3042.00,2857.00,913.17,7358.84,552.00",0
6,T6-20,8100.02,4,3956.21,3187.66,20,"2857.00,913.17,7358.84,552.00,8100.02",1
6,T6-21,1986.0,15,3782.01,3265.82,21,"913.17,7358.84,552.00,8100.02,1986.00",0
6,T6-22,327.0,4,3664.77,3375.38,22,"7358.84,552.00,8100.02,1986.00,327.00",0
7,T7-1,2198.0,1,2198.0,0.0,1,2198.00,0
7,T7-2,2214.0,5,2206.0,8.0,2,"2198.00,2214.00",0
7,T7-3,3111.0,9,2507.67,426.67,3,"2198.00,2214.00,3111.00",0
7,T7-4,729.0,18,2063.0,854.24,4,"2198.00,2214.00,3111.00,729.00",0
7,T7-5,764.0,13,1803.2,923.99,5,"2198.00,2214.00,3111.00,729.00,764.00",0
7,T7-6,2776.0,10,1918.8,999.25,6,"2214.00,3111.00,729.00,764.00,2776.00",0
7,T7-7,636.0,12,1603.2,1100.26,7,"3111.00,729.00,764.00,2776.00,636.00",0
7,T7-8,2494.0,11,1479.8,948.35,8,"729.00,764.00,2776.00,636.00,2494.00",0
7,T7-9,1852.0,23,1704.4,874.0,9,"764.00,2776.00,636.00,2494.00,1852.00",0
7,T7-10,599.0,18,1671.4,911.21,10,"2776.00,636.00,2494.00,1852.00,599.00",0
7,T7-11,2196.0,20,1555.4,792.38,11,"636.00,2494.00,1852.00,599.00,2196.00",0
7,T7-12,879.0,7,1604.0,740.23,12,"2494.00,1852.00,599.00,2196.00,879.00",0
7,T7-13,1551.0,8,1415.4,595.41,13,"1852.00,599.00,2196.00,879.00,1551.00",0
7,T7-14,2045.0,14,1454.0,627.84,14,"599.00,2196.00,879.00,1551.00,2045.00",0
7,T7-15,1209.0,12,1576.0,495.07,15,"2196.00,879.00,1551.00,2045.00,1209.00",0
7,T7-16,2247.0,13,1586.2,508.1,16,"879.00,1551.00,2045.00,1209.00,2247.00",0
7,T7-17,3119.0,6,2034.2,653.7,17,"1551.00,2045.00,1209.00,2247.00,3119.00",0
7,T7-18,2829.0,0,2289.8,664.56,18,"2045.00,1209.00,2247.00,3119.00,2829.00",0
7,T7-19,18525.78,13,5585.96,6502.8,19,"1209.00,2247.00,3119.00,2829.00,18525.78",1
7,T7-20,4674.18,10,6278.99,6175.83,20,"2247.00,3119.00,2829.00,18525.78,4674.18",1
7,T7-21,2921.0,5,6413.79,6093.15,21,"3119.00,2829.00,18525.78,4674.18,2921.00",0
7,T7-22,8625.33,10,7515.06,5892.43,22,"2829.00,18525.78,4674.18,2921.00,8625.33",0
7,T7-23,2736.0,18,7496.46,5907.32,23,"18525.78,4674.18,2921.00,8625.33,2736.00",0
8,T8-1,3250.0,15,3250.0,0.0,1,3250.00,1
8,T8-2,2411.0,5,2830.5,419.5,2,"3250.00,2411.00",0
8,T8-3,1713.0,3,2458.0,628.36,3,"3250.00,2411.00,1713.00",0
8,T8-4,1549.0,20,2230.75,671.6,4,"3250.00,2411.00,1713.00,1549.00",0
8,T8-5,3359.0,13,2456.4,751.34,5,"3250.00,2411.00,1713.00,1549.00,3359.00",0
8,T8-6,2330.0,3,2272.4,638.66,6,"2411.00,1713.00,1549.00,3359.00,2330.00",0
8,T8-7,1250.0,1,2040.2,747.79,7,"1713.00,1549.00,3359.00,2330.00,1250.00",0
8,T8-8,107443.02,3,23186.2,42134.73,8,"1549.00,3359.00,2330.00,1250.00,107443.02",1
8,T8-9,795.0,7,23035.4,42213.17,9,"3359.00,2330.00,1250.00,107443.02,795.00",0
8,T8-10,196.0,2,22402.8,42525.84,10,"2330.00,1250.00,107443.02,795.00,196.00",0
8,T8-11,2013.0,15,22339.4,42555.95,11,"1250.00,107443.02,795.00,196.00,2013.00",0
8,T8-12,2578.0,8,22605.0,42427.45,12,"107443.02,795.00,196.00,2013.00,2578.00",0
8,T8-13,1259.0,11,1368.2,847.81,13,"795.00,196.00,2013.00,2578.00,1259.00",0
8,T8-14,1593.0,21,1527.8,798.57,14,"196.00,2013.00,2578.00,1259.00,1593.00",0
8,T8-15,2102.0,11,1909.0,451.22,15,"2013.00,2578.00,1259.00,1593.00,2102.00",0
8,T8-16,3493.0,22,2205.0,784.62,16,"2578.00,1259.00,1593.00,2102.00,3493.00",0
8,T8-17,8911.36,4,3471.67,2824.61,17,"1259.00,1593.00,2102.00,3493.00,8911.36",1
8,T8-18,7788.42,7,4777.56,3003.46,18,"1593.00,2102.00,3493.00,8911.36,7788.42",0
9,T9-1,2273.0,19,2273.0,0.0,1,2273.00,0
9,T9-2,2228.0,23,2250.5,22.5,2,"2273.00,2228.00",0
9,T9-3,2700.0,12,2400.33,212.69,3,"2273.00,2228.00,2700.00",0
9,T9-4,2564.0,14,2441.25,197.36,4,"2273.00,2228.00,2700.00,2564.00",0
9,T9-5,2769.0,12,2506.8,219.88,5,"2273.00,2228.00,2700.00,2564.00,2769.00",0
9,T9-6,2603.0,23,2572.8,186.84,6,"2228.00,2700.00,2564.00,2769.00,2603.00",0
9,T9-7,2341.0,19,2595.4,146.18,7,"2700.00,2564.00,2769.00,2603.00,2341.00",0
9,T9-8,2608.0,7,2577.0,137.38,8,"2564.00,2769.00,2603.00,2341.00,2608.00",0
9,T9-9,287.0,20,2121.6,927.51,9,"2769.00,2603.00,2341.00,2608.00,287.00",0
9,T9-10,1707.0,15,1909.2,875.05,10,"2603.00,2341.00,2608.00,287.00,1707.00",0
9,T9-11,434.0,10,1475.4,957.34,11,"2341.00,2608.00,287.00,1707.00,434.00",0
9,T9-12,40845.22,22,9176.24,15857.5,12,"2608.00,287.00,1707.00,434.00,40845.22",1
9,T9-13,2412.0,17,9137.04,15873.92,13,"287.00,1707.00,434.00,40845.22,2412.00",0
9,T9-14,12112.61,5,11502.17,15247.74,14,"1707.00,434.00,40845.22,2412.00,12112.61",0
9,T9-15,14780.63,18,14116.89,14443.59,15,"434.00,40845.22,2412.00,12112.61,14780.63",1
9,T9-16,1494.0,9,14328.89,14247.65,16,"40845.22,2412.00,12112.61,14780.63,1494.00",0
9,T9-17,3006.0,17,6761.05,5544.54,17,"2412.00,12112.61,14780.63,1494.00,3006.00",0
9,T9-18,2127.0,20,6704.05,5590.23,18,"12112.61,14780.63,1494.00,3006.00,2127.00",0
9,T9-19,2996.51,12,4880.83,4982.49,19,"14780.63,1494.00,3006.00,2127.00,2996.51",0
9,T9-20,3495.0,2,2623.7,716.55,20,"1494.00,3006.00,2127.00,2996.51,3495.00",0
10,T10-1,775.0,23,775.0,0.0,1,775.00,0
10,T10-2,2611.0,14,1693.0,918.0,2,"775.00,2611.00",0
10,T10-3,1810.0,21,1732.0,751.57,3,"775.00,2611.00,1810.00",0
10,T10-4,1302.0,3,1624.5,676.99,4,"775.00,2611.00,1810.00,1302.00",0
10,T10-5,811.96,1,1461.99,687.23,5,"775.00,2611.00,1810.00,1302.00,811.96",0
10,T10-6,3376.0,15,1982.19,916.5,6,"2611.00,1810.00,1302.00,811.96,3376.00",0
10,T10-7,3122.0,23,2084.39,1005.13,7,"1810.00,1302.00,811.96,3376.00,3122.00",0
10,T10-8,1311.0,21,1984.59,1051.14,8,"1302.00,811.96,3376.00,3122.00,1311.00",0
10,T10-9,1175.0,12,1959.19,1068.71,9,"811.96,3376.00,3122.00,1311.00,1175.00",0
10,T10-10,233.0,7,1843.4,1208.91,10,"3376.00,3122.00,1311.00,1175.00,233.00",0
10,T10-11,1312.0,20,1430.6,936.89,11,"3122.00,1311.00,1175.00,233.00,1312.00",0
10,T10-12,2109.0,18,1228.0,597.15,12,"1311.00,1175.00,233.00,1312.00,2109.00",0
10,T10-13,2123.0,16,1390.4,699.31,13,"1175.00,233.00,1312.00,2109.00,2123.00",0
10,T10-14,1725.0,4,1500.4,700.04,14,"233.00,1312.00,2109.00,2123.00,1725.00",0
10,T10-15,1218.0,22,1697.4,382.01,15,"1312.00,2109.00,2123.00,1725.00,1218.00",0
10,T10-16,6736.99,23,2782.4,2004.62,16,"2109.00,2123.00,1725.00,1218.00,6736.99",0
10,T10-17,3448.0,10,3050.2,1986.13,17,"2123.00,1725.00,1218.00,6736.99,3448.00",0
10,T10-18,26386.26,2,7902.85,9441.34,18,"1725.00,1218.00,6736.99,3448.00,26386.26",1
10,T10-19,1655.0,4,7888.85,9450.54,19,"1218.00,6736.99,3448.00,26386.26,1655.00",0
10,T10-20,32422.25,0,14129.7,12721.71,20,"6736.99,3448.00,26386.26,1655.00,32422.25",1
10,T10-21,1070.0,11,12996.3,13555.0,21,"3448.00,26386.26,1655.00,32422.25,1070.00",0
11,T11-1,2968.0,5,2968.0,0.0,1,2968.00,0
11,T11-2,1230.0,21,2099.0,869.0,2,"2968.00,1230.00",0
11,T11-3,1757.0,8,1985.0,727.62,3,"2968.00,1230.00,1757.00",0
11,T11-4,914.0,5,1717.25,782.4,4,"2968.00,1230.00,1757.00,914.00",0
11,T11-5,14908.04,4,4355.41,5322.52,5,"2968.00,1230.00,1757.00,914.00,14908.04",0
11,T11-6,1719.52,2,4105.71,5410.31,6,"1230.00,1757.00,914.00,14908.04,1719.52",0
11,T11-7,359.77,11,3931.67,5513.04,7,"1757.00,914.00,14908.04,1719.52,359.77",0
11,T11-8,959.0,11,3772.07,5584.77,8,"914.00,14908.04,1719.52,359.77,959.00",0
11,T11-9,165.0,21,3622.27,5668.84,9,"14908.04,1719.52,359.77,959.00,165.00",0
11,T11-10,2739.0,13,1188.46,945.84,10,"1719.52,359.77,959.00,165.00,2739.00",0
11,T11-11,1672.0,17,1178.95,940.68,11,"359.77,959.00,165.00,2739.00,1672.00",0
11,T11-12,2874.0,7,1681.8,1035.59,12,"959.00,165.00,2739.00,1672.00,2874.00",0
11,T11-13,874.0,20,1664.8,1047.94,13,"165.00,2739.00,1672.00,2874.00,874.00",0
11,T11-14,993.36,20,1830.47,843.22,14,"2739.00,1672.00,2874.00,874.00,993.36",0
11,T11-15,2522.0,3,1787.07,799.81,15,"1672.00,2874.00,874.00,993.36,2522.00",0
11,T11-16,5694.69,19,2591.61,1744.61,16,"2874.00,874.00,993.36,2522.00,5694.69",0
11,T11-17,4898.4,13,2996.49,1981.93,17,"874.00,993.36,2522.00,5694.69,4898.40",0
11,T11-18,15143.48,9,5850.39,4938.84,18,"993.36,2522.00,5694.69,4898.40,15143.48",1
11,T11-19,1946.0,10,6040.91,4763.04,19,"2522.00,5694.69,4898.40,15143.48,1946.00",0
12,T12-1,592.0,7,592.0,0.0,1,592.00,0
12,T12-2,3421.0,20,2006.5,1414.5,2,"592.00,3421.00",1
12,T12-3,323.0,14,1445.33,1401.32,3,"592.00,3421.00,323.00",0
12,T12-4,2988.0,20,1831.0,1385.27,4,"592.00,3421.00,323.00,2988.00",0
12,T12-5,2225.0,14,1909.8,1249.01,5,"592.00,3421.00,323.00,2988.00,2225.00",0
12,T12-6,2668.0,16,2325.0,1074.84,6,"3421.00,323.00,2988.00,2225.00,2668.00",0
12,T12-7,1046.0,18,1850.0,1008.26,7,"323.00,2988.00,2225.00,2668.00,1046.00",0
12,T12-8,3307.0,0,2446.8,786.54,8,"2988.00,2225.00,2668.00,1046.00,3307.00",0
12,T12-9,3297.0,2,2508.6,837.14,9,"2225.00,2668.00,1046.00,3307.00,3297.00",0
12,T12-10,1720.0,3,2407.6,893.81,10,"2668.00,1046.00,3307.00,3297.00,1720.00",0
12,T12-11,3231.0,20,2520.2,953.03,11,"1046.00,3307.00,3297.00,1720.00,3231.00",0
12,T12-12,3097.0,17,2930.4,609.82,12,"3307.00,3297.00,1720.00,3231.00,3097.00",0
12,T12-13,447.0,17,2358.4,1117.94,13,"3297.00,1720.00,3231.00,3097.00,447.00",0
12,T12-14,1638.0,2,2026.6,1033.1,14,"1720.00,3231.00,3097.00,447.00,1638.00",0
12,T12-15,129916.23,2,27665.85,51135.4,15,"3231.00,3097.00,447.00,1638.00,129916.23",1
12,T12-16,3459.0,9,27711.45,51113.69,16,"3097.00,447.00,1638.00,129916.23,3459.00",0
12,T12-17,2249.0,7,27541.85,51196.42,17,"447.00,1638.00,129916.23,3459.00,2249.00",0
12,T12-18,184.0,14,27489.25,51224.36,18,"1638.00,129916.23,3459.00,2249.00,184.00",0
12,T12-19,1282.0,9,27418.05,51260.48,19,"129916.23,3459.00,2249.00,184.00,1282.00",0
12,T12-20,1181.0,16,1671.0,1107.58,20,"3459.00,2249.00,184.00,1282.00,1181.00",0
12,T12-21,813.0,2,1141.8,674.18,21,"2249.00,184.00,1282.00,1181.00,813.00",0
13,T13-1,826.0,11,826.0,0.0,1,826.00,0
13,T13-2,1898.0,10,1362.0,536.0,2,"826.00,1898.00",0
13,T13-3,1019.0,0,1247.67,466.56,3,"826.00,1898.00,1019.00",0
13,T13-4,1762.0,5,1376.25,461.36,4,"826.00,1898.00,1019.00,1762.00",0
13,T13-5,2335.0,5,1568.0,563.35,5,"826.00,1898.00,1019.00,1762.00,2335.00",0
13,T13-6,995.0,7,1601.8,521.31,6,"1898.00,1019.00,1762.00,2335.00,995.00",0
13,T13-7,3086.0,8,1839.4,798.96,7,"1019.00,1762.00,2335.00,995.00,3086.00",0
13,T13-8,8778.64,5,3391.33,2779.54,8,"1762.00,2335.00,995.00,3086.00,8778.64",1
13,T13-9,13763.31,9,5791.59,4790.54,9,"2335.00,995.00,3086.00,8778.64,13763.31",1
13,T13-10,6526.2,8,6629.83,4468.22,10,"995.00,3086.00,8778.64,13763.31,6526.20",0
13,T13-11,2107.0,20,6852.23,4201.95,11,"3086.00,8778.64,13763.31,6526.20,2107.00",0
13,T13-12,1506.0,14,6536.23,4520.63,12,"8778.64,13763.31,6526.20,2107.00,1506.00",0
13,T13-13,23711.92,9,9522.89,8337.34,13,"13763.31,6526.20,2107.00,1506.00,23711.92",1
13,T13-14,1036.0,1,6977.43,8593.08,14,"6526.20,2107.00,1506.00,23711.92,1036.00",0
13,T13-15,1657.0,13,6003.58,8860.77,15,"2107.00,1506.00,23711.92,1036.00,1657.00",0
13,T13-16,3079.0,7,6197.98,8783.48,16,"1506.00,23711.92,1036.00,1657.00,3079.00",0
13,T13-17,7216.91,7,7340.17,8464.61,17,"23711.92,1036.00,1657.00,3079.00,7216.91",0
13,T13-18,1884.0,19,2974.58,2222.24,18,"1036.00,1657.00,3079.00,7216.91,1884.00",0
13,T13-19,4099.14,20,3587.21,2016.02,19,"1657.00,3079.00,7216.91,1884.00,4099.14",0
14,T14-1,641.0,3,641.0,0.0,1,641.00,0
14,T14-2,3365.0,4,2003.0,1362.0,2,"641.00,3365.00",0
14,T14-3,3078.0,0,2361.33,1222.09,3,"641.00,3365.00,3078.00",0
14,T14-4,676.0,22,1940.0,1285.57,4,"641.00,3365.00,3078.00,676.00",0
14,T14-5,3216.0,14,2195.2,1258.04,5,"641.00,3365.00,3078.00,676.00,3216.00",0
14,T14-6,14844.72,12,5035.94,5003.18,6,"3365.00,3078.00,676.00,3216.00,14844.72",1
14,T14-7,627.0,19,4488.34,5297.29,7,"3078.00,676.00,3216.00,14844.72,627.00",0
14,T14-8,16331.86,22,7139.12,6977.87,8,"676.00,3216.00,14844.72,627.00,16331.86",1
14,T14-9,341.0,19,7072.12,7040.93,9,"3216.00,14844.72,627.00,16331.86,341.00",0
14,T14-10,2921.0,5,7013.12,7074.15,10,"14844.72,627.00,16331.86,341.00,2921.00",0
14,T14-11,2675.0,0,4579.17,5967.96,11,"627.00,16331.86,341.00,2921.00,2675.00",0
14,T14-12,4019.38,10,5257.65,5665.24,12,"16331.86,341.00,2921.00,2675.00,4019.38",0
14,T14-13,663.0,22,2123.88,1403.2,13,"341.00,2921.00,2675.00,4019.38,663.00",0
14,T14-14,1164.0,15,2288.48,1220.83,14,"2921.00,2675.00,4019.38,663.00,1164.00",0
14,T14-15,11208.96,8,3946.07,3818.09,15,"2675.00,4019.38,663.00,1164.00,11208.96",1
14,T14-16,2105.0,0,3832.07,3862.59,16,"4019.38,663.00,1164.00,11208.96,2105.00",0
14,T14-17,1080.0,23,3244.19,4010.21,17,"663.00,1164.00,11208.96,2105.00,1080.00",0
14,T14-18,1359.0,22,3383.39,3929.46,18,"1164.00,11208.96,2105.00,1080.00,1359.00",0
14,T14-19,3145.0,13,3779.59,3782.84,19,"11208.96,2105.00,1080.00,1359.00,3145.00",0
14,T14-20,1256.0,10,1789.0,762.92,20,"2105.00,1080.00,1359.00,3145.00,1256.00",0
14,T14-21,4007.33,10,2169.47,1183.86,21,"1080.00,1359.00,3145.00,1256.00,4007.33",0
14,T14-22,9792.93,15,3912.05,3122.65,22,"1359.00,3145.00,1256.00,4007.33,9792.93",1
14,T14-23,694.0,18,3779.05,3240.5,23,"3145.00,1256.00,4007.33,9792.93,694.00",0
14,T14-24,726.0,3,3295.25,3471.4,24,"1256.00,4007.33,9792.93,694.00,726.00",0
14,T14-25,1091.0,16,3262.25,3491.35,25,"4007.33,9792.93,694.00,726.00,1091.00",0
14,T14-26,1978.0,16,2856.39,3499.09,26,"9792.93,694.00,726.00,1091.00,1978.00",0
14,T14-27,1180.0,15,1133.8,463.98,27,"694.00,726.00,1091.00,1978.00,1180.00",0
15,T15-1,2446.0,12,2446.0,0.0,1,2446.00,1
15,T15-2,1490.0,23,1968.0,478.0,2,"2446.00,1490.00",0
15,T15-3,2194.0,4,2043.33,404.57,3,"2446.00,1490.00,2194.00",0
15,T15-4,3285.0,7,2353.75,641.74,4,"2446.00,1490.00,2194.00,3285.00",0
15,T15-5,1229.0,10,2128.8,729.3,5,"2446.00,1490.00,2194.00,3285.00,1229.00",0
15,T15-6,2267.0,9,2093.0,717.14,6,"1490.00,2194.00,3285.00,1229.00,2267.00",0
15,T15-7,3207.0,0,2436.4,756.2,7,"2194.00,3285.00,1229.00,2267.00,3207.00",0
15,T15-8,2645.0,15,2526.6,748.77,8,"3285.00,1229.00,2267.00,3207.00,2645.00",0
15,T15-9,1679.0,7,2205.4,697.24,9,"1229.00,2267.00,3207.00,2645.00,1679.00",0
15,T15-10,1013.0,15,2162.2,760.24,10,"2267.00,3207.00,2645.00,1679.00,1013.00",0
15,T15-11,2883.0,0,2285.4,815.17,11,"3207.00,2645.00,1679.00,1013.00,2883.00",1
15,T15-12,1276.0,16,1899.2,741.12,12,"2645.00,1679.00,1013.00,2883.00,1276.00",0
15,T15-13,11361.19,6,3642.44,3912.16,13,"1679.00,1013.00,2883.00,1276.00,11361.19",1
15,T15-14,3447.76,6,3996.19,3796.9,14,"1013.00,2883.00,1276.00,11361.19,3447.76",0
15,T15-15,9027.13,11,5599.02,3889.67,15,"2883.00,1276.00,11361.19,3447.76,9027.13",0
15,T15-16,3114.0,13,5645.22,3858.38,16,"1276.00,11361.19,3447.76,9027.13,3114.00",0
15,T15-17,740.0,7,5538.02,3983.7,17,"11361.19,3447.76,9027.13,3114.00,740.00",0
15,T15-18,2448.0,0,3755.38,2796.39,18,"3447.76,9027.13,3114.00,740.00,2448.00",0
15,T15-19,11594.07,7,5384.64,4175.57,19,"9027.13,3114.00,740.00,2448.00,11594.07",1
16,T16-1,1144.0,11,1144.0,0.0,1,1144.00,0
16,T16-2,853.0,1,998.5,145.5,2,"1144.00,853.00",0
16,T16-3,2706.0,8,1567.67,813.64,3,"1144.00,853.00,2706.00",0
16,T16-4,2431.0,19,1783.5,797.66,4,"1144.00,853.00,2706.00,2431.00",0
16,T16-5,3287.0,9,2084.2,933.11,5,"1144.00,853.00,2706.00,2431.00,3287.00",0
16,T16-6,2543.0,19,2364.0,810.99,6,"853.00,2706.00,2431.00,3287.00,2543.00",0
16,T16-7,1045.0,3,2402.4,739.97,7,"2706.00,2431.00,3287.00,2543.00,1045.00",0
16,T16-8,16067.07,12,5074.61,5543.74,8,"2431.00,3287.00,2543.00,1045.00,16067.07",1
16,T16-9,17134.92,18,8015.4,7055.3,9,"3287.00,2543.00,1045.00,16067.07,17134.92",1
16,T16-10,9026.39,4,9163.28,6647.75,10,"2543.00,1045.00,16067.07,17134.92,9026.39",0
16,T16-11,6971.21,19,10048.92,5966.88,11,"1045.00,16067.07,17134.92,9026.39,6971.21",0
16,T16-12,1246.0,18,10089.12,5906.45,12,"16067.07,17134.92,9026.39,6971.21,1246.00",0
16,T16-13,3614.58,8,7598.62,5469.95,13,"17134.92,9026.39,6971.21,1246.00,3614.58",0
16,T16-14,7686.35,2,5708.9,2857.03,14,"9026.39,6971.21,1246.00,3614.58,7686.35",0
16,T16-15,14257.33,23,6755.09,4413.85,15,"6971.21,1246.00,3614.58,7686.35,14257.33",1
16,T16-16,3224.0,9,6005.65,4626.53,16,"1246.00,3614.58,7686.35,14257.33,3224.00",0
16,T16-17,1672.0,4,6090.85,4541.23,17,"3614.58,7686.35,14257.33,3224.00,1672.00",0
17,T17-1,2611.0,17,2611.0,0.0,1,2611.00,0
17,T17-2,1995.0,8,2303.0,308.0,2,"2611.00,1995.00",0
17,T17-3,2530.0,12,2378.67,273.3,3,"2611.00,1995.00,2530.00",1
17,T17-4,315.0,8,1862.75,924.41,4,"2611.00,1995.00,2530.00,315.00",0
17,T17-5,1778.0,6,1845.8,827.51,5,"2611.00,1995.00,2530.00,315.00,1778.00",0
17,T17-6,2688.0,3,1861.2,842.19,6,"1995.00,2530.00,315.00,1778.00,2688.00",0
17,T17-7,1440.0,10,1750.2,853.74,7,"2530.00,315.00,1778.00,2688.00,1440.00",0
17,T17-8,5117.09,14,2267.62,1614.53,8,"315.00,1778.00,2688.00,1440.00,5117.09",0
17,T17-9,3146.0,2,2833.82,1295.34,9,"1778.00,2688.00,1440.00,5117.09,3146.00",0
17,T17-10,1724.0,8,2823.02,1304.29,10,"2688.00,1440.00,5117.09,3146.00,1724.00",0
17,T17-11,870.0,0,2459.42,1525.84,11,"1440.00,5117.09,3146.00,1724.00,870.00",0
17,T17-12,2637.34,1,2698.89,1438.52,12,"5117.09,3146.00,1724.00,870.00,2637.34",0
17,T17-13,601.0,5,1795.67,981.94,13,"3146.00,1724.00,870.00,2637.34,601.00",0
17,T17-14,335.0,10,1233.47,842.71,14,"1724.00,870.00,2637.34,601.00,335.00",0
17,T17-15,838.0,18,1056.27,813.59,15,"870.00,2637.34,601.00,335.00,838.00",0
17,T17-16,2808.36,23,1443.94,1057.67,16,"2637.34,601.00,335.00,838.00,2808.36",0
18,T18-1,496.0,19,496.0,0.0,1,496.00,0
18,T18-2,629.0,23,562.5,66.5,2,"496.00,629.00",0
18,T18-3,853.0,9,659.33,147.31,3,"496.00,629.00,853.00",0
18,T18-4,1719.0,22,924.25,476.25,4,"496.00,629.00,853.00,1719.00",0
18,T18-5,24680.2,19,5675.44,9511.92,5,"496.00,629.00,853.00,1719.00,24680.20",0
18,T18-6,1928.0,11,5961.84,9372.19,6,"629.00,853.00,1719.00,24680.20,1928.00",0
18,T18-7,2847.0,9,6405.44,9159.36,7,"853.00,1719.00,24680.20,1928.00,2847.00",0
18,T18-8,6129.26,4,7460.69,8753.83,8,"1719.00,24680.20,1928.00,2847.00,6129.26",0
18,T18-9,2383.0,9,7593.49,8670.36,9,"24680.20,1928.00,2847.00,6129.26,2383.00",0
18,T18-10,2836.0,22,3224.65,1491.31,10,"1928.00,2847.00,6129.26,2383.00,2836.00",0
18,T18-11,3397.0,13,3518.45,1344.39,11,"2847.00,6129.26,2383.00,2836.00,3397.00",0
18,T18-12,1388.0,7,3226.65,1593.68,12,"6129.26,2383.00,2836.00,3397.00,1388.00",0
18,T18-13,1174.0,3,2235.6,845.75,13,"2383.00,2836.00,3397.00,1388.00,1174.00",0
18,T18-14,2764.0,13,2311.8,872.34,14,"2836.00,3397.00,1388.00,1174.00,2764.00",0
18,T18-15,3401.0,22,2424.8,964.64,15,"3397.00,1388.00,1174.00,2764.00,3401.00",0
18,T18-16,2349.0,22,2215.2,835.89,16,"1388.00,1174.00,2764.00,3401.00,2349.00",0
18,T18-17,20171.14,0,5971.83,7136.72,17,"1174.00,2764.00,3401.00,2349.00,20171.14",1
18,T18-18,428.0,0,5822.63,7242.48,18,"2764.00,3401.00,2349.00,20171.14,428.00",0
18,T18-19,5411.52,11,6352.13,7094.78,19,"3401.00,2349.00,20171.14,428.00,5411.52",0
18,T18-20,3461.0,8,6364.13,7089.82,20,"2349.00,20171.14,428.00,5411.52,3461.00",0
18,T18-21,1606.0,18,6215.53,7179.64,21,"20171.14,428.00,5411.52,3461.00,1606.00",0
18,T18-22,406.0,23,2262.5,1928.51,22,"428.00,5411.52,3461.00,1606.00,406.00",0
18,T18-23,3373.0,21,2851.5,1716.33,23,"5411.52,3461.00,1606.00,406.00,3373.00",0
18,T18-24,1842.0,11,2137.6,1152.91,24,"3461.00,1606.00,406.00,3373.00,1842.00",0
19,T19-1,1573.0,3,1573.0,0.0,1,1573.00,0
19,T19-2,1549.0,21,1561.0,12.0,2,"1573.00,1549.00",0
19,T19-3,2812.0,1,1978.0,589.81,3,"1573.00,1549.00,2812.00",0
19,T19-4,1102.0,17,1759.0,636.23,4,"1573.00,1549.00,2812.00,1102.00",0
19,T19-5,15157.13,10,4438.63,5389.38,5,"1573.00,1549.00,2812.00,1102.00,15157.13",0
19,T19-6,14298.37,18,6983.7,6353.63,6,"1549.00,2812.00,1102.00,15157.13,14298.37",0
19,T19-7,10155.35,10,8704.97,5788.82,7,"2812.00,1102.00,15157.13,14298.37,10155.35",0
19,T19-8,2384.61,4,8619.49,5877.68,8,"1102.00,15157.13,14298.37,10155.35,2384.61",0
19,T19-9,1506.0,13,8700.29,5775.68,9,"15157.13,14298.37,10155.35,2384.61,1506.00",0
19,T19-10,2333.0,3,6135.47,5152.71,10,"14298.37,10155.35,2384.61,1506.00,2333.00",0
19,T19-11,7982.12,15,4872.22,3508.57,11,"10155.35,2384.61,1506.00,2333.00,7982.12",0
19,T19-12,285.0,9,2898.15,2653.17,12,"2384.61,1506.00,2333.00,7982.12,285.00",0
19,T19-13,301.0,6,2481.42,2856.91,13,"1506.00,2333.00,7982.12,285.00,301.00",0
19,T19-14,350.0,1,2250.22,2970.99,14,"2333.00,7982.12,285.00,301.00,350.00",0
19,T19-15,3217.0,23,2427.02,2996.85,15,"7982.12,285.00,301.00,350.00,3217.00",0
19,T19-16,361.0,12,902.8,1157.45,16,"285.00,301.00,350.00,3217.00,361.00",0
19,T19-17,1108.0,3,1067.4,1115.66,17,"301.00,350.00,3217.00,361.00,1108.00",0
19,T19-18,2521.0,8,1511.4,1163.04,18,"350.00,3217.00,361.00,1108.00,2521.00",0
19,T19-19,21762.36,9,5793.87,8047.58,19,"3217.00,361.00,1108.00,2521.00,21762.36",1
19,T19-20,1970.0,18,5544.47,8142.34,20,"361.00,1108.00,2521.00,21762.36,1970.00",0
19,T19-21,1767.0,4,5825.67,7981.16,21,"1108.00,2521.00,21762.36,1970.00,1767.00",0
19,T19-22,3308.6,4,6265.79,7766.66,22,"2521.00,21762.36,1970.00,1767.00,3308.60",0
19,T19-23,12799.16,6,8321.42,7863.06,23,"21762.36,1970.00,1767.00,3308.60,12799.16",0
19,T19-24,16729.52,20,7314.86,6230.72,24,"1970.00,1767.00,3308.60,12799.16,16729.52",1
19,T19-25,13289.51,3,9578.76,5926.42,25,"1767.00,3308.60,12799.16,16729.52,13289.51",0
19,T19-26,803.0,15,9385.96,6187.36,26,"3308.60,12799.16,16729.52,13289.51,803.00",0
20,T20-1,2817.0,4,2817.0,0.0,1,2817.00,0
20,T20-2,3041.0,14,2929.0,112.0,2,"2817.00,3041.00",0
20,T20-3,2243.0,22,2700.33,336.06,3,"2817.00,3041.00,2243.00",0
20,T20-4,525.0,2,2156.5,985.88,4,"2817.00,3041.00,2243.00,525.00",0
20,T20-5,1513.0,10,2027.8,918.6,5,"2817.00,3041.00,2243.00,525.00,1513.00",0
20,T20-6,1240.0,18,1712.4,862.5,6,"3041.00,2243.00,525.00,1513.00,1240.00",0
20,T20-7,2215.0,7,1547.2,643.51,7,"2243.00,525.00,1513.00,1240.00,2215.00",0
20,T20-8,2856.0,5,1669.8,803.02,8,"525.00,1513.00,1240.00,2215.00,2856.00",0
20,T20-9,12950.61,4,4154.92,4433.76,9,"1513.00,1240.00,2215.00,2856.00,12950.61",1
20,T20-10,255.0,12,3903.32,4608.78,10,"1240.00,2215.00,2856.00,12950.61,255.00",0
20,T20-11,14630.95,11,6581.51,5972.09,11,"2215.00,2856.00,12950.61,255.00,14630.95",1
20,T20-12,10822.52,5,8303.02,5699.67,12,"2856.00,12950.61,255.00,14630.95,10822.52",0
20,T20-13,17879.26,21,11307.67,5988.76,13,"12950.61,255.00,14630.95,10822.52,17879.26",1
20,T20-14,2560.0,15,9229.55,6805.23,14,"255.00,14630.95,10822.52,17879.26,2560.00",0
20,T20-15,796.0,20,9337.75,6664.52,15,"14630.95,10822.52,17879.26,2560.00,796.00",0
20,T20-16,2756.0,16,6962.76,6468.04,16,"10822.52,17879.26,2560.00,796.00,2756.00",0
20,T20-17,2257.0,19,5249.65,6352.17,17,"17879.26,2560.00,796.00,2756.00,2257.00",0
20,T20-18,1933.0,5,2060.4,690.95,18,"2560.00,796.00,2756.00,2257.00,1933.00",0
20,T20-19,1402.0,15,1828.8,678.64,19,"796.00,2756.00,2257.00,1933.00,1402.00",0
20,T20-20,2036.0,2,2076.8,440.79,20,"2756.00,2257.00,1933.00,1402.00,2036.00",0
20,T20-21,1473.0,6,1820.2,330.31,21,"2257.00,1933.00,1402.00,2036.00,1473.00",0
20,T20-22,2829.35,16,1934.67,511.39,22,"1933.00,1402.00,2036.00,1473.00,2829.35",0
21,T21-1,1065.0,9,1065.0,0.0,1,1065.00,0
21,T21-2,576.0,19,820.5,244.5,2,"1065.00,576.00",0
21,T21-3,2511.0,10,1384.0,821.53,3,"1065.00,576.00,2511.00",0
21,T21-4,1761.0,13,1478.25,729.96,4,"1065.00,576.00,2511.00,1761.00",0
21,T21-5,2655.0,10,1713.6,804.88,5,"1065.00,576.00,2511.00,1761.00,2655.00",0
21,T21-6,2898.0,4,2080.2,842.53,6,"576.00,2511.00,1761.00,2655.00,2898.00",0
21,T21-7,740.0,21,2113.0,784.53,7,"2511.00,1761.00,2655.00,2898.00,740.00",0
21,T21-8,2668.0,0,2144.4,802.76,8,"1761.00,2655.00,2898.00,740.00,2668.00",0
21,T21-9,1620.0,12,2116.2,818.06,9,"2655.00,2898.00,740.00,2668.00,1620.00",0
21,T21-10,2706.0,0,2126.4,825.01,10,"2898.00,740.00,2668.00,1620.00,2706.00",0
21,T21-11,3055.0,19,2157.8,856.18,11,"740.00,2668.00,1620.00,2706.00,3055.00",0
21,T21-12,3193.0,17,2648.4,551.95,12,"2668.00,1620.00,2706.00,3055.00,3193.00",0
21,T21-13,202.0,10,2155.2,1121.74,13,"1620.00,2706.00,3055.00,3193.00,202.00",0
21,T21-14,2053.0,17,2241.8,1093.43,14,"2706.00,3055.00,3193.00,202.00,2053.00",0
21,T21-15,904.0,16,1881.4,1174.97,15,"3055.00,3193.00,202.00,2053.00,904.00",0
21,T21-16,3074.0,17,1885.2,1178.78,16,"3193.00,202.00,2053.00,904.00,3074.00",0
21,T21-17,1048.0,23,1456.2,1001.8,17,"202.00,2053.00,904.00,3074.00,1048.00",0
21,T21-18,2015.0,17,1818.8,787.38,18,"2053.00,904.00,3074.00,1048.00,2015.00",0
22,T22-1,2258.0,22,2258.0,0.0,1,2258.00,0
22,T22-2,348.0,20,1303.0,955.0,2,"2258.00,348.00",0
22,T22-3,2397.0,4,1667.67,934.87,3,"2258.00,348.00,2397.00",0
22,T22-4,905.0,19,1477.0,874.38,4,"2258.00,348.00,2397.00,905.00",0
22,T22-5,18983.19,21,4978.24,7046.01,5,"2258.00,348.00,2397.00,905.00,18983.19",0
22,T22-6,1557.0,5,4838.04,7105.47,6,"348.00,2397.00,905.00,18983.19,1557.00",0
22,T22-7,2031.0,6,5174.64,6922.3,7,"2397.00,905.00,18983.19,1557.00,2031.00",0
22,T22-8,2748.0,18,5244.84,6895.5,8,"905.00,18983.19,1557.00,2031.00,2748.00",0
22,T22-9,15508.52,5,8165.54,7504.61,9,"18983.19,1557.00,2031.00,2748.00,15508.52",1
22,T22-10,849.0,4,4538.7,5519.72,10,"1557.00,2031.00,2748.00,15508.52,849.00",0
22,T22-11,620.0,9,4351.3,5632.52,11,"2031.00,2748.00,15508.52,849.00,620.00",0
22,T22-12,728.0,4,4090.7,5762.49,12,"2748.00,15508.52,849.00,620.00,728.00",0
23,T23-1,2301.0,3,2301.0,0.0,1,2301.00,0
23,T23-2,3443.0,15,2872.0,571.0,2,"2301.00,3443.00",0
23,T23-3,1501.0,1,2415.0,796.91,3,"2301.00,3443.00,1501.00",0
23,T23-4,973.0,2,2054.5,930.69,4,"2301.00,3443.00,1501.00,973.00",0
23,T23-5,12339.33,4,4111.47,4197.31,5,"2301.00,3443.00,1501.00,973.00,12339.33",0
23,T23-6,771.0,4,3805.47,4370.35,6,"3443.00,1501.00,973.00,12339.33,771.00",0
23,T23-7,2816.0,14,3680.07,4387.91,7,"1501.00,973.00,12339.33,771.00,2816.00",0
23,T23-8,1068.0,12,3593.47,4434.09,8,"973.00,12339.33,771.00,2816.00,1068.00",0
23,T23-9,1496.0,6,3698.07,4376.84,9,"12339.33,771.00,2816.00,1068.00,1496.00",0
23,T23-10,1504.68,9,1531.14,699.3,10,"771.00,2816.00,1068.00,1496.00,1504.68",0
23,T23-11,3223.0,12,2021.54,839.91,11,"2816.00,1068.00,1496.00,1504.68,3223.00",0
23,T23-12,319.0,12,1522.14,953.7,12,"1068.00,1496.00,1504.68,3223.00,319.00",0
23,T23-13,17477.16,2,4803.97,6403.94,13,"1496.00,1504.68,3223.00,319.00,17477.16",1
23,T23-14,2590.0,23,5022.77,6305.1,14,"1504.68,3223.00,319.00,17477.16,2590.00",0
23,T23-15,2644.0,10,5250.63,6193.44,15,"3223.00,319.00,17477.16,2590.00,2644.00",0
23,T23-16,544.0,12,4714.83,6455.99,16,"319.00,17477.16,2590.00,2644.00,544.00",0
23,T23-17,2101.0,19,5071.23,6249.37,17,"17477.16,2590.00,2644.00,544.00,2101.00",0
23,T23-18,976.0,19,1771.0,857.83,18,"2590.00,2644.00,544.00,2101.00,976.00",0
23,T23-19,781.0,19,1409.2,816.6,19,"2644.00,544.00,2101.00,976.00,781.00",0
23,T23-20,3224.0,15,1525.2,1003.56,20,"544.00,2101.00,976.00,781.00,3224.00",0
24,T24-1,387.0,23,387.0,0.0,1,387.00,0
24,T24-2,2151.0,9,1269.0,882.0,2,"387.00,2151.00",0
24,T24-3,476.0,6,1004.67,811.39,3,"387.00,2151.00,476.00",0
24,T24-4,2162.0,9,1294.0,863.08,4,"387.00,2151.00,476.00,2162.00",0
24,T24-5,1758.0,21,1386.8,793.96,5,"387.00,2151.00,476.00,2162.00,1758.00",0
24,T24-6,845.0,8,1478.4,693.38,6,"2151.00,476.00,2162.00,1758.00,845.00",0
24,T24-7,10239.83,19,3096.17,3622.93,7,"476.00,2162.00,1758.00,845.00,10239.83",1
24,T24-8,6885.34,13,4378.03,3602.91,8,"2162.00,1758.00,845.00,10239.83,6885.34",0
24,T24-9,2663.0,0,4478.23,3546.41,9,"1758.00,845.00,10239.83,6885.34,2663.00",0
24,T24-10,1355.0,17,4397.63,3611.31,10,"845.00,10239.83,6885.34,2663.00,1355.00",0
24,T24-11,13023.03,21,6833.24,4411.87,11,"10239.83,6885.34,2663.00,1355.00,13023.03",1
24,T24-12,31443.88,5,11074.05,10967.95,12,"6885.34,2663.00,1355.00,13023.03,31443.88",1
24,T24-13,1632.0,17,10023.38,11554.8,13,"2663.00,1355.00,13023.03,31443.88,1632.00",0
24,T24-14,494.0,11,9589.58,11859.68,14,"1355.00,13023.03,31443.88,1632.00,494.00",0
24,T24-15,207.0,21,9359.98,12026.81,15,"13023.03,31443.88,1632.00,494.00,207.00",0
24,T24-16,580.0,3,6871.38,12295.73,16,"31443.88,1632.00,494.00,207.00,580.00",0
24,T24-17,8957.04,7,2374.01,3326.73,17,"1632.00,494.00,207.00,580.00,8957.04",1
24,T24-18,22205.85,2,6488.78,8525.61,18,"494.00,207.00,580.00,8957.04,22205.85",1
24,T24-19,1918.0,19,6773.58,8342.42,19,"207.00,580.00,8957.04,22205.85,1918.00",0
25,T25-1,3105.0,10,3105.0,0.0,1,3105.00,0
25,T25-2,1899.0,9,2502.0,603.0,2,"3105.00,1899.00",0
25,T25-3,1648.0,4,2217.33,635.98,3,"3105.00,1899.00,1648.00",0
25,T25-4,1716.0,10,2092.0,592.02,4,"3105.00,1899.00,1648.00,1716.00",0
25,T25-5,2818.0,18,2237.2,603.92,5,"3105.00,1899.00,1648.00,1716.00,2818.00",0
25,T25-6,975.0,22,1811.2,592.67,6,"1899.00,1648.00,1716.00,2818.00,975.00",0
25,T25-7,22975.02,4,6026.4,8494.89,7,"1648.00,1716.00,2818.00,975.00,22975.02",1
25,T25-8,7001.42,23,7097.09,8208.1,8,"1716.00,2818.00,975.00,22975.02,7001.42",0
25,T25-9,2055.0,10,7164.89,8164.66,9,"2818.00,975.00,22975.02,7001.42,2055.00",0
25,T25-10,2194.0,14,7040.09,8234.62,10,"975.00,22975.02,7001.42,2055.00,2194.00",0
25,T25-11,15716.93,23,9988.47,8174.13,11,"22975.02,7001.42,2055.00,2194.00,15716.93",0
25,T25-12,894.0,20,5572.27,5488.66,12,"7001.42,2055.00,2194.00,15716.93,894.00",0
25,T25-13,2929.0,12,4757.79,5518.23,13,"2055.00,2194.00,15716.93,894.00,2929.00",0
25,T25-14,1822.0,23,4711.19,5541.79,14,"2194.00,15716.93,894.00,2929.00,1822.00",0
25,T25-15,1921.0,9,4656.59,5567.61,15,"15716.93,894.00,2929.00,1822.00,1921.00",0
25,T25-16,1877.0,13,1888.6,644.56,16,"894.00,2929.00,1822.00,1921.00,1877.00",0
25,T25-17,1718.0,10,2053.4,443.03,17,"2929.00,1822.00,1921.00,1877.00,1718.00",0
25,T25-18,1579.79,12,1783.56,122.41,18,"1822.00,1921.00,1877.00,1718.00,1579.79",0
26,T26-1,2526.0,0,2526.0,0.0,1,2526.00,0
26,T26-2,3418.0,3,2972.0,446.0,2,"2526.00,3418.00",0
26,T26-3,3388.0,4,3110.67,413.6,3,"2526.00,3418.00,3388.00",0
26,T26-4,804.0,7,2534.0,1061.1,4,"2526.00,3418.00,3388.00,804.00",0
26,T26-5,1182.0,9,2263.6,1092.34,5,"2526.00,3418.00,3388.00,804.00,1182.00",0
26,T26-6,987.0,21,1955.8,1187.7,6,"3418.00,3388.00,804.00,1182.00,987.00",0
26,T26-7,1798.0,20,1631.8,939.7,7,"3388.00,804.00,1182.00,987.00,1798.00",0
26,T26-8,1321.0,6,1218.4,338.54,8,"804.00,1182.00,987.00,1798.00,1321.00",0
26,T26-9,179.0,23,1093.4,529.82,9,"1182.00,987.00,1798.00,1321.00,179.00",0
26,T26-10,7436.99,22,2344.4,2600.46,10,"987.00,1798.00,1321.00,179.00,7436.99",1
26,T26-11,903.0,7,2327.6,2609.43,11,"1798.00,1321.00,179.00,7436.99,903.00",0
26,T26-12,3229.0,21,2613.8,2614.12,12,"1321.00,179.00,7436.99,903.00,3229.00",0
26,T26-13,2283.0,13,2806.2,2546.41,13,"179.00,7436.99,903.00,3229.00,2283.00",0
26,T26-14,1532.0,9,3076.8,2314.15,14,"7436.99,903.00,3229.00,2283.00,1532.00",0
26,T26-15,13233.29,3,4236.06,4565.09,15,"903.00,3229.00,2283.00,1532.00,13233.29",1
26,T26-16,338.0,5,4123.06,4652.35,16,"3229.00,2283.00,1532.00,13233.29,338.00",0
26,T26-17,19608.78,7,7399.01,7662.51,17,"2283.00,1532.00,13233.29,338.00,19608.78",1
26,T26-18,131524.5,1,33247.31,49666.61,18,"1532.00,13233.29,338.00,19608.78,131524.50",1
26,T26-19,493.0,3,33039.51,49800.86,19,"13233.29,338.00,19608.78,131524.50,493.00",0
26,T26-20,1431.0,1,30679.05,50950.13,20,"338.00,19608.78,131524.50,493.00,1431.00",0
26,T26-21,1986.0,4,31008.65,50757.76,21,"19608.78,131524.50,493.00,1431.00,1986.00",0
26,T26-22,3156.0,4,27718.1,51910.35,22,"131524.50,493.00,1431.00,1986.00,3156.00",0
26,T26-23,3364.0,22,2086.0,1072.83,23,"493.00,1431.00,1986.00,3156.00,3364.00",0
27,T27-1,1354.0,17,1354.0,0.0,1,1354.00,0
27,T27-2,303.0,11,828.5,525.5,2,"1354.00,303.00",0
27,T27-3,2533.0,7,1396.67,910.89,3,"1354.00,303.00,2533.00",1
27,T27-4,1621.0,5,1452.75,794.82,4,"1354.00,303.00,2533.00,1621.00",0
27,T27-5,2194.0,5,1601.0,770.26,5,"1354.00,303.00,2533.00,1621.00,2194.00",0
27,T27-6,11783.44,14,3686.89,4119.05,6,"303.00,2533.00,1621.00,2194.00,11783.44",1
27,T27-7,9796.23,3,5585.53,4305.39,7,"2533.00,1621.00,2194.00,11783.44,9796.23",0
27,T27-8,10362.61,14,7151.46,4334.14,8,"1621.00,2194.00,11783.44,9796.23,10362.61",0
27,T27-9,23989.67,12,11625.19,7025.55,9,"2194.00,11783.44,9796.23,10362.61,23989.67",1
27,T27-10,190.0,5,11224.39,7586.89,10,"11783.44,9796.23,10362.61,23989.67,190.00",0
27,T27-11,34513.7,1,15770.44,12054.47,11,"9796.23,10362.61,23989.67,190.00,34513.70",1
27,T27-12,2206.0,12,14252.4,13140.26,12,"10362.61,23989.67,190.00,34513.70,2206.00",0
27,T27-13,6021.17,12,13384.11,13506.92,13,"23989.67,190.00,34513.70,2206.00,6021.17",0
27,T27-14,1732.0,3,8932.57,12933.66,14,"190.00,34513.70,2206.00,6021.17,1732.00",0
27,T27-15,2605.0,17,9415.57,12639.91,15,"34513.70,2206.00,6021.17,1732.00,2605.00",0
27,T27-16,1704.0,22,2853.63,1618.29,16,"2206.00,6021.17,1732.00,2605.00,1704.00",0
27,T27-17,3029.0,14,3018.23,1585.57,17,"6021.17,1732.00,2605.00,1704.00,3029.00",0
27,T27-18,2222.0,15,2258.4,509.85,18,"1732.00,2605.00,1704.00,3029.00,2222.00",0
27,T27-19,8056.24,20,3523.25,2308.18,19,"2605.00,1704.00,3029.00,2222.00,8056.24",1
27,T27-20,5991.56,12,4200.56,2432.86,20,"1704.00,3029.00,2222.00,8056.24,5991.56",0
27,T27-21,1272.0,0,4114.16,2525.88,21,"3029.00,2222.00,8056.24,5991.56,1272.00",0
27,T27-22,1645.0,8,3837.36,2699.5,22,"2222.00,8056.24,5991.56,1272.00,1645.00",0
27,T27-23,3115.0,4,4015.96,2614.93,23,"8056.24,5991.56,1272.00,1645.00,3115.00",0
27,T27-24,8633.49,5,4131.41,2797.16,24,"5991.56,1272.00,1645.00,3115.00,8633.49",1
28,T28-1,2461.0,9,2461.0,0.0,1,2461.00,0
28,T28-2,1050.0,6,1755.5,705.5,2,"2461.00,1050.00",0
28,T28-3,2446.0,14,1985.67,661.64,3,"2461.00,1050.00,2446.00",0
28,T28-4,1251.0,15,1802.0,655.39,4,"2461.00,1050.00,2446.00,1251.00",0
28,T28-5,1534.0,0,1748.4,595.92,5,"2461.00,1050.00,2446.00,1251.00,1534.00",0
28,T28-6,1234.0,9,1503.0,496.24,6,"1050.00,2446.00,1251.00,1534.00,1234.00",0
28,T28-7,21315.83,12,5556.17,7892.19,7,"2446.00,1251.00,1534.00,1234.00,21315.83",1
28,T28-8,2684.0,8,5603.77,7873.99,8,"1251.00,1534.00,1234.00,21315.83,2684.00",0
28,T28-9,15916.44,22,8536.85,8418.88,9,"1534.00,1234.00,21315.83,2684.00,15916.44",1
28,T28-10,2728.0,18,8775.65,8231.72,10,"1234.00,21315.83,2684.00,15916.44,2728.00",0
28,T28-11,2619.0,1,9052.65,7993.12,11,"21315.83,2684.00,15916.44,2728.00,2619.00",0
28,T28-12,18455.78,8,8480.64,7153.28,12,"2684.00,15916.44,2728.00,2619.00,18455.78",1
28,T28-13,494.0,20,8042.64,7550.81,13,"15916.44,2728.00,2619.00,18455.78,494.00",0
28,T28-14,2374.12,11,5334.18,6611.05,14,"2728.00,2619.00,18455.78,494.00,2374.12",0
28,T28-15,12122.67,12,7213.11,6930.65,15,"2619.00,18455.78,494.00,2374.12,12122.67",0
28,T28-16,3456.0,23,7380.51,6827.0,16,"18455.78,494.00,2374.12,12122.67,3456.00",0
28,T28-17,697.0,10,3828.76,4288.88,17,"494.00,2374.12,12122.67,3456.00,697.00",0
28,T28-18,1252.0,12,3980.36,4180.35,18,"2374.12,12122.67,3456.00,697.00,1252.00",0
28,T28-19,819.0,0,3669.33,4342.97,19,"12122.67,3456.00,697.00,1252.00,819.00",0
29,T29-1,757.0,8,757.0,0.0,1,757.00,0
29,T29-2,1032.0,9,894.5,137.5,2,"757.00,1032.00",0
29,T29-3,1318.0,11,1035.67,229.04,3,"757.00,1032.00,1318.00",0
29,T29-4,1712.0,2,1204.75,353.71,4,"757.00,1032.00,1318.00,1712.00",0
29,T29-5,3006.0,1,1565.0,786.9,5,"757.00,1032.00,1318.00,1712.00,3006.00",0
29,T29-6,3165.0,13,2046.6,876.75,6,"1032.00,1318.00,1712.00,3006.00,3165.00",0
29,T29-7,5834.82,7,3007.16,1584.38,7,"1318.00,1712.00,3006.00,3165.00,5834.82",0
29,T29-8,2853.0,9,3314.16,1360.19,8,"1712.00,3006.00,3165.00,5834.82,2853.00",0
29,T29-9,2540.0,2,3479.76,1195.48,9,"3006.00,3165.00,5834.82,2853.00,2540.00",0
29,T29-10,1889.0,8,3256.36,1356.64,10,"3165.00,5834.82,2853.00,2540.00,1889.00",0
29,T29-11,197.0,22,2662.76,1832.59,11,"5834.82,2853.00,2540.00,1889.00,197.00",0
29,T29-12,512.0,8,1598.2,1066.7,12,"2853.00,2540.00,1889.00,197.00,512.00",0
29,T29-13,4417.82,8,1911.16,1521.53,13,"2540.00,1889.00,197.00,512.00,4417.82",0
29,T29-14,2435.13,14,1890.19,1513.42,14,"1889.00,197.00,512.00,4417.82,2435.13",0
29,T29-15,3469.0,22,2206.19,1639.85,15,"197.00,512.00,4417.82,2435.13,3469.00",0
29,T29-16,1203.0,11,2407.39,1429.17,16,"512.00,4417.82,2435.13,3469.00,1203.00",0
29,T29-17,3149.0,18,2934.79,1075.12,17,"4417.82,2435.13,3469.00,1203.00,3149.00",0
29,T29-18,1183.0,10,2287.83,954.57,18,"2435.13,3469.00,1203.00,3149.00,1183.00",0
29,T29-19,147674.72,17,31335.74,58177.27,19,"3469.00,1203.00,3149.00,1183.00,147674.72",1
30,T30-1,2839.0,14,2839.0,0.0,1,2839.00,0
30,T30-2,1315.0,2,2077.0,762.0,2,"2839.00,1315.00",0
30,T30-3,3429.0,9,2527.67,890.67,3,"2839.00,1315.00,3429.00",0
30,T30-4,2358.0,10,2485.25,774.84,4,"2839.00,1315.00,3429.00,2358.00",0
30,T30-5,3403.0,9,2668.8,784.26,5,"2839.00,1315.00,3429.00,2358.00,3403.00",0
30,T30-6,770.0,6,2255.0,1076.63,6,"1315.00,3429.00,2358.00,3403.00,770.00",0
30,T30-7,2685.0,7,2529.0,971.75,7,"3429.00,2358.00,3403.00,770.00,2685.00",0
30,T30-8,5491.86,12,2941.57,1538.76,8,"2358.00,3403.00,770.00,2685.00,5491.86",0
30,T30-9,1769.0,19,2823.77,1600.25,9,"3403.00,770.00,2685.00,5491.86,1769.00",0
30,T30-10,1814.0,23,2505.97,1611.4,10,"770.00,2685.00,5491.86,1769.00,1814.00",0
30,T30-11,2020.0,4,2755.97,1406.64,11,"2685.00,5491.86,1769.00,1814.00,2020.00",0
30,T30-12,3659.32,22,2950.84,1450.13,12,"5491.86,1769.00,1814.00,2020.00,3659.32",0
30,T30-13,9086.82,14,3669.83,2797.25,13,"1769.00,1814.00,2020.00,3659.32,9086.82",1
30,T30-14,1137.0,6,3543.43,2892.93,14,"1814.00,2020.00,3659.32,9086.82,1137.00",0
30,T30-15,3833.09,21,3947.24,2761.26,15,"2020.00,3659.32,9086.82,1137.00,3833.09",0
30,T30-16,4350.29,10,4413.3,2587.86,16,"3659.32,9086.82,1137.00,3833.09,4350.29",0
30,T30-17,1203.0,20,3922.04,2898.82,17,"9086.82,1137.00,3833.09,4350.29,1203.00",0
30,T30-18,3159.0,2,2736.47,1333.82,18,"1137.00,3833.09,4350.29,1203.00,3159.00",0
30,T30-19,1242.0,8,2757.47,1309.07,19,"3833.09,4350.29,1203.00,3159.00,1242.00",0
30,T30-20,1996.0,21,2390.06,1209.64,20,"4350.29,1203.00,3159.00,1242.00,1996.00",0
30,T30-21,2130.0,0,1946.0,714.9,21,"1203.00,3159.00,1242.00,1996.00,2130.00",0
30,T30-22,1643.0,2,2034.0,641.32,22,"3159.00,1242.00,1996.00,2130.00,1643.00",0
30,T30-23,1785.0,3,1759.2,308.3,23,"1242.00,1996.00,2130.00,1643.00,1785.00",0
30,T30-24,6882.76,7,2887.35,2004.74,24,"1996.00,2130.00,1643.00,1785.00,6882.76",0
31,T31-1,809.0,7,809.0,0.0,1,809.00,0
31,T31-2,2250.0,5,1529.5,720.5,2,"809.00,2250.00",0
31,T31-3,1307.0,23,1455.33,597.56,3,"809.00,2250.00,1307.00",0
31,T31-4,2735.0,6,1775.25,758.19,4,"809.00,2250.00,1307.00,2735.00",0
31,T31-5,2118.0,2,1843.8,691.87,5,"809.00,2250.00,1307.00,2735.00,2118.00",0
31,T31-6,3197.0,17,2321.4,634.54,6,"2250.00,1307.00,2735.00,2118.00,3197.00",0
31,T31-7,1587.0,0,2188.8,701.36,7,"1307.00,2735.00,2118.00,3197.00,1587.00",0
31,T31-8,460.0,0,2019.4,951.55,8,"2735.00,2118.00,3197.00,1587.00,460.00",0
31,T31-9,1850.0,22,1842.4,881.73,9,"2118.00,3197.00,1587.00,460.00,1850.00",0
31,T31-10,2201.0,1,1859.0,887.52,10,"3197.00,1587.00,460.00,1850.00,2201.00",0
31,T31-11,272.0,18,1274.0,768.85,11,"1587.00,460.00,1850.00,2201.00,272.00",0
31,T31-12,2322.0,16,1421.0,877.26,12,"460.00,1850.00,2201.00,272.00,2322.00",0
31,T31-13,5920.27,1,2513.05,1854.99,13,"1850.00,2201.00,272.00,2322.00,5920.27",0
31,T31-14,819.0,14,2306.85,1970.92,14,"2201.00,272.00,2322.00,5920.27,819.00",0
31,T31-15,2195.0,1,2305.65,1970.98,15,"272.00,2322.00,5920.27,819.00,2195.00",0
32,T32-1,2216.0,1,2216.0,0.0,1,2216.00,1
32,T32-2,3351.0,17,2783.5,567.5,2,"2216.00,3351.00",0
32,T32-3,1198.0,18,2255.0,879.39,3,"2216.00,3351.00,1198.00",0
32,T32-4,954.0,11,1929.75,947.29,4,"2216.00,3351.00,1198.00,954.00",0
32,T32-5,459.0,7,1635.6,1031.5,5,"2216.00,3351.00,1198.00,954.00,459.00",0
32,T32-6,1130.0,14,1418.4,1000.28,6,"3351.00,1198.00,954.00,459.00,1130.00",0
32,T32-7,2919.0,1,1332.0,834.55,7,"1198.00,954.00,459.00,1130.00,2919.00",0
32,T32-8,4117.97,6,1915.99,1379.91,8,"954.00,459.00,1130.00,2919.00,4117.97",0
32,T32-9,12540.77,0,4233.35,4350.42,9,"459.00,1130.00,2919.00,4117.97,12540.77",1
32,T32-10,1131.0,6,4367.75,4240.74,10,"1130.00,2919.00,4117.97,12540.77,1131.00",0
32,T32-11,596.0,13,4260.95,4326.78,11,"2919.00,4117.97,12540.77,1131.00,596.00",0
32,T32-12,5231.32,19,4723.41,4281.98,12,"4117.97,12540.77,1131.00,596.00,5231.32",0
32,T32-13,11848.58,8,6269.53,5101.48,13,"12540.77,1131.00,596.00,5231.32,11848.58",0
32,T32-14,1881.0,17,4137.58,4179.24,14,"1131.00,596.00,5231.32,11848.58,1881.00",0
32,T32-15,3468.0,20,4604.98,3940.73,15,"596.00,5231.32,11848.58,1881.00,3468.00",1
32,T32-16,3125.0,1,5110.78,3535.14,16,"5231.32,11848.58,1881.00,3468.00,3125.00",0
32,T32-17,2722.0,10,4608.92,3658.37,17,"11848.58,1881.00,3468.00,3125.00,2722.00",0
32,T32-18,144324.64,23,31104.13,56612.73,18,"1881.00,3468.00,3125.00,2722.00,144324.64",1
32,T32-19,479.0,21,30823.73,56760.06,19,"3468.00,3125.00,2722.00,144324.64,479.00",0
32,T32-20,2922.0,10,30714.53,56813.08,20,"3125.00,2722.00,144324.64,479.00,2922.00",0
32,T32-21,1583.0,7,30406.13,56965.99,21,"2722.00,144324.64,479.00,2922.00,1583.00",0
32,T32-22,286.0,3,29918.93,57210.57,22,"144324.64,479.00,2922.00,1583.00,286.00",0
32,T32-23,1664.0,16,1386.8,949.53,23,"479.00,2922.00,1583.00,286.00,1664.00",0
33,T33-1,178.0,7,178.0,0.0,1,178.00,0
33,T33-2,2703.0,6,1440.5,1262.5,2,"178.00,2703.00",0
33,T33-3,300.0,2,1060.33,1162.61,3,"178.00,2703.00,300.00",0
33,T33-4,390.0,8,892.75,1047.85,4,"178.00,2703.00,300.00,390.00",0
33,T33-5,2682.0,7,1250.6,1179.25,5,"178.00,2703.00,300.00,390.00,2682.00",1
33,T33-6,2143.0,9,1643.6,1079.52,6,"2703.00,300.00,390.00,2682.00,2143.00",0
33,T33-7,4023.12,16,1907.62,1415.49,7,"300.00,390.00,2682.00,2143.00,4023.12",0
33,T33-8,2672.0,12,2382.02,1174.1,8,"390.00,2682.00,2143.00,4023.12,2672.00",0
33,T33-9,2012.0,12,2706.42,712.06,9,"2682.00,2143.00,4023.12,2672.00,2012.00",0
33,T33-10,2434.0,22,2656.82,720.62,10,"2143.00,4023.12,2672.00,2012.00,2434.00",0
33,T33-11,5735.2,20,3375.26,1358.53,11,"4023.12,2672.00,2012.00,2434.00,5735.20",0
33,T33-12,9770.38,20,4524.72,2935.97,12,"2672.00,2012.00,2434.00,5735.20,9770.38",1
33,T33-13,474.0,1,4085.12,3319.91,13,"2012.00,2434.00,5735.20,9770.38,474.00",0
33,T33-14,2467.0,21,4176.12,3267.67,14,"2434.00,5735.20,9770.38,474.00,2467.00",0
33,T33-15,2556.0,4,4200.52,3255.0,15,"5735.20,9770.38,474.00,2467.00,2556.00",0
33,T33-16,3355.0,16,3724.48,3168.65,16,"9770.38,474.00,2467.00,2556.00,3355.00",0
33,T33-17,2683.0,16,2307.0,968.21,17,"474.00,2467.00,2556.00,3355.00,2683.00",0
33,T33-18,1957.0,11,2603.6,449.43,18,"2467.00,2556.00,3355.00,2683.00,1957.00",0
33,T33-19,1504.0,14,2411.0,634.81,19,"2556.00,3355.00,2683.00,1957.00,1504.00",0
33,T33-20,2562.0,22,2412.2,635.09,20,"3355.00,2683.00,1957.00,1504.00,2562.00",0
33,T33-21,1950.0,20,2131.2,435.12,21,"2683.00,1957.00,1504.00,2562.00,1950.00",0
34,T34-1,3421.0,20,3421.0,0.0,1,3421.00,0
34,T34-2,1258.0,2,2339.5,1081.5,2,"3421.00,1258.00",0
34,T34-3,760.0,5,1813.0,1155.06,3,"3421.00,1258.00,760.00",0
34,T34-4,3163.0,19,2150.5,1158.6,4,"3421.00,1258.00,760.00,3163.00",0
34,T34-5,3368.0,14,2394.0,1145.01,5,"3421.00,1258.00,760.00,3163.00,3368.00",0
34,T34-6,2954.0,20,2300.6,1074.29,6,"1258.00,760.00,3163.00,3368.00,2954.00",0
34,T34-7,2756.39,8,2600.28,942.57,7,"760.00,3163.00,3368.00,2954.00,2756.39",0
34,T34-8,3227.0,22,3093.68,214.99,8,"3163.00,3368.00,2954.00,2756.39,3227.00",0
34,T34-9,906.0,8,2642.28,893.69,9,"3368.00,2954.00,2756.39,3227.00,906.00",0
34,T34-10,15450.85,19,5058.85,5259.79,10,"2954.00,2756.39,3227.00,906.00,15450.85",1
34,T34-11,5695.7,9,5607.19,5153.62,11,"2756.39,3227.00,906.00,15450.85,5695.70",0
34,T34-12,23313.68,13,9718.65,8410.37,12,"3227.00,906.00,15450.85,5695.70,23313.68",1
34,T34-13,812.0,0,9235.65,8828.27,13,"906.00,15450.85,5695.70,23313.68,812.00",0
34,T34-14,18969.93,6,12848.43,8364.26,14,"15450.85,5695.70,23313.68,812.00,18969.93",0
34,T34-15,3099.0,11,10378.06,9028.5,15,"5695.70,23313.68,812.00,18969.93,3099.00",0
34,T34-16,2502.0,5,9739.32,9440.73,16,"23313.68,812.00,18969.93,3099.00,2502.00",0
34,T34-17,8932.48,13,6863.08,6643.21,17,"812.00,18969.93,3099.00,2502.00,8932.48",0
34,T34-18,2734.0,15,7247.48,6330.18,18,"18969.93,3099.00,2502.00,8932.48,2734.00",0
34,T34-19,315.0,21,3516.5,2877.44,19,"3099.00,2502.00,8932.48,2734.00,315.00",0
34,T34-20,24637.08,15,7824.11,8882.85,20,"2502.00,8932.48,2734.00,315.00,24637.08",1
35,T35-1,2111.0,3,2111.0,0.0,1,2111.00,0
35,T35-2,1413.0,19,1762.0,349.0,2,"2111.00,1413.00",0
35,T35-3,1857.0,0,1793.67,288.45,3,"2111.00,1413.00,1857.00",0
35,T35-4,1613.0,19,1748.5,261.77,4,"2111.00,1413.00,1857.00,1613.00",0
35,T35-5,986.0,1,1596.0,384.51,5,"2111.00,1413.00,1857.00,1613.00,986.00",0
35,T35-6,12637.46,22,3701.29,4477.2,6,"1413.00,1857.00,1613.00,986.00,12637.46",1
35,T35-7,1134.0,18,3645.49,4507.01,7,"1857.00,1613.00,986.00,12637.46,1134.00",0
35,T35-8,3332.0,5,3940.49,4427.87,8,"1613.00,986.00,12637.46,1134.00,3332.00",1
35,T35-9,8292.74,2,5276.44,4530.59,9,"986.00,12637.46,1134.00,3332.00,8292.74",0
35,T35-10,2651.0,11,5609.44,4255.86,10,"12637.46,1134.00,3332.00,8292.74,2651.00",0
35,T35-11,1650.23,15,3411.99,2557.35,11,"1134.00,3332.00,8292.74,2651.00,1650.23",0
35,T35-12,2017.0,3,3588.59,2420.79,12,"3332.00,8292.74,2651.00,1650.23,2017.00",0
35,T35-13,2226.0,3,3367.39,2483.84,13,"8292.74,2651.00,1650.23,2017.00,2226.00",0
35,T35-14,94257.17,8,20560.28,36849.86,14,"2651.00,1650.23,2017.00,2226.00,94257.17",1
35,T35-15,163.0,4,20062.68,37104.26,15,"1650.23,2017.00,2226.00,94257.17,163.00",0
35,T35-16,1661.0,18,20064.83,37103.19,16,"2017.00,2226.00,94257.17,163.00,1661.00",0
35,T35-17,8345.0,8,21330.43,36570.09,17,"2226.00,94257.17,163.00,1661.00,8345.00",0
35,T35-18,1512.0,20,21187.63,36645.72,18,"94257.17,163.00,1661.00,8345.00,1512.00",0
35,T35-19,2385.0,2,2813.2,2857.56,19,"163.00,1661.00,8345.00,1512.00,2385.00",0
35,T35-20,632.0,1,2907.0,2775.55,20,"1661.00,8345.00,1512.00,2385.00,632.00",0
35,T35-21,1326.0,7,2840.0,2808.67,21,"8345.00,1512.00,2385.00,632.00,1326.00",0
35,T35-22,2739.0,9,1718.8,756.68,22,"1512.00,2385.00,632.00,1326.00,2739.00",0
35,T35-23,3033.0,21,2023.0,903.82,23,"2385.00,632.00,1326.00,2739.00,3033.00",0
35,T35-24,3364.0,3,2218.8,1054.52,24,"632.00,1326.00,2739.00,3033.00,3364.00",0
35,T35-25,1565.0,16,2405.4,811.84,25,"1326.00,2739.00,3033.00,3364.00,1565.00",0
35,T35-26,4578.66,16,3055.93,973.39,26,"2739.00,3033.00,3364.00,1565.00,4578.66",0
36,T36-1,769.0,10,769.0,0.0,1,769.00,0
36,T36-2,2210.0,5,1489.5,720.5,2,"769.00,2210.00",0
36,T36-3,1415.0,4,1464.67,589.33,3,"769.00,2210.00,1415.00",0
36,T36-4,2917.0,18,1827.75,809.92,4,"769.00,2210.00,1415.00,2917.00",0
36,T36-5,1110.0,20,1684.2,779.23,5,"769.00,2210.00,1415.00,2917.00,1110.00",0
36,T36-6,1286.0,17,1787.6,678.75,6,"2210.00,1415.00,2917.00,1110.00,1286.00",0
36,T36-7,719.0,20,1489.4,751.32,7,"1415.00,2917.00,1110.00,1286.00,719.00",0
36,T36-8,1468.0,17,1500.0,750.57,8,"2917.00,1110.00,1286.00,719.00,1468.00",0
36,T36-9,4795.07,13,1875.61,1480.6,9,"1110.00,1286.00,719.00,1468.00,4795.07",0
36,T36-10,3206.0,9,2294.81,1501.07,10,"1286.00,719.00,1468.00,4795.07,3206.00",0
36,T36-11,7658.18,21,3569.25,2485.68,11,"719.00,1468.00,4795.07,3206.00,7658.18",1
36,T36-12,1161.0,14,3657.65,2388.71,12,"1468.00,4795.07,3206.00,7658.18,1161.00",0
36,T36-13,1186.0,13,3601.25,2442.47,13,"4795.07,3206.00,7658.18,1161.00,1186.00",0
36,T36-14,2477.0,17,3137.64,2391.33,14,"3206.00,7658.18,1161.00,1186.00,2477.00",0
36,T36-15,1064.0,3,2709.24,2528.64,15,"7658.18,1161.00,1186.00,2477.00,1064.00",0
36,T36-16,1356.0,5,1448.8,522.64,16,"1161.00,1186.00,2477.00,1064.00,1356.00",0
36,T36-17,705.0,22,1357.6,599.1,17,"1186.00,2477.00,1064.00,1356.00,705.00",0
36,T36-18,73480.44,20,15816.49,28838.07,18,"2477.00,1064.00,1356.00,705.00,73480.44",1
36,T36-19,3285.0,20,15978.09,28765.04,19,"1064.00,1356.00,705.00,73480.44,3285.00",0
36,T36-20,2597.0,19,16284.69,28612.2,20,"1356.00,705.00,73480.44,3285.00,2597.00",0
37,T37-1,920.0,13,920.0,0.0,1,920.00,0
37,T37-2,2303.0,1,1611.5,691.5,2,"920.00,2303.00",0
37,T37-3,978.0,19,1400.33,638.72,3,"920.00,2303.00,978.00",0
37,T37-4,617.0,23,1204.5,648.86,4,"920.00,2303.00,978.00,617.00",0
37,T37-5,908.0,9,1145.2,592.36,5,"920.00,2303.00,978.00,617.00,908.00",0
37,T37-6,190.0,22,999.2,708.46,6,"2303.00,978.00,617.00,908.00,190.00",0
37,T37-7,2854.0,6,1109.4,915.34,7,"978.00,617.00,908.00,190.00,2854.00",0
37,T37-8,2631.0,12,1440.0,1090.02,8,"617.00,908.00,190.00,2854.00,2631.00",0
37,T37-9,11284.21,0,3573.44,3985.32,9,"908.00,190.00,2854.00,2631.00,11284.21",1
37,T37-10,1269.0,1,3645.64,3939.39,10,"190.00,2854.00,2631.00,11284.21,1269.00",0
37,T37-11,1924.0,7,3992.44,3688.23,11,"2854.00,2631.00,11284.21,1269.00,1924.00",0
37,T37-12,19026.06,11,7226.85,6934.29,12,"2631.00,11284.21,1269.00,1924.00,19026.06",1
37,T37-13,8094.16,22,8319.49,6543.44,13,"11284.21,1269.00,1924.00,19026.06,8094.16",0
37,T37-14,904.0,13,6243.44,6909.89,14,"1269.00,1924.00,19026.06,8094.16,904.00",0
37,T37-15,3104.0,12,6610.44,6680.87,15,"1924.00,19026.06,8094.16,904.00,3104.00",0
37,T37-16,2408.0,14,6707.24,6615.46,16,"19026.06,8094.16,904.00,3104.00,2408.00",0
38,T38-1,2118.0,7,2118.0,0.0,1,2118.00,0
38,T38-2,2130.0,22,2124.0,6.0,2,"2118.00,2130.00",0
38,T38-3,447.0,16,1565.0,790.56,3,"2118.00,2130.00,447.00",0
38,T38-4,2884.0,23,1894.75,891.6,4,"2118.00,2130.00,447.00,2884.00",0
38,T38-5,1153.0,19,1746.4,850.87,5,"2118.00,2130.00,447.00,2884.00,1153.00",0
38,T38-6,884.0,18,1499.6,885.55,6,"2130.00,447.00,2884.00,1153.00,884.00",0
38,T38-7,2008.0,12,1475.2,869.38,7,"447.00,2884.00,1153.00,884.00,2008.00",0
38,T38-8,2787.0,2,1943.2,818.24,8,"2884.00,1153.00,884.00,2008.00,2787.00",0
38,T38-9,2701.0,16,1906.6,778.47,9,"1153.00,884.00,2008.00,2787.00,2701.00",0
38,T38-10,15294.66,9,4734.93,5323.63,10,"884.00,2008.00,2787.00,2701.00,15294.66",1
38,T38-11,900.0,23,4738.13,5321.32,11,"2008.00,2787.00,2701.00,15294.66,900.00",0
38,T38-12,2998.0,8,4936.13,5233.74,12,"2787.00,2701.00,15294.66,900.00,2998.00",0
38,T38-13,978.28,11,4574.39,5428.66,13,"2701.00,15294.66,900.00,2998.00,978.28",0
39,T39-1,1251.0,19,1251.0,0.0,1,1251.00,0
39,T39-2,765.0,0,1008.0,243.0,2,"1251.00,765.00",0
39,T39-3,300.0,4,772.0,388.28,3,"1251.00,765.00,300.00",0
39,T39-4,2473.0,10,1197.25,809.68,4,"1251.00,765.00,300.00,2473.00",0
39,T39-5,244.0,18,1006.6,818.45,5,"1251.00,765.00,300.00,2473.00,244.00",0
39,T39-6,2149.0,18,1186.2,941.63,6,"765.00,300.00,2473.00,244.00,2149.00",0
39,T39-7,12368.46,23,3506.89,4524.84,7,"300.00,2473.00,244.00,2149.00,12368.46",1
39,T39-8,3435.0,19,4133.89,4245.61,8,"2473.00,244.00,2149.00,12368.46,3435.00",0
39,T39-9,2871.0,13,4213.49,4217.36,9,"244.00,2149.00,12368.46,3435.00,2871.00",0
39,T39-10,1700.0,22,4504.69,3976.62,10,"2149.00,12368.46,3435.00,2871.00,1700.00",0
39,T39-11,2326.0,4,4540.09,3956.23,11,"12368.46,3435.00,2871.00,1700.00,2326.00",0
39,T39-12,2786.0,18,2623.6,580.96,12,"3435.00,2871.00,1700.00,2326.00,2786.00",0
39,T39-13,851.0,1,2106.8,753.11,13,"2871.00,1700.00,2326.00,2786.00,851.00",0
39,T39-14,2721.0,7,2076.8,724.52,14,"1700.00,2326.00,2786.00,851.00,2721.00",0
39,T39-15,2880.0,11,2312.8,754.89,15,"2326.00,2786.00,851.00,2721.00,2880.00",0
39,T39-16,2363.0,23,2320.2,755.16,16,"2786.00,851.00,2721.00,2880.00,2363.00",0
39,T39-17,1538.0,9,2070.6,766.12,17,"851.00,2721.00,2880.00,2363.00,1538.00",0
39,T39-18,6560.22,5,3212.44,1736.95,18,"2721.00,2880.00,2363.00,1538.00,6560.22",0
39,T39-19,271.0,10,2722.44,2111.63,19,"2880.00,2363.00,1538.00,6560.22,271.00",0
39,T39-20,3054.25,7,2757.29,2115.38,20,"2363.00,1538.00,6560.22,271.00,3054.25",0
39,T39-21,5326.28,7,3349.95,2326.47,21,"1538.00,6560.22,271.00,3054.25,5326.28",0
39,T39-22,1252.0,11,3292.75,2373.36,22,"6560.22,271.00,3054.25,5326.28,1252.00",0
40,T40-1,1483.0,2,1483.0,0.0,1,1483.00,0
40,T40-2,798.0,3,1140.5,342.5,2,"1483.00,798.00",0
40,T40-3,2058.0,14,1446.33,515.05,3,"1483.00,798.00,2058.00",0
40,T40-4,1972.0,23,1577.75,500.76,4,"1483.00,798.00,2058.00,1972.00",0
40,T40-5,8102.72,23,2882.74,2648.14,5,"1483.00,798.00,2058.00,1972.00,8102.72",0
40,T40-6,566.0,9,2699.34,2767.78,6,"798.00,2058.00,1972.00,8102.72,566.00",0
40,T40-7,1582.0,23,2856.14,2676.32,7,"2058.00,1972.00,8102.72,566.00,1582.00",0
40,T40-8,2136.0,1,2871.74,2671.85,8,"1972.00,8102.72,566.00,1582.00,2136.00",0
40,T40-9,3072.0,3,3091.74,2633.72,9,"8102.72,566.00,1582.00,2136.00,3072.00",0
40,T40-10,1256.0,3,1722.4,844.63,10,"566.00,1582.00,2136.00,3072.00,1256.00",0
40,T40-11,4265.36,17,2462.27,1091.73,11,"1582.00,2136.00,3072.00,1256.00,4265.36",0
40,T40-12,2172.0,1,2580.27,1019.71,12,"2136.00,3072.00,1256.00,4265.36,2172.00",0
40,T40-13,1741.0,8,2501.27,1065.35,13,"3072.00,1256.00,4265.36,2172.00,1741.00",0
40,T40-14,3209.0,13,2528.67,1081.32,14,"1256.00,4265.36,2172.00,1741.00,3209.00",0
40,T40-15,97464.35,7,21770.34,37857.1,15,"4265.36,2172.00,1741.00,3209.00,97464.35",1
40,T40-16,2941.0,5,21505.47,37983.07,16,"2172.00,1741.00,3209.00,97464.35,2941.00",0
40,T40-17,2643.0,10,21599.67,37935.56,17,"1741.00,3209.00,97464.35,2941.00,2643.00",0
40,T40-18,15026.27,21,24256.72,36902.79,18,"3209.00,97464.35,2941.00,2643.00,15026.27",0
40,T40-19,1511.65,8,23917.25,37102.11,19,"97464.35,2941.00,2643.00,15026.27,1511.65",0
40,T40-20,640.0,19,4552.38,5300.89,20,"2941.00,2643.00,15026.27,1511.65,640.00",0
40,T40-21,528.0,6,4069.78,5530.5,21,"2643.00,15026.27,1511.65,640.00,528.00",0
40,T40-22,3147.29,13,4170.64,5508.11,22,"15026.27,1511.65,640.00,528.00,3147.29",0
40,T40-23,1025.0,22,1370.39,952.86,23,"1511.65,640.00,528.00,3147.29,1025.00",0
40,T40-24,2428.0,17,1553.66,1045.98,24,"640.00,528.00,3147.29,1025.00,2428.00",0
40,T40-25,74402.65,6,16306.19,29063.47,25,"528.00,3147.29,1025.00,2428.00,74402.65",1
40,T40-26,1816.0,1,16563.79,28927.87,26,"3147.29,1025.00,2428.00,74402.65,1816.00",0
40,T40-27,2175.0,18,16369.33,29020.52,27,"1025.00,2428.00,74402.65,1816.00,2175.00",0
41,T41-1,2036.0,19,2036.0,0.0,1,2036.00,0
41,T41-2,2344.0,20,2190.0,154.0,2,"2036.00,2344.00",0
41,T41-3,3430.0,14,2603.33,597.91,3,"2036.00,2344.00,3430.00",0
41,T41-4,2927.0,11,2684.25,536.44,4,"2036.00,2344.00,3430.00,2927.00",0
41,T41-5,970.0,9,2341.4,836.9,5,"2036.00,2344.00,3430.00,2927.00,970.00",0
41,T41-6,2744.0,7,2483.0,833.13,6,"2344.00,3430.00,2927.00,970.00,2744.00",0
41,T41-7,416.0,11,2097.4,1181.55,7,"3430.00,2927.00,970.00,2744.00,416.00",0
41,T41-8,2702.0,18,1951.8,1045.37,8,"2927.00,970.00,2744.00,416.00,2702.00",0
41,T41-9,12495.7,9,3865.54,4413.05,9,"970.00,2744.00,416.00,2702.00,12495.70",1
41,T41-10,1467.0,4,3964.94,4351.88,10,"2744.00,416.00,2702.00,12495.70,1467.00",0
41,T41-11,4088.73,15,4233.89,4309.46,11,"416.00,2702.00,12495.70,1467.00,4088.73",0
41,T41-12,6775.59,3,5505.8,3915.42,12,"2702.00,12495.70,1467.00,4088.73,6775.59",0
41,T41-13,3450.0,7,5655.4,3818.52,13,"12495.70,1467.00,4088.73,6775.59,3450.00",1
41,T41-14,767.0,16,3309.66,2121.31,14,"1467.00,4088.73,6775.59,3450.00,767.00",0
41,T41-15,2711.0,4,3558.46,1957.21,15,"4088.73,6775.59,3450.00,767.00,2711.00",0
41,T41-16,1694.0,4,3079.52,2059.19,16,"6775.59,3450.00,767.00,2711.00,1694.00",0
41,T41-17,17749.26,14,5274.25,6303.29,17,"3450.00,767.00,2711.00,1694.00,17749.26",1
41,T41-18,2208.0,20,5025.85,6394.11,18,"767.00,2711.00,1694.00,17749.26,2208.00",0
41,T41-19,872.0,3,5046.85,6380.24,19,"2711.00,1694.00,17749.26,2208.00,872.00",0
41,T41-20,968.0,21,4698.25,6543.86,20,"1694.00,17749.26,2208.00,872.00,968.00",0
41,T41-21,9420.82,12,6243.62,6564.25,21,"17749.26,2208.00,872.00,968.00,9420.82",1
41,T41-22,3379.0,0,3369.56,3161.4,22,"2208.00,872.00,968.00,9420.82,3379.00",0
41,T41-23,3187.0,18,3565.36,3113.35,23,"872.00,968.00,9420.82,3379.00,3187.00",0
41,T41-24,1045.0,7,3599.96,3084.05,24,"968.00,9420.82,3379.00,3187.00,1045.00",0
41,T41-25,2766.0,11,3959.56,2852.31,25,"9420.82,3379.00,3187.00,1045.00,2766.00",0
42,T42-1,2647.0,13,2647.0,0.0,1,2647.00,0
42,T42-2,1458.0,20,2052.5,594.5,2,"2647.00,1458.00",0
42,T42-3,746.0,20,1617.0,784.18,3,"2647.00,1458.00,746.00",0
42,T42-4,582.0,11,1358.25,813.67,4,"2647.00,1458.00,746.00,582.00",0
42,T42-5,1037.0,2,1294.0,739.03,5,"2647.00,1458.00,746.00,582.00,1037.00",0
42,T42-6,681.0,4,900.8,317.15,6,"1458.00,746.00,582.00,1037.00,681.00",0
42,T42-7,331.0,23,675.4,229.39,7,"746.00,582.00,1037.00,681.00,331.00",0
42,T42-8,2091.0,7,944.4,616.48,8,"582.00,1037.00,681.00,331.00,2091.00",0
42,T42-9,1092.0,7,1046.4,589.69,9,"1037.00,681.00,331.00,2091.00,1092.00",0
42,T42-10,165.0,10,872.0,687.51,10,"681.00,331.00,2091.00,1092.00,165.00",0
42,T42-11,2867.0,6,1309.2,1034.52,11,"331.00,2091.00,1092.00,165.00,2867.00",0
42,T42-12,2838.0,7,1810.6,1046.38,12,"2091.00,1092.00,165.00,2867.00,2838.00",0
42,T42-13,6360.59,13,2664.52,2119.08,13,"1092.00,165.00,2867.00,2838.00,6360.59",0
42,T42-14,1919.88,21,2830.09,2019.75,14,"165.00,2867.00,2838.00,6360.59,1919.88",0
42,T42-15,13329.96,20,5463.08,4216.12,15,"2867.00,2838.00,6360.59,1919.88,13329.96",1
42,T42-16,15695.61,7,8028.81,5548.49,16,"2838.00,6360.59,1919.88,13329.96,15695.61",1
42,T42-17,1509.0,15,7763.01,5816.16,17,"6360.59,1919.88,13329.96,15695.61,1509.00",0
42,T42-18,6156.72,4,7722.23,5826.55,18,"1919.88,13329.96,15695.61,1509.00,6156.72",0
42,T42-19,4446.03,4,8227.46,5395.06,19,"13329.96,15695.61,1509.00,6156.72,4446.03",0
43,T43-1,1195.0,2,1195.0,0.0,1,1195.00,0
43,T43-2,3380.0,1,2287.5,1092.5,2,"1195.00,3380.00",0
43,T43-3,2544.0,1,2373.0,900.18,3,"1195.00,3380.00,2544.00",0
43,T43-4,2463.0,1,2395.5,780.55,4,"1195.00,3380.00,2544.00,2463.00",0
43,T43-5,4236.77,15,2763.75,1014.82,5,"1195.00,3380.00,2544.00,2463.00,4236.77",0
43,T43-6,2401.0,11,3004.95,711.19,6,"3380.00,2544.00,2463.00,4236.77,2401.00",0
43,T43-7,16951.92,16,5719.34,5658.04,7,"2544.00,2463.00,4236.77,2401.00,16951.92",1
43,T43-8,164.0,19,5243.34,5995.21,8,"2463.00,4236.77,2401.00,16951.92,164.00",0
43,T43-9,3854.5,3,5521.64,5891.08,9,"4236.77,2401.00,16951.92,164.00,3854.50",0
43,T43-10,10745.05,5,6823.29,6175.53,10,"2401.00,16951.92,164.00,3854.50,10745.05",1
43,T43-11,2003.0,6,6743.69,6234.31,11,"16951.92,164.00,3854.50,10745.05,2003.00",0
43,T43-12,5476.18,7,4448.54,3616.43,12,"164.00,3854.50,10745.05,2003.00,5476.18",0
43,T43-13,3241.0,20,5063.94,3052.87,13,"3854.50,10745.05,2003.00,5476.18,3241.00",0
43,T43-14,3361.03,15,4965.25,3098.02,14,"10745.05,2003.00,5476.18,3241.00,3361.03",0
43,T43-15,1328.0,16,3081.84,1419.58,15,"2003.00,5476.18,3241.00,3361.03,1328.00",0
43,T43-16,640.0,19,2809.24,1703.12,16,"5476.18,3241.00,3361.03,1328.00,640.00",0
43,T43-17,1089.0,0,1931.81,1140.21,17,"3241.00,3361.03,1328.00,640.00,1089.00",0
43,T43-18,2695.0,23,1822.61,1030.46,18,"3361.03,1328.00,640.00,1089.00,2695.00",0
43,T43-19,13754.95,4,3901.39,4974.26,19,"1328.00,640.00,1089.00,2695.00,13754.95",1
44,T44-1,947.0,2,947.0,0.0,1,947.00,0
44,T44-2,1377.0,2,1162.0,215.0,2,"947.00,1377.00",0
44,T44-3,201.0,3,841.67,485.84,3,"947.00,1377.00,201.00",0
44,T44-4,959.0,6,871.0,423.81,4,"947.00,1377.00,201.00,959.00",0
44,T44-5,2553.0,7,1207.4,772.24,5,"947.00,1377.00,201.00,959.00,2553.00",0
44,T44-6,2539.0,22,1525.8,914.35,6,"1377.00,201.00,959.00,2553.00,2539.00",0
44,T44-7,3104.0,13,1871.2,1100.21,7,"201.00,959.00,2553.00,2539.00,3104.00",0
44,T44-8,1160.0,11,2063.0,846.71,8,"959.00,2553.00,2539.00,3104.00,1160.00",0
44,T44-9,22038.07,11,6278.81,7905.74,9,"2553.00,2539.00,3104.00,1160.00,22038.07",1
44,T44-10,9198.04,7,7607.82,7724.15,10,"2539.00,3104.00,1160.00,22038.07,9198.04",0
44,T44-11,1148.0,1,7329.62,7924.17,11,"3104.00,1160.00,22038.07,9198.04,1148.00",0
44,T44-12,1822.0,4,7073.22,8076.03,12,"1160.00,22038.07,9198.04,1148.00,1822.00",0
44,T44-13,3293.0,23,7499.82,7804.17,13,"22038.07,9198.04,1148.00,1822.00,3293.00",0
44,T44-14,2055.0,16,3503.21,2930.74,14,"9198.04,1148.00,1822.00,3293.00,2055.00",0
44,T44-15,18017.24,7,5267.05,6412.75,15,"1148.00,1822.00,3293.00,2055.00,18017.24",1
44,T44-16,2776.77,2,5592.8,6234.11,16,"1822.00,3293.00,2055.00,18017.24,2776.77",0
44,T44-17,277.0,2,5283.8,6447.98,17,"3293.00,2055.00,18017.24,2776.77,277.00",0
44,T44-18,2591.0,13,5143.4,6497.26,18,"2055.00,18017.24,2776.77,277.00,2591.00",0
44,T44-19,1389.0,18,5010.2,6565.67,19,"18017.24,2776.77,277.00,2591.00,1389.00",0
45,T45-1,3307.0,10,3307.0,0.0,1,3307.00,0
45,T45-2,1007.0,2,2157.0,1150.0,2,"3307.00,1007.00",0
45,T45-3,2557.0,22,2290.33,957.72,3,"3307.00,1007.00,2557.00",0
45,T45-4,357.0,11,1807.0,1178.45,4,"3307.00,1007.00,2557.00,357.00",0
45,T45-5,15969.91,12,4639.58,5762.39,5,"3307.00,1007.00,2557.00,357.00,15969.91",0
45,T45-6,1979.0,11,4373.98,5847.66,6,"1007.00,2557.00,357.00,15969.91,1979.00",0
45,T45-7,364.0,18,4245.38,5926.83,7,"2557.00,357.00,15969.91,1979.00,364.00",0
45,T45-8,5249.82,13,4783.95,5871.02,8,"357.00,15969.91,1979.00,364.00,5249.82",0
45,T45-9,2174.0,21,5147.35,5637.34,9,"15969.91,1979.00,364.00,5249.82,2174.00",0
45,T45-10,1846.0,16,2322.56,1598.25,10,"1979.00,364.00,5249.82,2174.00,1846.00",0
45,T45-11,237.0,8,1974.16,1810.89,11,"364.00,5249.82,2174.00,1846.00,237.00",0
45,T45-12,1907.0,4,2282.76,1632.93,12,"5249.82,2174.00,1846.00,237.00,1907.00",0
45,T45-13,1289.0,16,1490.6,689.77,13,"2174.00,1846.00,237.00,1907.00,1289.00",0
45,T45-14,1835.0,21,1422.8,633.64,14,"1846.00,237.00,1907.00,1289.00,1835.00",0
46,T46-1,1253.0,9,1253.0,0.0,1,1253.00,0
46,T46-2,1910.0,2,1581.5,328.5,2,"1253.00,1910.00",0
46,T46-3,228.0,7,1130.33,692.13,3,"1253.00,1910.00,228.00",0
46,T46-4,1153.0,8,1136.0,599.48,4,"1253.00,1910.00,228.00,1153.00",0
46,T46-5,3282.0,11,1565.2,1012.1,5,"1253.00,1910.00,228.00,1153.00,3282.00",0
46,T46-6,3037.0,7,1922.0,1144.9,6,"1910.00,228.00,1153.00,3282.00,3037.00",0
46,T46-7,3043.0,14,2148.6,1229.12,7,"228.00,1153.00,3282.00,3037.00,3043.00",0
46,T46-8,5566.71,15,3216.34,1403.43,8,"1153.00,3282.00,3037.00,3043.00,5566.71",0
46,T46-9,14806.55,20,5947.05,4530.78,9,"3282.00,3037.00,3043.00,5566.71,14806.55",1
46,T46-10,2199.0,0,5730.45,4676.55,10,"3037.00,3043.00,5566.71,14806.55,2199.00",0
46,T46-11,261.0,6,5175.25,5108.22,11,"3043.00,5566.71,14806.55,2199.00,261.00",0
46,T46-12,1883.0,4,4943.25,5224.81,12,"5566.71,14806.55,2199.00,261.00,1883.00",0
46,T46-13,1900.0,10,4209.91,5341.85,13,"14806.55,2199.00,261.00,1883.00,1900.00",0
46,T46-14,5967.99,23,2442.2,1889.69,14,"2199.00,261.00,1883.00,1900.00,5967.99",0
46,T46-15,2594.0,2,2521.2,1886.13,15,"261.00,1883.00,1900.00,5967.99,2594.00",0
46,T46-16,1917.0,20,2852.4,1580.85,16,"1883.00,1900.00,5967.99,2594.00,1917.00",0
46,T46-17,2884.0,19,3052.6,1507.07,17,"1900.00,5967.99,2594.00,1917.00,2884.00",0
46,T46-18,2573.0,2,3187.2,1425.99,18,"5967.99,2594.00,1917.00,2884.00,2573.00",0
46,T46-19,1953.0,1,2384.2,383.06,19,"2594.00,1917.00,2884.00,2573.00,1953.00",0
46,T46-20,2512.22,18,2367.84,375.42,20,"1917.00,2884.00,2573.00,1953.00,2512.22",0
46,T46-21,1066.0,15,2197.64,640.53,21,"2884.00,2573.00,1953.00,2512.22,1066.00",0
46,T46-22,2419.0,2,2104.64,563.22,22,"2573.00,1953.00,2512.22,1066.00,2419.00",0
46,T46-23,2586.0,13,2107.24,565.4,23,"1953.00,2512.22,1066.00,2419.00,2586.00",0
46,T46-24,2654.0,1,2247.44,595.86,24,"2512.22,1066.00,2419.00,2586.00,2654.00",0
47,T47-1,173.0,7,173.0,0.0,1,173.00,0
47,T47-2,1034.0,1,603.5,430.5,2,"173.00,1034.00",0
47,T47-3,285.0,2,497.33,382.23,3,"173.00,1034.00,285.00",0
47,T47-4,3094.0,0,1146.5,1172.1,4,"173.00,1034.00,285.00,3094.00",0
47,T47-5,2424.0,22,1402.0,1166.27,5,"173.00,1034.00,285.00,3094.00,2424.00",0
47,T47-6,2902.0,15,1947.8,1100.09,6,"1034.00,285.00,3094.00,2424.00,2902.00",0
47,T47-7,1185.01,4,1978.0,1076.4,7,"285.00,3094.00,2424.00,2902.00,1185.01",0
47,T47-8,20780.04,11,6077.01,7381.52,8,"3094.00,2424.00,2902.00,1185.01,20780.04",1
47,T47-9,9864.1,1,7431.03,7330.91,9,"2424.00,2902.00,1185.01,20780.04,9864.10",0
47,T47-10,2226.0,19,7391.43,7358.33,10,"2902.00,1185.01,20780.04,9864.10,2226.00",0
47,T47-11,1621.0,9,7135.23,7530.47,11,"1185.01,20780.04,9864.10,2226.00,1621.00",0
47,T47-12,2001.0,4,7298.43,7407.59,12,"20780.04,9864.10,2226.00,1621.00,2001.00",0
47,T47-13,3272.0,1,3796.82,3082.66,13,"9864.10,2226.00,1621.00,2001.00,3272.00",0
47,T47-14,2958.0,5,2415.6,611.04,14,"2226.00,1621.00,2001.00,3272.00,2958.00",0
47,T47-15,2415.0,7,2453.4,603.95,15,"1621.00,2001.00,3272.00,2958.00,2415.00",0
47,T47-16,14703.84,8,5069.97,4836.78,16,"2001.00,3272.00,2958.00,2415.00,14703.84",1
47,T47-17,582.0,8,4786.17,5045.64,17,"3272.00,2958.00,2415.00,14703.84,582.00",0
47,T47-18,1463.0,9,4424.37,5203.63,18,"2958.00,2415.00,14703.84,582.00,1463.00",0
47,T47-19,152.0,17,3863.17,5475.71,19,"2415.00,14703.84,582.00,1463.00,152.00",0
48,T48-1,1588.0,19,1588.0,0.0,1,1588.00,0
48,T48-2,1704.0,6,1646.0,58.0,2,"1588.00,1704.00",0
48,T48-3,2168.0,16,1820.0,250.59,3,"1588.00,1704.00,2168.00",0
48,T48-4,969.0,23,1607.25,427.65,4,"1588.00,1704.00,2168.00,969.00",0
48,T48-5,3137.0,18,1913.2,721.62,5,"1588.00,1704.00,2168.00,969.00,3137.00",0
48,T48-6,385.0,13,1672.6,953.29,6,"1704.00,2168.00,969.00,3137.00,385.00",0
48,T48-7,8955.73,20,3122.95,3068.2,7,"2168.00,969.00,3137.00,385.00,8955.73",1
48,T48-8,9442.46,10,4577.84,3886.13,8,"969.00,3137.00,385.00,8955.73,9442.46",1
48,T48-9,6437.43,11,5671.52,3463.05,9,"3137.00,385.00,8955.73,9442.46,6437.43",0
48,T48-10,2252.0,16,5494.52,3607.67,10,"385.00,8955.73,9442.46,6437.43,2252.00",0
48,T48-11,2870.0,3,5991.52,2987.38,11,"8955.73,9442.46,6437.43,2252.00,2870.00",0
48,T48-12,1960.0,21,4592.38,2908.64,12,"9442.46,6437.43,2252.00,2870.00,1960.00",0
48,T48-13,1562.0,11,3016.29,1762.98,13,"6437.43,2252.00,2870.00,1960.00,1562.00",0
48,T48-14,1689.0,20,2066.6,466.56,14,"2252.00,2870.00,1960.00,1562.00,1689.00",0
48,T48-15,1089.0,7,1834.0,589.78,15,"2870.00,1960.00,1562.00,1689.00,1089.00",0
48,T48-16,1863.0,14,1632.6,304.61,16,"1960.00,1562.00,1689.00,1089.00,1863.00",0
48,T48-17,3086.6,21,1857.92,665.88,17,"1562.00,1689.00,1089.00,1863.00,3086.60",0
48,T48-18,203.0,11,1586.12,948.56,18,"1689.00,1089.00,1863.00,3086.60,203.00",0
48,T48-19,3496.0,3,1947.52,1223.34,19,"1089.00,1863.00,3086.60,203.00,3496.00",0
49,T49-1,1446.0,10,1446.0,0.0,1,1446.00,0
49,T49-2,1009.0,3,1227.5,218.5,2,"1446.00,1009.00",0
49,T49-3,396.0,15,950.33,430.66,3,"1446.00,1009.00,396.00",0
49,T49-4,2803.0,14,1413.5,884.69,4,"1446.00,1009.00,396.00,2803.00",0
49,T49-5,2570.0,23,1644.8,916.59,5,"1446.00,1009.00,396.00,2803.00,2570.00",0
49,T49-6,1457.0,9,1647.0,916.12,6,"1009.00,396.00,2803.00,2570.00,1457.00",0
49,T49-7,1130.0,11,1671.2,900.41,7,"396.00,2803.00,2570.00,1457.00,1130.00",0
49,T49-8,3425.86,7,2277.17,856.79,8,"2803.00,2570.00,1457.00,1130.00,3425.86",0
49,T49-9,3336.0,0,2383.77,944.27,9,"2570.00,1457.00,1130.00,3425.86,3336.00",0
49,T49-10,1829.0,12,2235.57,961.41,10,"1457.00,1130.00,3425.86,3336.00,1829.00",0
49,T49-11,629.0,8,2069.97,1136.6,11,"1130.00,3425.86,3336.00,1829.00,629.00",0
49,T49-12,2347.0,21,2313.37,1035.01,12,"3425.86,3336.00,1829.00,629.00,2347.00",0
49,T49-13,2168.0,20,2061.8,874.45,13,"3336.00,1829.00,629.00,2347.00,2168.00",0
49,T49-14,1223.0,17,1639.2,634.09,14,"1829.00,629.00,2347.00,2168.00,1223.00",0
49,T49-15,1660.0,18,1605.4,627.54,15,"629.00,2347.00,2168.00,1223.00,1660.00",0
49,T49-16,3115.0,4,2102.6,641.65,16,"2347.00,2168.00,1223.00,1660.00,3115.00",0
49,T49-17,506.0,11,1734.4,879.78,17,"2168.00,1223.00,1660.00,3115.00,506.00",0
49,T49-18,14293.66,6,4159.53,5138.3,18,"1223.00,1660.00,3115.00,506.00,14293.66",1
49,T49-19,2845.0,2,4483.93,4991.78,19,"1660.00,3115.00,506.00,14293.66,2845.00",0
49,T49-20,6085.52,5,5369.04,4801.31,20,"3115.00,506.00,14293.66,2845.00,6085.52",0
49,T49-21,1454.0,22,5036.84,4999.16,21,"506.00,14293.66,2845.00,6085.52,1454.00",0
50,T50-1,3200.0,7,3200.0,0.0,1,3200.00,0
50,T50-2,2702.0,7,2951.0,249.0,2,"3200.00,2702.00",0
50,T50-3,1831.0,3,2577.67,565.76,3,"3200.00,2702.00,1831.00",0
50,T50-4,2409.0,21,2535.5,495.38,4,"3200.00,2702.00,1831.00,2409.00",0
50,T50-5,889.0,5,2206.2,793.77,5,"3200.00,2702.00,1831.00,2409.00,889.00",0
50,T50-6,974.0,16,1761.0,733.49,6,"2702.00,1831.00,2409.00,889.00,974.00",0
50,T50-7,5250.95,5,2270.79,1592.79,7,"1831.00,2409.00,889.00,974.00,5250.95",0
50,T50-8,2981.0,14,2500.79,1595.7,8,"2409.00,889.00,974.00,5250.95,2981.00",0
50,T50-9,2776.0,21,2574.19,1598.23,9,"889.00,974.00,5250.95,2981.00,2776.00",0
50,T50-10,3088.0,1,3013.99,1358.58,10,"974.00,5250.95,2981.00,2776.00,3088.00",0
50,T50-11,6124.29,11,4044.05,1373.76,11,"5250.95,2981.00,2776.00,3088.00,6124.29",0
50,T50-12,17219.46,14,6437.75,5530.31,12,"2981.00,2776.00,3088.00,6124.29,17219.46",1
50,T50-13,2238.0,2,6289.15,5630.28,13,"2776.00,3088.00,6124.29,17219.46,2238.00",0
50,T50-14,2141.59,7,6162.27,5714.54,14,"3088.00,6124.29,17219.46,2238.00,2141.59",0
50,T50-15,443.0,5,5633.27,6085.06,15,"6124.29,17219.46,2238.00,2141.59,443.00",0
51,T51-1,662.0,5,662.0,0.0,1,662.00,0
51,T51-2,2394.0,21,1528.0,866.0,2,"662.00,2394.00",0
51,T51-3,2609.0,4,1888.33,871.58,3,"662.00,2394.00,2609.00",0
51,T51-4,2690.0,13,2088.75,830.81,4,"662.00,2394.00,2609.00,2690.00",0
51,T51-5,2677.0,9,2206.4,779.46,5,"662.00,2394.00,2609.00,2690.00,2677.00",0
51,T51-6,2596.0,14,2593.2,106.14,6,"2394.00,2609.00,2690.00,2677.00,2596.00",0
51,T51-7,1741.0,3,2462.6,362.66,7,"2609.00,2690.00,2677.00,2596.00,1741.00",0
51,T51-8,1595.0,14,2259.8,486.47,8,"2690.00,2677.00,2596.00,1741.00,1595.00",0
51,T51-9,983.0,5,1918.4,639.63,9,"2677.00,2596.00,1741.00,1595.00,983.00",0
51,T51-10,3188.0,17,2020.6,778.44,10,"2596.00,1741.00,1595.00,983.00,3188.00",0
51,T51-11,3416.0,19,2184.6,949.89,11,"1741.00,1595.00,983.00,3188.00,3416.00",0
51,T51-12,4776.17,0,2791.63,1355.61,12,"1595.00,983.00,3188.00,3416.00,4776.17",0
51,T51-13,451.0,18,2562.83,1610.79,13,"983.00,3188.00,3416.00,4776.17,451.00",0
52,T52-1,2092.0,4,2092.0,0.0,1,2092.00,0
52,T52-2,2643.0,12,2367.5,275.5,2,"2092.00,2643.00",0
52,T52-3,679.0,18,1804.67,827.14,3,"2092.00,2643.00,679.00",0
52,T52-4,1398.0,8,1703.0,737.65,4,"2092.00,2643.00,679.00,1398.00",0
52,T52-5,1095.0,6,1581.4,703.17,5,"2092.00,2643.00,679.00,1398.00,1095.00",0
52,T52-6,656.0,23,1294.2,728.76,6,"2643.00,679.00,1398.00,1095.00,656.00",0
52,T52-7,7848.21,5,2335.24,2770.29,7,"679.00,1398.00,1095.00,656.00,7848.21",1
52,T52-8,895.0,8,2378.44,2745.7,8,"1398.00,1095.00,656.00,7848.21,895.00",0
52,T52-9,1390.0,23,2376.84,2746.27,9,"1095.00,656.00,7848.21,895.00,1390.00",0
52,T52-10,12491.73,11,4656.19,4741.33,10,"656.00,7848.21,895.00,1390.00,12491.73",1
52,T52-11,3408.35,23,5206.66,4391.84,11,"7848.21,895.00,1390.00,12491.73,3408.35",0
52,T52-12,1344.0,12,3905.82,4380.02,12,"895.00,1390.00,12491.73,3408.35,1344.00",0
52,T52-13,3253.0,8,4377.42,4151.43,13,"1390.00,12491.73,3408.35,1344.00,3253.00",0
52,T52-14,936.49,0,4286.71,4220.1,14,"12491.73,3408.35,1344.00,3253.00,936.49",0
52,T52-15,1796.0,18,2147.57,1004.75,15,"3408.35,1344.00,3253.00,936.49,1796.00",0
52,T52-16,1065.0,4,1678.9,840.44,16,"1344.00,3253.00,936.49,1796.00,1065.00",0
53,T53-1,677.0,18,677.0,0.0,1,677.00,0
53,T53-2,2259.0,6,1468.0,791.0,2,"677.00,2259.00",0
53,T53-3,2823.0,20,1919.67,908.36,3,"677.00,2259.00,2823.00",0
53,T53-4,610.0,5,1592.25,969.77,4,"677.00,2259.00,2823.00,610.00",0
53,T53-5,356.0,23,1345.0,998.44,5,"677.00,2259.00,2823.00,610.00,356.00",0
53,T53-6,1583.0,19,1526.2,941.35,6,"2259.00,2823.00,610.00,356.00,1583.00",0
53,T53-7,2967.0,13,1667.8,1083.45,7,"2823.00,610.00,356.00,1583.00,2967.00",0
53,T53-8,254.0,3,1154.0,1021.15,8,"610.00,356.00,1583.00,2967.00,254.00",0
53,T53-9,1248.0,10,1281.6,984.4,9,"356.00,1583.00,2967.00,254.00,1248.00",0
53,T53-10,2230.0,1,1656.4,914.94,10,"1583.00,2967.00,254.00,1248.00,2230.00",0
53,T53-11,15670.47,10,4473.89,5672.44,11,"2967.00,254.00,1248.00,2230.00,15670.47",1
53,T53-12,1097.0,1,4099.89,5819.21,12,"254.00,1248.00,2230.00,15670.47,1097.00",0
54,T54-1,291.0,23,291.0,0.0,1,291.00,0
54,T54-2,1403.0,17,847.0,556.0,2,"291.00,1403.00",0
54,T54-3,1877.0,5,1190.33,664.72,3,"291.00,1403.00,1877.00",0
54,T54-4,1922.0,10,1373.25,657.08,4,"291.00,1403.00,1877.00,1922.00",0
54,T54-5,3291.0,8,1756.8,966.36,5,"291.00,1403.00,1877.00,1922.00,3291.00",0
54,T54-6,1031.0,5,1904.8,766.54,6,"1403.00,1877.00,1922.00,3291.00,1031.00",0
54,T54-7,95205.79,16,20665.36,37277.25,7,"1877.00,1922.00,3291.00,1031.00,95205.79",1
54,T54-8,176.0,8,20325.16,37454.51,8,"1922.00,3291.00,1031.00,95205.79,176.00",0
54,T54-9,167.0,6,19974.16,37633.12,9,"3291.00,1031.00,95205.79,176.00,167.00",0
54,T54-10,7489.8,4,20813.92,37296.82,10,"1031.00,95205.79,176.00,167.00,7489.80",0
54,T54-11,5277.05,0,21663.13,36882.76,11,"95205.79,176.00,167.00,7489.80,5277.05",0
54,T54-12,1902.0,21,3002.37,2917.18,12,"176.00,167.00,7489.80,5277.05,1902.00",0
54,T54-13,909.0,0,3148.97,2786.97,13,"167.00,7489.80,5277.05,1902.00,909.00",0
54,T54-14,9028.19,6,4921.21,3124.26,14,"7489.80,5277.05,1902.00,909.00,9028.19",1
54,T54-15,2535.0,12,3930.25,2932.28,15,"5277.05,1902.00,909.00,9028.19,2535.00",0
54,T54-16,818.23,9,3038.48,3062.22,16,"1902.00,909.00,9028.19,2535.00,818.23",0
54,T54-17,2690.0,16,3196.08,3019.66,17,"909.00,9028.19,2535.00,818.23,2690.00",0
54,T54-18,474.0,19,3109.08,3089.75,18,"9028.19,2535.00,818.23,2690.00,474.00",0
54,T54-19,678.0,12,1439.05,965.6,19,"2535.00,818.23,2690.00,474.00,678.00",0
54,T54-20,1997.0,9,1331.45,861.89,20,"818.23,2690.00,474.00,678.00,1997.00",0
54,T54-21,1446.0,15,1457.0,822.82,21,"2690.00,474.00,678.00,1997.00,1446.00",0
55,T55-1,1309.0,1,1309.0,0.0,1,1309.00,0
55,T55-2,844.0,5,1076.5,232.5,2,"1309.00,844.00",0
55,T55-3,1947.0,2,1366.67,452.14,3,"1309.00,844.00,1947.00",0
55,T55-4,615.0,15,1178.75,509.18,4,"1309.00,844.00,1947.00,615.00",0
55,T55-5,1930.0,16,1329.0,545.63,5,"1309.00,844.00,1947.00,615.00,1930.00",0
55,T55-6,270.0,10,1121.2,691.91,6,"844.00,1947.00,615.00,1930.00,270.00",0
55,T55-7,1298.0,8,1212.0,679.25,7,"1947.00,615.00,1930.00,270.00,1298.00",0
55,T55-8,1160.45,5,1054.69,573.69,8,"615.00,1930.00,270.00,1298.00,1160.45",0
55,T55-9,7282.09,20,2388.11,2503.71,9,"1930.00,270.00,1298.00,1160.45,7282.09",1
55,T55-10,1139.0,18,2229.91,2552.18,10,"270.00,1298.00,1160.45,7282.09,1139.00",0
55,T55-11,13635.94,3,4903.1,4961.75,11,"1298.00,1160.45,7282.09,1139.00,13635.94",1
55,T55-12,13872.02,3,7417.9,5637.7,12,"1160.45,7282.09,1139.00,13635.94,13872.02",0
55,T55-13,2477.0,10,7681.21,5363.37,13,"7282.09,1139.00,13635.94,13872.02,2477.00",0
55,T55-14,7985.64,13,7821.92,5360.28,14,"1139.00,13635.94,13872.02,2477.00,7985.64",0
56,T56-1,3469.0,12,3469.0,0.0,1,3469.00,0
56,T56-2,2087.0,1,2778.0,691.0,2,"3469.00,2087.00",0
56,T56-3,3196.0,1,2917.33,597.62,3,"3469.00,2087.00,3196.00",0
56,T56-4,2451.0,11,2800.75,555.55,4,"3469.00,2087.00,3196.00,2451.00",0
56,T56-5,1396.0,2,2519.8,750.09,5,"3469.00,2087.00,3196.00,2451.00,1396.00",0
56,T56-6,853.0,5,1996.6,815.08,6,"2087.00,3196.00,2451.00,1396.00,853.00",0
56,T56-7,1604.0,5,1900.0,827.17,7,"3196.00,2451.00,1396.00,853.00,1604.00",0
56,T56-8,3102.0,23,1881.2,798.06,8,"2451.00,1396.00,853.00,1604.00,3102.00",0
56,T56-9,412.62,5,1473.52,914.93,9,"1396.00,853.00,1604.00,3102.00,412.62",0
56,T56-10,592.0,4,1312.72,982.58,10,"853.00,1604.00,3102.00,412.62,592.00",0
56,T56-11,1533.0,5,1448.72,956.24,11,"1604.00,3102.00,412.62,592.00,1533.00",0
56,T56-12,15440.29,3,4215.98,5692.51,12,"3102.00,412.62,592.00,1533.00,15440.29",1
56,T56-13,26438.37,4,8883.26,10447.01,13,"412.62,592.00,1533.00,15440.29,26438.37",1
56,T56-14,998.0,13,9000.33,10354.29,14,"592.00,1533.00,15440.29,26438.37,998.00",0
57,T57-1,2566.0,23,2566.0,0.0,1,2566.00,0
57,T57-2,797.0,10,1681.5,884.5,2,"2566.00,797.00",0
57,T57-3,3172.0,6,2178.33,1007.59,3,"2566.00,797.00,3172.00",0
57,T57-4,3322.0,16,2464.25,1003.33,4,"2566.00,797.00,3172.00,3322.00",0
57,T57-5,2370.0,9,2445.4,898.2,5,"2566.00,797.00,3172.00,3322.00,2370.00",0
57,T57-6,1861.0,5,2304.4,923.19,6,"797.00,3172.00,3322.00,2370.00,1861.00",0
57,T57-7,8225.42,19,3790.08,2280.85,7,"3172.00,3322.00,2370.00,1861.00,8225.42",1
57,T57-8,2986.0,12,3752.88,2292.12,8,"3322.00,2370.00,1861.00,8225.42,2986.00",0
57,T57-9,19648.29,12,7018.14,6714.72,9,"2370.00,1861.00,8225.42,2986.00,19648.29",1
57,T57-10,1020.0,1,6748.14,6920.2,10,"1861.00,8225.42,2986.00,19648.29,1020.00",0
57,T57-11,2553.0,11,6886.54,6827.37,11,"8225.42,2986.00,19648.29,1020.00,2553.00",0
57,T57-12,1652.0,7,5571.86,7071.5,12,"2986.00,19648.29,1020.00,2553.00,1652.00",0
57,T57-13,3343.0,17,5643.26,7046.79,13,"19648.29,1020.00,2553.00,1652.00,3343.00",0
57,T57-14,13329.27,3,4379.45,4543.88,14,"1020.00,2553.00,1652.00,3343.00,13329.27",1
57,T57-15,2793.0,21,4734.05,4332.13,15,"2553.00,1652.00,3343.00,13329.27,2793.00",0
57,T57-16,756.0,23,4374.65,4566.37,16,"1652.00,3343.00,13329.27,2793.00,756.00",0
57,T57-17,3116.1,1,4667.47,4427.21,17,"3343.00,13329.27,2793.00,756.00,3116.10",0
58,T58-1,3272.0,10,3272.0,0.0,1,3272.00,0
58,T58-2,1271.0,6,2271.5,1000.5,2,"3272.00,1271.00",0
58,T58-3,507.0,7,1683.33,1165.85,3,"3272.00,1271.00,507.00",0
58,T58-4,3099.0,22,2037.25,1181.18,4,"3272.00,1271.00,507.00,3099.00",0
58,T58-5,642.61,14,1758.32,1194.72,5,"3272.00,1271.00,507.00,3099.00,642.61",0
58,T58-6,2647.0,18,1633.32,1054.24,6,"1271.00,507.00,3099.00,642.61,2647.00",0
58,T58-7,656.0,5,1510.32,1122.98,7,"507.00,3099.00,642.61,2647.00,656.00",0
58,T58-8,1269.0,16,1662.72,1023.8,8,"3099.00,642.61,2647.00,656.00,1269.00",0
58,T58-9,1621.0,13,1367.12,740.65,9,"642.61,2647.00,656.00,1269.00,1621.00",0
58,T58-10,3372.0,17,1913.0,974.42,10,"2647.00,656.00,1269.00,1621.00,3372.00",0
58,T58-11,1204.0,7,1624.4,926.82,11,"656.00,1269.00,1621.00,3372.00,1204.00",0
58,T58-12,1287.0,18,1750.6,823.57,12,"1269.00,1621.00,3372.00,1204.00,1287.00",0
58,T58-13,3374.0,7,2171.6,990.82,13,"1621.00,3372.00,1204.00,1287.00,3374.00",0
58,T58-14,2145.0,21,2276.4,954.07,14,"3372.00,1204.00,1287.00,3374.00,2145.00",0
59,T59-1,1887.0,13,1887.0,0.0,1,1887.00,0
59,T59-2,2824.0,15,2355.5,468.5,2,"1887.00,2824.00",0
59,T59-3,2599.0,1,2436.67,399.38,3,"1887.00,2824.00,2599.00",0
59,T59-4,1581.0,3,2222.75,506.86,4,"1887.00,2824.00,2599.00,1581.00",0
59,T59-5,8942.72,18,3566.74,2725.95,5,"1887.00,2824.00,2599.00,1581.00,8942.72",0
59,T59-6,2526.0,0,3694.54,2658.34,6,"2824.00,2599.00,1581.00,8942.72,2526.00",0
59,T59-7,7876.33,1,4705.01,3064.58,7,"2599.00,1581.00,8942.72,2526.00,7876.33",0
59,T59-8,254.0,23,4236.01,3499.56,8,"1581.00,8942.72,2526.00,7876.33,254.00",0
59,T59-9,987.0,17,4117.21,3596.42,9,"8942.72,2526.00,7876.33,254.00,987.00",0
59,T59-10,99560.18,5,22240.7,38751.62,10,"2526.00,7876.33,254.00,987.00,99560.18",1
59,T59-11,844.0,7,21904.3,38928.2,11,"7876.33,254.00,987.00,99560.18,844.00",0
59,T59-12,1477.0,23,20624.44,39469.8,12,"254.00,987.00,99560.18,844.00,1477.00",0
60,T60-1,1485.0,12,1485.0,0.0,1,1485.00,0
60,T60-2,3112.0,23,2298.5,813.5,2,"1485.00,3112.00",0
60,T60-3,1158.0,23,1918.33,854.54,3,"1485.00,3112.00,1158.00",0
60,T60-4,2542.0,18,2074.25,787.79,4,"1485.00,3112.00,1158.00,2542.00",0
60,T60-5,1308.0,14,1921.0,768.4,5,"1485.00,3112.00,1158.00,2542.00,1308.00",0
60,T60-6,2426.0,21,2109.2,753.66,6,"3112.00,1158.00,2542.00,1308.00,2426.00",0
60,T60-7,3102.0,16,2107.2,751.0,7,"1158.00,2542.00,1308.00,2426.00,3102.00",0
60,T60-8,5176.03,2,2910.81,1273.41,8,"2542.00,1308.00,2426.00,3102.00,5176.03",0
60,T60-9,1530.0,17,2708.41,1390.94,9,"1308.00,2426.00,3102.00,5176.03,1530.00",0
60,T60-10,24677.8,12,7382.37,8730.83,10,"2426.00,3102.00,5176.03,1530.00,24677.80",1
60,T60-11,20887.86,2,11074.74,9703.63,11,"3102.00,5176.03,1530.00,24677.80,20887.86",0
60,T60-12,6980.07,18,11850.35,9176.01,12,"5176.03,1530.00,24677.80,20887.86,6980.07",0
60,T60-13,2703.0,16,11355.74,9580.19,13,"1530.00,24677.80,20887.86,6980.07,2703.00",0
60,T60-14,134208.24,13,37891.39,48855.68,14,"24677.80,20887.86,6980.07,2703.00,134208.24",1
60,T60-15,1895.88,16,33335.01,50895.31,15,"20887.86,6980.07,2703.00,134208.24,1895.88",0
60,T60-16,2911.0,5,29739.64,52264.17,16,"6980.07,2703.00,134208.24,1895.88,2911.00",0
60,T60-17,3377.0,13,29019.02,52596.79,17,"2703.00,134208.24,1895.88,2911.00,3377.00",0
60,T60-18,6964.58,17,29871.34,52196.44,18,"134208.24,1895.88,2911.00,3377.00,6964.58",0
61,T61-1,3058.0,15,3058.0,0.0,1,3058.00,0
61,T61-2,2345.0,23,2701.5,356.5,2,"3058.00,2345.00",0
61,T61-3,2924.0,11,2775.67,309.4,3,"3058.00,2345.00,2924.00",0
61,T61-4,1854.0,10,2545.25,480.7,4,"3058.00,2345.00,2924.00,1854.00",0
61,T61-5,1032.0,23,2242.6,742.46,5,"3058.00,2345.00,2924.00,1854.00,1032.00",0
61,T61-6,805.0,6,1792.0,792.82,6,"2345.00,2924.00,1854.00,1032.00,805.00",0
61,T61-7,3244.93,20,1971.99,978.37,7,"2924.00,1854.00,1032.00,805.00,3244.93",0
61,T61-8,252.0,13,1437.59,1040.21,8,"1854.00,1032.00,805.00,3244.93,252.00",0
61,T61-9,3363.0,22,1739.39,1302.96,9,"1032.00,805.00,3244.93,252.00,3363.00",0
61,T61-10,2447.0,13,2022.39,1271.89,10,"805.00,3244.93,252.00,3363.00,2447.00",0
61,T61-11,2806.0,3,2422.59,1133.11,11,"3244.93,252.00,3363.00,2447.00,2806.00",0
61,T61-12,2853.0,12,2344.2,1086.09,12,"252.00,3363.00,2447.00,2806.00,2853.00",0
61,T61-13,1505.0,23,2594.8,618.21,13,"3363.00,2447.00,2806.00,2853.00,1505.00",0
61,T61-14,174.0,0,1957.0,1014.6,14,"2447.00,2806.00,2853.00,1505.00,174.00",0
61,T61-15,22886.87,13,6044.97,8478.31,15,"2806.00,2853.00,1505.00,174.00,22886.87",1
61,T61-16,3480.0,4,6179.77,8430.97,16,"2853.00,1505.00,174.00,22886.87,3480.00",0
61,T61-17,400.0,4,5689.17,8678.03,17,"1505.00,174.00,22886.87,3480.00,400.00",0
61,T61-18,1640.0,19,5716.17,8665.17,18,"174.00,22886.87,3480.00,400.00,1640.00",0
61,T61-19,1730.0,17,6027.37,8486.64,19,"22886.87,3480.00,400.00,1640.00,1730.00",0
61,T61-20,973.01,0,1644.6,1036.93,20,"3480.00,400.00,1640.00,1730.00,973.01",0
61,T61-21,2251.0,18,1398.8,643.9,21,"400.00,1640.00,1730.00,973.01,2251.00",0
61,T61-22,15980.31,19,4514.86,5747.12,22,"1640.00,1730.00,973.01,2251.00,15980.31",1
61,T61-23,2789.0,21,4744.66,5649.72,23,"1730.00,973.01,2251.00,15980.31,2789.00",0
61,T61-24,8606.36,7,6119.94,5585.05,24,"973.01,2251.00,15980.31,2789.00,8606.36",0
62,T62-1,209.0,17,209.0,0.0,1,209.00,0
62,T62-2,922.0,22,565.5,356.5,2,"209.00,922.00",0
62,T62-3,2317.0,22,1149.33,875.47,3,"209.00,922.00,2317.00",0
62,T62-4,3082.0,11,1632.5,1129.24,4,"209.00,922.00,2317.00,3082.00",0
62,T62-5,4726.04,1,2251.21,1597.29,5,"209.00,922.00,2317.00,3082.00,4726.04",0
62,T62-6,5355.18,19,3280.44,1607.74,6,"922.00,2317.00,3082.00,4726.04,5355.18",0
62,T62-7,431.0,5,3182.24,1756.87,7,"2317.00,3082.00,4726.04,5355.18,431.00",0
62,T62-8,1671.0,21,3053.04,1837.65,8,"3082.00,4726.04,5355.18,431.00,1671.00",0
62,T62-9,36852.63,1,9807.17,13647.01,9,"4726.04,5355.18,431.00,1671.00,36852.63",1
62,T62-10,952.0,16,9052.36,14006.8,10,"5355.18,431.00,1671.00,36852.63,952.00",0
62,T62-11,2250.0,17,8431.33,14224.11,11,"431.00,1671.00,36852.63,952.00,2250.00",0
62,T62-12,3137.0,23,8972.53,13958.42,12,"1671.00,36852.63,952.00,2250.00,3137.00",0
63,T63-1,2122.0,17,2122.0,0.0,1,2122.00,0
63,T63-2,1597.0,21,1859.5,262.5,2,"2122.00,1597.00",0
63,T63-3,548.0,2,1422.33,654.34,3,"2122.00,1597.00,548.00",0
63,T63-4,704.0,5,1242.75,646.43,4,"2122.00,1597.00,548.00,704.00",0
63,T63-5,718.0,17,1137.8,615.11,5,"2122.00,1597.00,548.00,704.00,718.00",0
63,T63-6,15545.61,18,3822.52,5873.15,6,"1597.00,548.00,704.00,718.00,15545.61",1
63,T63-7,1222.0,12,3747.52,5903.41,7,"548.00,704.00,718.00,15545.61,1222.00",0
63,T63-8,3216.0,3,4281.12,5707.42,8,"704.00,718.00,15545.61,1222.00,3216.00",0
63,T63-9,13353.37,1,6811.0,6330.59,9,"718.00,15545.61,1222.00,3216.00,13353.37",0
63,T63-10,1353.0,8,6938.0,6212.34,10,"15545.61,1222.00,3216.00,13353.37,1353.00",0
63,T63-11,675.0,12,3963.87,4772.28,11,"1222.00,3216.00,13353.37,1353.00,675.00",0
63,T63-12,215.0,13,3762.47,4903.19,12,"3216.00,13353.37,1353.00,675.00,215.00",0
63,T63-13,3229.0,11,3765.07,4902.9,13,"13353.37,1353.00,675.00,215.00,3229.00",0
63,T63-14,8713.13,15,2837.03,3112.36,14,"1353.00,675.00,215.00,3229.00,8713.13",1
63,T63-15,1011.0,6,2768.63,3147.78,15,"675.00,215.00,3229.00,8713.13,1011.00",0
63,T63-16,157.0,12,2665.03,3222.61,16,"215.00,3229.00,8713.13,1011.00,157.00",0
63,T63-17,2205.0,13,3063.03,3011.42,17,"3229.00,8713.13,1011.00,157.00,2205.00",0
63,T63-18,13163.88,19,5050.0,5051.78,18,"8713.13,1011.00,157.00,2205.00,13163.88",1
63,T63-19,3171.0,0,3941.58,4723.81,19,"1011.00,157.00,2205.00,13163.88,3171.00",0
63,T63-20,2050.0,8,4149.38,4611.85,20,"157.00,2205.00,13163.88,3171.00,2050.00",0
63,T63-21,4278.23,13,4973.62,4171.96,21,"2205.00,13163.88,3171.00,2050.00,4278.23",0
63,T63-22,517.0,6,4636.02,4441.9,22,"13163.88,3171.00,2050.00,4278.23,517.00",0
63,T63-23,13761.73,14,4755.59,4671.94,23,"3171.00,2050.00,4278.23,517.00,13761.73",1
63,T63-24,2338.0,16,4588.99,4739.84,24,"2050.00,4278.23,517.00,13761.73,2338.00",0
64,T64-1,2401.0,14,2401.0,0.0,1,2401.00,0
64,T64-2,2510.0,19,2455.5,54.5,2,"2401.00,2510.00",0
64,T64-3,2339.0,9,2416.67,70.68,3,"2401.00,2510.00,2339.00",0
64,T64-4,856.0,23,2026.5,678.56,4,"2401.00,2510.00,2339.00,856.00",0
64,T64-5,17523.8,3,5125.96,6228.56,5,"2401.00,2510.00,2339.00,856.00,17523.80",0
64,T64-6,3150.0,5,5275.76,6169.95,6,"2510.00,2339.00,856.00,17523.80,3150.00",0
64,T64-7,1021.62,15,4978.08,6330.04,7,"2339.00,856.00,17523.80,3150.00,1021.62",0
64,T64-8,3161.0,5,5142.48,6269.75,8,"856.00,17523.80,3150.00,1021.62,3161.00",0
64,T64-9,3112.0,15,5593.68,6021.29,9,"17523.80,3150.00,1021.62,3161.00,3112.00",0
64,T64-10,2213.0,6,2531.52,836.3,10,"3150.00,1021.62,3161.00,3112.00,2213.00",0
64,T64-11,2714.0,12,2444.32,788.64,11,"1021.62,3161.00,3112.00,2213.00,2714.00",0
64,T64-12,2648.0,2,2769.6,345.87,12,"3161.00,3112.00,2213.00,2714.00,2648.00",0
64,T64-13,230.0,11,2183.4,1017.48,13,"3112.00,2213.00,2714.00,2648.00,230.00",0
64,T64-14,2404.0,10,2041.8,923.3,14,"2213.00,2714.00,2648.00,230.00,2404.00",0
65,T65-1,1481.0,20,1481.0,0.0,1,1481.00,0
65,T65-2,778.0,2,1129.5,351.5,2,"1481.00,778.00",0
65,T65-3,1226.0,18,1161.67,290.58,3,"1481.00,778.00,1226.00",0
65,T65-4,1877.0,23,1340.5,399.09,4,"1481.00,778.00,1226.00,1877.00",0
65,T65-5,2009.87,20,1474.37,446.21,5,"1481.00,778.00,1226.00,1877.00,2009.87",0
65,T65-6,1150.0,17,1408.17,464.5,6,"778.00,1226.00,1877.00,2009.87,1150.00",0
65,T65-7,433.0,9,1339.17,567.25,7,"1226.00,1877.00,2009.87,1150.00,433.00",0
65,T65-8,2606.0,20,1615.17,751.0,8,"1877.00,2009.87,1150.00,433.00,2606.00",0
65,T65-9,935.0,14,1426.77,779.31,9,"2009.87,1150.00,433.00,2606.00,935.00",0
65,T65-10,2340.0,0,1492.8,837.71,10,"1150.00,433.00,2606.00,935.00,2340.00",0
65,T65-11,2381.0,22,1739.0,880.58,11,"433.00,2606.00,935.00,2340.00,2381.00",0
65,T65-12,2421.98,12,2136.8,607.74,12,"2606.00,935.00,2340.00,2381.00,2421.98",0
65,T65-13,1070.0,11,1829.6,677.17,13,"935.00,2340.00,2381.00,2421.98,1070.00",0
65,T65-14,55692.26,8,12781.05,21461.63,14,"2340.00,2381.00,2421.98,1070.00,55692.26",1
65,T65-15,988.0,9,12510.65,21599.55,15,"2381.00,2421.98,1070.00,55692.26,988.00",0
65,T65-16,232.0,0,12080.85,21817.12,16,"2421.98,1070.00,55692.26,988.00,232.00",0
65,T65-17,1068.0,23,11810.05,21943.37,17,"1070.00,55692.26,988.00,232.00,1068.00",0
65,T65-18,13723.37,2,14340.73,21278.38,18,"55692.26,988.00,232.00,1068.00,13723.37",0
65,T65-19,12294.24,7,5661.12,6023.43,19,"988.00,232.00,1068.00,13723.37,12294.24",0
66,T66-1,3221.0,1,3221.0,0.0,1,3221.00,0
66,T66-2,2127.0,1,2674.0,547.0,2,"3221.00,2127.00",0
66,T66-3,2370.0,18,2572.67,469.05,3,"3221.00,2127.00,2370.00",0
66,T66-4,2645.0,23,2590.75,407.42,4,"3221.00,2127.00,2370.00,2645.00",0
66,T66-5,1965.0,18,2465.6,442.09,5,"3221.00,2127.00,2370.00,2645.00,1965.00",0
66,T66-6,393.0,15,1900.0,787.75,6,"2127.00,2370.00,2645.00,1965.00,393.00",0
66,T66-7,3070.0,11,2088.6,921.11,7,"2370.00,2645.00,1965.00,393.00,3070.00",0
66,T66-8,593.0,23,1733.2,1074.09,8,"2645.00,1965.00,393.00,3070.00,593.00",0
66,T66-9,192.0,9,1242.6,1105.33,9,"1965.00,393.00,3070.00,593.00,192.00",0
66,T66-10,1379.0,15,1125.4,1052.32,10,"393.00,3070.00,593.00,192.00,1379.00",0
66,T66-11,24033.98,5,5853.6,9143.57,11,"3070.00,593.00,192.00,1379.00,24033.98",1
66,T66-12,1593.0,7,5558.2,9251.94,12,"593.00,192.00,1379.00,24033.98,1593.00",0
66,T66-13,10181.63,6,7475.92,9014.73,13,"192.00,1379.00,24033.98,1593.00,10181.63",0
66,T66-14,1098.0,5,7657.12,8874.51,14,"1379.00,24033.98,1593.00,10181.63,1098.00",0
66,T66-15,1846.0,2,7750.52,8810.17,15,"24033.98,1593.00,10181.63,1098.00,1846.00",0
66,T66-16,1747.0,4,3293.13,3453.84,16,"1593.00,10181.63,1098.00,1846.00,1747.00",0
66,T66-17,2238.0,7,3422.13,3399.55,17,"10181.63,1098.00,1846.00,1747.00,2238.00",0
66,T66-18,3008.0,8,1987.4,628.21,18,"1098.00,1846.00,1747.00,2238.00,3008.00",0
66,T66-19,45607.58,4,10889.32,17364.8,19,"1846.00,1747.00,2238.00,3008.00,45607.58",1
66,T66-20,2063.0,23,10932.72,17342.4,20,"1747.00,2238.00,3008.00,45607.58,2063.00",0
66,T66-21,2993.0,11,11181.92,17217.12,21,"2238.00,3008.00,45607.58,2063.00,2993.00",0
66,T66-22,2431.0,2,11220.52,17197.23,22,"3008.00,45607.58,2063.00,2993.00,2431.00",0
66,T66-23,521.0,2,10723.12,17461.5,23,"45607.58,2063.00,2993.00,2431.00,521.00",0
66,T66-24,2902.0,21,2182.0,895.68,24,"2063.00,2993.00,2431.00,521.00,2902.00",0
66,T66-25,499.0,9,1869.2,1126.08,25,"2993.00,2431.00,521.00,2902.00,499.00",0
67,T67-1,1066.0,10,1066.0,0.0,1,1066.00,0
67,T67-2,1176.0,20,1121.0,55.0,2,"1066.00,1176.00",0
67,T67-3,1092.0,16,1111.33,46.94,3,"1066.00,1176.00,1092.00",0
67,T67-4,626.0,9,990.0,214.05,4,"1066.00,1176.00,1092.00,626.00",0
67,T67-5,4179.35,22,1627.87,1290.03,5,"1066.00,1176.00,1092.00,626.00,4179.35",0
67,T67-6,305.0,18,1475.67,1388.47,6,"1176.00,1092.00,626.00,4179.35,305.00",0
67,T67-7,3489.0,10,1938.27,1583.23,7,"1092.00,626.00,4179.35,305.00,3489.00",0
67,T67-8,3019.0,10,2323.67,1564.75,8,"626.00,4179.35,305.00,3489.00,3019.00",0
67,T67-9,2585.0,10,2715.47,1316.12,9,"4179.35,305.00,3489.00,3019.00,2585.00",0
67,T67-10,1490.0,11,2177.6,1146.57,10,"305.00,3489.00,3019.00,2585.00,1490.00",0
67,T67-11,3424.0,6,2801.4,731.35,11,"3489.00,3019.00,2585.00,1490.00,3424.00",0
67,T67-12,598.0,10,2223.2,1037.78,12,"3019.00,2585.00,1490.00,3424.00,598.00",0
67,T67-13,710.0,6,1761.4,1093.17,13,"2585.00,1490.00,3424.00,598.00,710.00",0
67,T67-14,2199.0,20,1684.2,1044.85,14,"1490.00,3424.00,598.00,710.00,2199.00",0
67,T67-15,1304.0,10,1647.0,1054.37,15,"3424.00,598.00,710.00,2199.00,1304.00",0
67,T67-16,1646.0,18,1291.4,594.72,16,"598.00,710.00,2199.00,1304.00,1646.00",0
67,T67-17,385.0,1,1248.8,648.1,17,"710.00,2199.00,1304.00,1646.00,385.00",0
67,T67-18,2177.0,2,1542.2,669.47,18,"2199.00,1304.00,1646.00,385.00,2177.00",0
67,T67-19,1299.0,18,1362.2,584.25,19,"1304.00,1646.00,385.00,2177.00,1299.00",0
67,T67-20,6297.32,0,2360.86,2052.9,20,"1646.00,385.00,2177.00,1299.00,6297.32",0
67,T67-21,905.0,5,2212.66,2124.65,21,"385.00,2177.00,1299.00,6297.32,905.00",0
67,T67-22,272.0,22,2190.06,2144.48,22,"2177.00,1299.00,6297.32,905.00,272.00",0
67,T67-23,2593.96,19,2273.45,2150.45,23,"1299.00,6297.32,905.00,272.00,2593.96",0
68,T68-1,860.0,13,860.0,0.0,1,860.00,0
68,T68-2,2269.0,23,1564.5,704.5,2,"860.00,2269.00",0
68,T68-3,3218.0,22,2115.67,968.74,3,"860.00,2269.00,3218.00",0
68,T68-4,3039.0,12,2346.5,929.35,4,"860.00,2269.00,3218.00,3039.00",0
68,T68-5,2926.0,12,2462.4,862.95,5,"860.00,2269.00,3218.00,3039.00,2926.00",0
68,T68-6,1949.0,15,2680.2,486.24,6,"2269.00,3218.00,3039.00,2926.00,1949.00",0
68,T68-7,1987.0,17,2623.8,543.63,7,"3218.00,3039.00,2926.00,1949.00,1987.00",0
68,T68-8,463.5,10,2072.9,924.56,8,"3039.00,2926.00,1949.00,1987.00,463.50",0
68,T68-9,2674.0,6,1999.9,857.36,9,"2926.00,1949.00,1987.00,463.50,2674.00",0
68,T68-10,3242.0,21,2063.1,931.72,10,"1949.00,1987.00,463.50,2674.00,3242.00",0
68,T68-11,695.0,7,1812.3,1084.87,11,"1987.00,463.50,2674.00,3242.00,695.00",0
68,T68-12,5757.23,11,2566.35,1927.37,12,"463.50,2674.00,3242.00,695.00,5757.23",0
68,T68-13,4352.69,4,3344.18,1692.2,13,"2674.00,3242.00,695.00,5757.23,4352.69",0
68,T68-14,4252.45,10,3659.87,1684.94,14,"3242.00,695.00,5757.23,4352.69,4252.45",0
68,T68-15,3391.0,17,3689.67,1678.59,15,"695.00,5757.23,4352.69,4252.45,3391.00",0
68,T68-16,1509.0,13,3852.47,1395.93,16,"5757.23,4352.69,4252.45,3391.00,1509.00",0
68,T68-17,6700.42,22,4041.11,1676.18,17,"4352.69,4252.45,3391.00,1509.00,6700.42",0
68,T68-18,3499.0,12,3870.37,1679.22,18,"4252.45,3391.00,1509.00,6700.42,3499.00",0
68,T68-19,1735.0,15,3366.88,1857.16,19,"3391.00,1509.00,6700.42,3499.00,1735.00",0
68,T68-20,2958.0,4,3280.28,1864.1,20,"1509.00,6700.42,3499.00,1735.00,2958.00",0
68,T68-21,769.0,14,3132.28,2021.58,21,"6700.42,3499.00,1735.00,2958.00,769.00",0
68,T68-22,1921.62,7,2176.52,959.24,22,"3499.00,1735.00,2958.00,769.00,1921.62",0
68,T68-23,2904.0,3,2057.52,813.65,23,"1735.00,2958.00,769.00,1921.62,2904.00",0
68,T68-24,2464.0,10,2203.32,808.09,24,"2958.00,769.00,1921.62,2904.00,2464.00",0
68,T68-25,3529.54,15,2317.63,936.92,25,"769.00,1921.62,2904.00,2464.00,3529.54",0
68,T68-26,923.55,19,2348.54,886.51,26,"1921.62,2904.00,2464.00,3529.54,923.55",0
69,T69-1,2261.0,13,2261.0,0.0,1,2261.00,1
69,T69-2,1083.0,2,1672.0,589.0,2,"2261.00,1083.00",0
69,T69-3,3118.0,22,2154.0,834.22,3,"2261.00,1083.00,3118.00",0
69,T69-4,2746.0,21,2302.0,766.59,4,"2261.00,1083.00,3118.00,2746.00",0
69,T69-5,536.0,4,1948.8,984.44,5,"2261.00,1083.00,3118.00,2746.00,536.00",0
69,T69-6,1632.0,12,1823.0,976.67,6,"1083.00,3118.00,2746.00,536.00,1632.00",0
69,T69-7,969.0,7,1800.2,994.84,7,"3118.00,2746.00,536.00,1632.00,969.00",0
69,T69-8,2007.0,21,1578.0,775.61,8,"2746.00,536.00,1632.00,969.00,2007.00",0
69,T69-9,7355.86,8,2499.97,2481.01,9,"536.00,1632.00,969.00,2007.00,7355.86",1
69,T69-10,1290.0,2,2650.77,2377.82,10,"1632.00,969.00,2007.00,7355.86,1290.00",0
69,T69-11,2478.0,23,2819.97,2328.91,11,"969.00,2007.00,7355.86,1290.00,2478.00",0
69,T69-12,1089.0,4,2843.97,2310.25,12,"2007.00,7355.86,1290.00,2478.00,1089.00",0
69,T69-13,1761.0,17,2794.77,2330.09,13,"7355.86,1290.00,2478.00,1089.00,1761.00",0
69,T69-14,2804.0,21,1884.4,663.21,14,"1290.00,2478.00,1089.00,1761.00,2804.00",0
69,T69-15,3092.0,12,2244.8,728.67,15,"2478.00,1089.00,1761.00,2804.00,3092.00",0
69,T69-16,557.0,5,1860.6,970.67,16,"1089.00,1761.00,2804.00,3092.00,557.00",0
69,T69-17,1709.0,1,1984.6,901.3,17,"1761.00,2804.00,3092.00,557.00,1709.00",0
69,T69-18,2879.0,2,2208.2,955.17,18,"2804.00,3092.00,557.00,1709.00,2879.00",0
69,T69-19,1516.0,13,1950.6,933.18,19,"3092.00,557.00,1709.00,2879.00,1516.00",0
69,T69-20,3097.0,15,1951.6,934.4,20,"557.00,1709.00,2879.00,1516.00,3097.00",0
69,T69-21,1774.0,20,2195.0,656.65,21,"1709.00,2879.00,1516.00,3097.00,1774.00",0
69,T69-22,2259.0,15,2305.0,610.47,22,"2879.00,1516.00,3097.00,1774.00,2259.00",0
70,T70-1,2765.0,8,2765.0,0.0,1,2765.00,0
70,T70-2,3442.0,15,3103.5,338.5,2,"2765.00,3442.00",0
70,T70-3,1485.0,20,2564.0,811.49,3,"2765.00,3442.00,1485.00",0
70,T70-4,971.0,14,2165.75,984.73,4,"2765.00,3442.00,1485.00,971.00",0
70,T70-5,3278.0,12,2388.2,986.76,5,"2765.00,3442.00,1485.00,971.00,3278.00",0
70,T70-6,1737.0,18,2182.6,993.9,6,"3442.00,1485.00,971.00,3278.00,1737.00",0
70,T70-7,2093.0,5,1912.8,774.23,7,"1485.00,971.00,3278.00,1737.00,2093.00",0
70,T70-8,2247.0,5,2065.2,749.63,8,"971.00,3278.00,1737.00,2093.00,2247.00",0
70,T70-9,418.0,8,1954.6,923.53,9,"3278.00,1737.00,2093.00,2247.00,418.00",0
70,T70-10,365.0,11,1372.0,817.66,10,"1737.00,2093.00,2247.00,418.00,365.00",0
70,T70-11,1529.22,8,1330.44,803.21,11,"2093.00,2247.00,418.00,365.00,1529.22",0
70,T70-12,2860.0,1,1483.84,986.52,12,"2247.00,418.00,365.00,1529.22,2860.00",0
70,T70-13,1523.0,9,1339.04,914.37,13,"418.00,365.00,1529.22,2860.00,1523.00",0
70,T70-14,1161.0,21,1487.64,806.64,14,"365.00,1529.22,2860.00,1523.00,1161.00",0
71,T71-1,688.0,4,688.0,0.0,1,688.00,0
71,T71-2,1264.0,13,976.0,288.0,2,"688.00,1264.00",0
71,T71-3,785.0,6,912.33,251.8,3,"688.00,1264.00,785.00",0
71,T71-4,495.0,8,808.0,283.21,4,"688.00,1264.00,785.00,495.00",0
71,T71-5,3014.0,15,1249.2,918.04,5,"688.00,1264.00,785.00,495.00,3014.00",0
71,T71-6,2144.0,23,1540.4,924.74,6,"1264.00,785.00,495.00,3014.00,2144.00",0
71,T71-7,1728.0,12,1633.2,915.58,7,"785.00,495.00,3014.00,2144.00,1728.00",0
71,T71-8,2370.0,15,1950.2,838.15,8,"495.00,3014.00,2144.00,1728.00,2370.00",0
71,T71-9,1622.0,19,2175.6,499.7,9,"3014.00,2144.00,1728.00,2370.00,1622.00",0
71,T71-10,1499.0,23,1872.6,329.95,10,"2144.00,1728.00,2370.00,1622.00,1499.00",0
71,T71-11,9159.85,18,3275.77,2957.37,11,"1728.00,2370.00,1622.00,1499.00,9159.85",1
71,T71-12,1780.0,8,3286.17,2952.0,12,"2370.00,1622.00,1499.00,9159.85,1780.00",0
71,T71-13,2963.0,7,3404.77,2924.59,13,"1622.00,1499.00,9159.85,1780.00,2963.00",0
71,T71-14,2190.0,12,3518.37,2863.53,14,"1499.00,9159.85,1780.00,2963.00,2190.00",0
71,T71-15,11729.07,7,5564.38,4084.26,15,"9159.85,1780.00,2963.00,2190.00,11729.07",1
71,T71-16,15855.39,13,6903.49,5786.49,16,"1780.00,2963.00,2190.00,11729.07,15855.39",1
71,T71-17,3113.0,4,7170.09,5570.99,17,"2963.00,2190.00,11729.07,15855.39,3113.00",0
71,T71-18,1209.0,14,6819.29,5871.96,18,"2190.00,11729.07,15855.39,3113.00,1209.00",0
71,T71-19,919.0,19,6565.09,6090.31,19,"11729.07,15855.39,3113.00,1209.00,919.00",0
71,T71-20,905.0,12,4400.28,5786.14,20,"15855.39,3113.00,1209.00,919.00,905.00",0
71,T71-21,2886.0,23,1806.4,982.82,21,"3113.00,1209.00,919.00,905.00,2886.00",0
71,T71-22,6095.79,10,2402.96,1987.05,22,"1209.00,919.00,905.00,2886.00,6095.79",0
71,T71-23,635.0,0,2288.16,2067.66,23,"919.00,905.00,2886.00,6095.79,635.00",0
71,T71-24,1347.0,9,2373.76,2017.46,24,"905.00,2886.00,6095.79,635.00,1347.00",0
72,T72-1,916.0,10,916.0,0.0,1,916.00,0
72,T72-2,2151.0,23,1533.5,617.5,2,"916.00,2151.00",0
72,T72-3,1484.0,11,1517.0,504.73,3,"916.00,2151.00,1484.00",0
72,T72-4,504.0,8,1263.75,619.25,4,"916.00,2151.00,1484.00,504.00",0
72,T72-5,2969.0,4,1604.8,878.66,5,"916.00,2151.00,1484.00,504.00,2969.00",0
72,T72-6,1355.0,1,1692.6,825.78,6,"2151.00,1484.00,504.00,2969.00,1355.00",0
72,T72-7,1884.0,18,1639.2,802.72,7,"1484.00,504.00,2969.00,1355.00,1884.00",0
72,T72-8,2888.0,9,1920.0,934.13,8,"504.00,2969.00,1355.00,1884.00,2888.00",0
72,T72-9,542.0,23,1927.6,922.66,9,"2969.00,1355.00,1884.00,2888.00,542.00",0
72,T72-10,2180.0,19,1769.8,788.83,10,"1355.00,1884.00,2888.00,542.00,2180.00",0
72,T72-11,2411.0,0,1981.0,790.86,11,"1884.00,2888.00,542.00,2180.00,2411.00",0
72,T72-12,3026.0,3,2209.4,888.71,12,"2888.00,542.00,2180.00,2411.00,3026.00",0
72,T72-13,1319.0,4,1895.6,870.52,13,"542.00,2180.00,2411.00,3026.00,1319.00",0
72,T72-14,428.0,2,1872.8,906.43,14,"2180.00,2411.00,3026.00,1319.00,428.00",0
72,T72-15,3328.0,1,2102.4,1083.3,15,"2411.00,3026.00,1319.00,428.00,3328.00",0
72,T72-16,506.0,10,1721.4,1232.49,16,"3026.00,1319.00,428.00,3328.00,506.00",0
72,T72-17,16856.09,10,4487.42,6272.13,17,"1319.00,428.00,3328.00,506.00,16856.09",1
73,T73-1,1153.0,15,1153.0,0.0,1,1153.00,0
73,T73-2,885.0,8,1019.0,134.0,2,"1153.00,885.00",0
73,T73-3,3079.0,12,1705.67,977.24,3,"1153.00,885.00,3079.00",0
73,T73-4,335.0,20,1363.0,1033.69,4,"1153.00,885.00,3079.00,335.00",0
73,T73-5,911.0,0,1272.6,942.07,5,"1153.00,885.00,3079.00,335.00,911.00",0
73,T73-6,2035.0,6,1449.0,984.77,6,"885.00,3079.00,335.00,911.00,2035.00",0
73,T73-7,1259.0,14,1523.8,952.77,7,"3079.00,335.00,911.00,2035.00,1259.00",0
73,T73-8,3145.0,23,1537.0,974.44,8,"335.00,911.00,2035.00,1259.00,3145.00",0
73,T73-9,20501.97,12,5570.39,7505.08,9,"911.00,2035.00,1259.00,3145.00,20501.97",1
73,T73-10,2124.0,11,5812.99,7368.92,10,"2035.00,1259.00,3145.00,20501.97,2124.00",0
73,T73-11,14146.26,12,8235.24,7711.53,11,"1259.00,3145.00,20501.97,2124.00,14146.26",0
73,T73-12,1377.0,15,8258.84,7690.29,12,"3145.00,20501.97,2124.00,14146.26,1377.00",0
73,T73-13,2550.0,17,8139.84,7772.67,13,"20501.97,2124.00,14146.26,1377.00,2550.00",0
73,T73-14,15253.02,23,7090.06,6234.37,14,"2124.00,14146.26,1377.00,2550.00,15253.02",1
74,T74-1,1643.0,15,1643.0,0.0,1,1643.00,0
74,T74-2,2121.0,0,1882.0,239.0,2,"1643.00,2121.00",0
74,T74-3,1294.0,1,1686.0,338.99,3,"1643.00,2121.00,1294.00",0
74,T74-4,1254.0,0,1578.0,348.1,4,"1643.00,2121.00,1294.00,1254.00",0
74,T74-5,1662.0,21,1594.8,313.16,5,"1643.00,2121.00,1294.00,1254.00,1662.00",0
74,T74-6,4948.73,16,2255.95,1382.12,6,"2121.00,1294.00,1254.00,1662.00,4948.73",0
74,T74-7,517.0,23,1935.15,1551.93,7,"1294.00,1254.00,1662.00,4948.73,517.00",0
74,T74-8,849.0,13,1846.15,1598.22,8,"1254.00,1662.00,4948.73,517.00,849.00",0
74,T74-9,23915.04,11,6378.35,8907.89,9,"1662.00,4948.73,517.00,849.00,23915.04",1
74,T74-10,3015.27,1,6649.01,8780.12,10,"4948.73,517.00,849.00,23915.04,3015.27",0
74,T74-11,2703.0,21,6199.86,8912.06,11,"517.00,849.00,23915.04,3015.27,2703.00",0
74,T74-12,2189.0,0,6534.26,8721.89,12,"849.00,23915.04,3015.27,2703.00,2189.00",0
74,T74-13,3154.95,13,6995.45,8466.3,13,"23915.04,3015.27,2703.00,2189.00,3154.95",0
74,T74-14,9710.61,3,4154.57,2797.76,14,"3015.27,2703.00,2189.00,3154.95,9710.61",1
74,T74-15,3416.0,19,4234.71,2769.57,15,"2703.00,2189.00,3154.95,9710.61,3416.00",0
74,T74-16,2698.0,17,4233.71,2770.13,16,"2189.00,3154.95,9710.61,3416.00,2698.00",0
74,T74-17,2508.0,10,4297.51,2725.62,17,"3154.95,9710.61,3416.00,2698.00,2508.00",0
74,T74-18,517.0,7,3769.92,3122.18,18,"9710.61,3416.00,2698.00,2508.00,517.00",0
74,T74-19,718.04,12,1971.41,1147.95,19,"3416.00,2698.00,2508.00,517.00,718.04",0
74,T74-20,2344.0,1,1757.01,939.27,20,"2698.00,2508.00,517.00,718.04,2344.00",0
75,T75-1,3083.0,8,3083.0,0.0,1,3083.00,0
75,T75-2,1566.0,12,2324.5,758.5,2,"3083.00,1566.00",0
75,T75-3,799.0,7,1816.0,949.05,3,"3083.00,1566.00,799.00",0
75,T75-4,2109.0,20,1889.25,831.63,4,"3083.00,1566.00,799.00,2109.00",0
75,T75-5,3116.0,17,2134.6,891.11,5,"3083.00,1566.00,799.00,2109.00,3116.00",0
75,T75-6,1248.0,3,1767.6,797.94,6,"1566.00,799.00,2109.00,3116.00,1248.00",0
75,T75-7,1792.0,20,1812.8,791.62,7,"799.00,2109.00,3116.00,1248.00,1792.00",0
75,T75-8,3030.0,22,2259.0,719.94,8,"2109.00,3116.00,1248.00,1792.00,3030.00",0
75,T75-9,15842.21,7,5005.64,5465.39,9,"3116.00,1248.00,1792.00,3030.00,15842.21",1
75,T75-10,1163.0,18,4615.04,5653.05,10,"1248.00,1792.00,3030.00,15842.21,1163.00",0
75,T75-11,526.0,12,4470.64,5745.67,11,"1792.00,3030.00,15842.21,1163.00,526.00",0
75,T75-12,2188.0,9,4549.84,5710.83,12,"3030.00,15842.21,1163.00,526.00,2188.00",0
75,T75-13,2388.0,15,4421.44,5750.64,13,"15842.21,1163.00,526.00,2188.00,2388.00",0
75,T75-14,958.0,1,1444.6,721.46,14,"1163.00,526.00,2188.00,2388.00,958.00",0
75,T75-15,2204.0,8,1652.8,759.37,15,"526.00,2188.00,2388.00,958.00,2204.00",1
75,T75-16,2267.0,22,2001.0,526.22,16,"2188.00,2388.00,958.00,2204.00,2267.00",0
75,T75-17,1093.0,6,1782.0,621.97,17,"2388.00,958.00,2204.00,2267.00,1093.00",0
75,T75-18,2287.0,1,1761.8,603.32,18,"958.00,2204.00,2267.00,1093.00,2287.00",0
75,T75-19,3225.0,19,2215.2,676.31,19,"2204.00,2267.00,1093.00,2287.00,3225.00",0
75,T75-20,8658.15,12,3506.03,2663.35,20,"2267.00,1093.00,2287.00,3225.00,8658.15",1
75,T75-21,640.0,3,3180.63,2885.02,21,"1093.00,2287.00,3225.00,8658.15,640.00",0
76,T76-1,2106.0,18,2106.0,0.0,1,2106.00,0
76,T76-2,1097.0,5,1601.5,504.5,2,"2106.00,1097.00",0
76,T76-3,1505.0,8,1569.33,414.43,3,"2106.00,1097.00,1505.00",0
76,T76-4,1261.0,16,1492.25,382.93,4,"2106.00,1097.00,1505.00,1261.00",0
76,T76-5,1052.0,19,1404.2,385.13,5,"2106.00,1097.00,1505.00,1261.00,1052.00",0
76,T76-6,2485.0,1,1480.0,526.97,6,"1097.00,1505.00,1261.00,1052.00,2485.00",0
76,T76-7,18384.53,7,4937.51,6741.41,7,"1505.00,1261.00,1052.00,2485.00,18384.53",1
76,T76-8,4192.87,15,5475.08,6550.73,8,"1261.00,1052.00,2485.00,18384.53,4192.87",0
76,T76-9,2248.0,15,5672.48,6434.61,9,"1052.00,2485.00,18384.53,4192.87,2248.00",0
76,T76-10,1247.0,10,5711.48,6407.02,10,"2485.00,18384.53,4192.87,2248.00,1247.00",0
76,T76-11,1829.08,1,5580.3,6478.06,11,"18384.53,4192.87,2248.00,1247.00,1829.08",0
76,T76-12,944.0,10,2092.19,1143.6,12,"4192.87,2248.00,1247.00,1829.08,944.00",0
76,T76-13,16901.95,3,4634.01,6150.62,13,"2248.00,1247.00,1829.08,944.00,16901.95",1
76,T76-14,378.0,15,4260.01,6338.33,14,"1247.00,1829.08,944.00,16901.95,378.00",0
76,T76-15,691.0,5,4148.81,6394.84,15,"1829.08,944.00,16901.95,378.00,691.00",0
76,T76-16,10238.96,18,5830.78,6663.84,16,"944.00,16901.95,378.00,691.00,10238.96",0
76,T76-17,813.0,4,5804.58,6683.23,17,"16901.95,378.00,691.00,10238.96,813.00",0
77,T77-1,1448.0,0,1448.0,0.0,1,1448.00,0
77,T77-2,1703.0,14,1575.5,127.5,2,"1448.00,1703.00",0
77,T77-3,1529.0,7,1560.0,106.39,3,"1448.00,1703.00,1529.00",0
77,T77-4,1241.0,2,1480.25,166.04,4,"1448.00,1703.00,1529.00,1241.00",0
77,T77-5,286.0,14,1241.4,500.25,5,"1448.00,1703.00,1529.00,1241.00,286.00",0
77,T77-6,7352.42,9,2422.28,2513.19,6,"1703.00,1529.00,1241.00,286.00,7352.42",1
77,T77-7,2593.0,12,2600.28,2487.33,7,"1529.00,1241.00,286.00,7352.42,2593.00",0
77,T77-8,2890.0,14,2872.48,2428.99,8,"1241.00,286.00,7352.42,2593.00,2890.00",0
77,T77-9,782.0,3,2780.68,2496.64,9,"286.00,7352.42,2593.00,2890.00,782.00",0
77,T77-10,13192.29,23,5361.94,4472.8,10,"7352.42,2593.00,2890.00,782.00,13192.29",1
77,T77-11,19486.23,3,7788.7,7295.44,11,"2593.00,2890.00,782.00,13192.29,19486.23",1
77,T77-12,2314.0,3,7732.9,7335.92,12,"2890.00,782.00,13192.29,19486.23,2314.00",0
77,T77-13,2163.0,7,7587.5,7436.98,13,"782.00,13192.29,19486.23,2314.00,2163.00",0
77,T77-14,1580.0,11,7747.1,7296.45,14,"13192.29,19486.23,2314.00,2163.00,1580.00",0
77,T77-15,834.0,9,5275.45,7124.42,15,"19486.23,2314.00,2163.00,1580.00,834.00",0
77,T77-16,2869.0,11,1952.0,693.51,16,"2314.00,2163.00,1580.00,834.00,2869.00",0
77,T77-17,1056.0,15,1700.4,742.97,17,"2163.00,1580.00,834.00,2869.00,1056.00",0
77,T77-18,8615.2,21,2990.84,2899.46,18,"1580.00,834.00,2869.00,1056.00,8615.20",1
77,T77-19,734.0,0,2821.64,2999.8,19,"834.00,2869.00,1056.00,8615.20,734.00",0
78,T78-1,1601.0,4,1601.0,0.0,1,1601.00,0
78,T78-2,2297.0,16,1949.0,348.0,2,"1601.00,2297.00",0
78,T78-3,288.0,2,1395.33,832.96,3,"1601.00,2297.00,288.00",0
78,T78-4,1137.0,1,1330.75,729.99,4,"1601.00,2297.00,288.00,1137.00",0
78,T78-5,3093.48,19,1683.3,960.97,5,"1601.00,2297.00,288.00,1137.00,3093.48",0
78,T78-6,10416.3,15,3446.36,3614.8,6,"2297.00,288.00,1137.00,3093.48,10416.30",1
78,T78-7,2784.0,4,3543.76,3588.99,7,"288.00,1137.00,3093.48,10416.30,2784.00",0
78,T78-8,474.0,10,3580.96,3555.86,8,"1137.00,3093.48,10416.30,2784.00,474.00",0
78,T78-9,446.0,0,3442.76,3660.07,9,"3093.48,10416.30,2784.00,474.00,446.00",0
78,T78-10,1021.0,21,3028.26,3791.15,10,"10416.30,2784.00,474.00,446.00,1021.00",0
78,T78-11,2256.0,17,1396.2,954.92,11,"2784.00,474.00,446.00,1021.00,2256.00",0
78,T78-12,2958.0,7,1431.0,1006.63,12,"474.00,446.00,1021.00,2256.00,2958.00",0
78,T78-13,3968.65,7,2129.93,1276.54,13,"446.00,1021.00,2256.00,2958.00,3968.65",0
78,T78-14,2199.0,2,2480.53,969.78,14,"1021.00,2256.00,2958.00,3968.65,2199.00",0
78,T78-15,253.0,4,2326.93,1217.87,15,"2256.00,2958.00,3968.65,2199.00,253.00",0
78,T78-16,1672.0,2,2210.13,1246.74,16,"2958.00,3968.65,2199.00,253.00,1672.00",0
78,T78-17,1345.0,2,1887.53,1219.88,17,"3968.65,2199.00,253.00,1672.00,1345.00",0
78,T78-18,1633.0,3,1420.4,645.48,18,"2199.00,253.00,1672.00,1345.00,1633.00",0
78,T78-19,870.0,10,1154.6,534.17,19,"253.00,1672.00,1345.00,1633.00,870.00",0
78,T78-20,24599.57,7,6023.91,9292.25,20,"1672.00,1345.00,1633.00,870.00,24599.57",1
78,T78-21,2594.0,8,6208.31,9212.86,21,"1345.00,1633.00,870.00,24599.57,2594.00",0
78,T78-22,1535.0,20,6246.31,9193.1,22,"1633.00,870.00,24599.57,2594.00,1535.00",0
79,T79-1,1387.0,2,1387.0,0.0,1,1387.00,0
79,T79-2,3372.0,0,2379.5,992.5,2,"1387.00,3372.00",0
79,T79-3,2154.0,0,2304.33,817.32,3,"1387.00,3372.00,2154.00",0
79,T79-4,1994.0,1,2226.75,720.46,4,"1387.00,3372.00,2154.00,1994.00",0
79,T79-5,3404.0,3,2462.2,798.12,5,"1387.00,3372.00,2154.00,1994.00,3404.00",0
79,T79-6,1673.0,7,2519.4,726.0,6,"3372.00,2154.00,1994.00,3404.00,1673.00",0
79,T79-7,7637.06,20,3372.41,2211.82,7,"2154.00,1994.00,3404.00,1673.00,7637.06",1
79,T79-8,1164.0,6,3174.41,2351.9,8,"1994.00,3404.00,1673.00,7637.06,1164.00",0
79,T79-9,3263.0,22,3428.21,2278.14,9,"3404.00,1673.00,7637.06,1164.00,3263.00",0
79,T79-10,3274.0,17,3402.21,2279.01,10,"1673.00,7637.06,1164.00,3263.00,3274.00",0
79,T79-11,800.0,16,3227.61,2433.04,11,"7637.06,1164.00,3263.00,3274.00,800.00",0
79,T79-12,1829.0,2,2066.0,1035.82,12,"1164.00,3263.00,3274.00,800.00,1829.00",0
79,T79-13,3440.0,11,2521.2,1039.5,13,"3263.00,3274.00,800.00,1829.00,3440.00",0
79,T79-14,2489.0,17,2366.4,973.02,14,"3274.00,800.00,1829.00,3440.00,2489.00",0
79,T79-15,2550.0,13,2221.6,876.23,15,"800.00,1829.00,3440.00,2489.00,2550.00",0
79,T79-16,1789.0,6,2419.4,601.58,16,"1829.00,3440.00,2489.00,2550.00,1789.00",0
79,T79-17,11001.73,16,4253.95,3414.37,17,"3440.00,2489.00,2550.00,1789.00,11001.73",1
79,T79-18,3216.0,23,4209.15,3426.2,18,"2489.00,2550.00,1789.00,11001.73,3216.00",0
79,T79-19,13871.73,12,6485.69,4963.62,19,"2550.00,1789.00,11001.73,3216.00,13871.73",1
80,T80-1,1590.0,13,1590.0,0.0,1,1590.00,0
80,T80-2,1743.0,14,1666.5,76.5,2,"1590.00,1743.00",0
80,T80-3,1134.0,17,1489.0,258.68,3,"1590.00,1743.00,1134.00",0
80,T80-4,1665.0,17,1533.0,236.63,4,"1590.00,1743.00,1134.00,1665.00",0
80,T80-5,3248.0,15,1876.0,717.91,5,"1590.00,1743.00,1134.00,1665.00,3248.00",0
80,T80-6,653.0,10,1688.6,873.53,6,"1743.00,1134.00,1665.00,3248.00,653.00",0
80,T80-7,3432.0,1,2026.4,1120.82,7,"1134.00,1665.00,3248.00,653.00,3432.00",0
80,T80-8,3806.87,14,2560.97,1202.17,8,"1665.00,3248.00,653.00,3432.00,3806.87",0
80,T80-9,422.0,1,2312.37,1462.16,9,"3248.00,653.00,3432.00,3806.87,422.00",0
80,T80-10,8454.43,10,3353.66,2902.33,10,"653.00,3432.00,3806.87,422.00,8454.43",1
80,T80-11,14130.16,6,6049.09,4788.11,11,"3432.00,3806.87,422.00,8454.43,14130.16",1
80,T80-12,714.0,9,5505.49,5191.66,12,"3806.87,422.00,8454.43,14130.16,714.00",0
80,T80-13,1046.0,14,4953.32,5481.68,13,"422.00,8454.43,14130.16,714.00,1046.00",0
80,T80-14,24630.9,10,9795.1,8940.96,14,"8454.43,14130.16,714.00,1046.00,24630.90",1
80,T80-15,2607.0,14,8625.61,9409.96,15,"14130.16,714.00,1046.00,24630.90,2607.00",0
80,T80-16,2517.0,21,6302.98,9195.42,16,"714.00,1046.00,24630.90,2607.00,2517.00",0
80,T80-17,13096.49,10,8779.48,9022.51,17,"1046.00,24630.90,2607.00,2517.00,13096.49",0
80,T80-18,3476.0,16,9265.48,8650.64,18,"24630.90,2607.00,2517.00,13096.49,3476.00",0
80,T80-19,2470.0,19,4833.3,4148.0,19,"2607.00,2517.00,13096.49,3476.00,2470.00",0
80,T80-20,2260.0,13,4763.9,4187.38,20,"2517.00,13096.49,3476.00,2470.00,2260.00",0
81,T81-1,2086.0,9,2086.0,0.0,1,2086.00,0
81,T81-2,1389.0,12,1737.5,348.5,2,"2086.00,1389.00",0
81,T81-3,1399.0,17,1624.67,326.24,3,"2086.00,1389.00,1399.00",0
81,T81-4,2106.0,19,1745.0,351.09,4,"2086.00,1389.00,1399.00,2106.00",0
81,T81-5,594.33,2,1514.87,557.19,5,"2086.00,1389.00,1399.00,2106.00,594.33",0
81,T81-6,3138.0,5,1725.27,853.15,6,"1389.00,1399.00,2106.00,594.33,3138.00",0
81,T81-7,1940.0,4,1835.47,838.05,7,"1399.00,2106.00,594.33,3138.00,1940.00",0
81,T81-8,565.0,8,1668.67,979.4,8,"2106.00,594.33,3138.00,1940.00,565.00",0
81,T81-9,6340.75,2,2515.62,2137.6,9,"594.33,3138.00,1940.00,565.00,6340.75",0
81,T81-10,1538.0,14,2704.35,1996.64,10,"3138.00,1940.00,565.00,6340.75,1538.00",0
81,T81-11,2213.0,23,2519.35,1990.74,11,"1940.00,565.00,6340.75,1538.00,2213.00",0
81,T81-12,7319.0,5,3595.15,2710.33,12,"565.00,6340.75,1538.00,2213.00,7319.00",1
81,T81-13,8380.49,7,5158.25,2765.17,13,"6340.75,1538.00,2213.00,7319.00,8380.49",1
81,T81-14,2603.51,18,4410.8,2848.36,14,"1538.00,2213.00,7319.00,8380.49,2603.51",0
81,T81-15,2329.0,3,4569.0,2702.65,15,"2213.00,7319.00,8380.49,2603.51,2329.00",0
81,T81-16,1072.0,18,4340.8,2930.51,16,"7319.00,8380.49,2603.51,2329.00,1072.00",0
81,T81-17,672.0,1,3011.4,2781.84,17,"8380.49,2603.51,2329.00,1072.00,672.00",0
81,T81-18,3212.0,20,1977.7,955.37,18,"2603.51,2329.00,1072.00,672.00,3212.00",0
81,T81-19,2788.0,0,2014.6,982.02,19,"2329.00,1072.00,672.00,3212.00,2788.00",0
81,T81-20,763.0,5,1701.4,1076.94,20,"1072.00,672.00,3212.00,2788.00,763.00",0
81,T81-21,273.0,4,1541.6,1209.59,21,"672.00,3212.00,2788.00,763.00,273.00",0
81,T81-22,437.0,10,1494.6,1246.47,22,"3212.00,2788.00,763.00,273.00,437.00",0
81,T81-23,2170.67,8,1286.33,1005.9,23,"2788.00,763.00,273.00,437.00,2170.67",0
81,T81-24,3271.0,20,1382.93,1157.27,24,"763.00,273.00,437.00,2170.67,3271.00",0
81,T81-25,2214.0,3,1673.13,1147.31,25,"273.00,437.00,2170.67,3271.00,2214.00",0
81,T81-26,3084.0,8,2235.33,1003.14,26,"437.00,2170.67,3271.00,2214.00,3084.00",0
81,T81-27,275.0,20,2202.93,1061.62,27,"2170.67,3271.00,2214.00,3084.00,275.00",0
82,T82-1,1432.0,23,1432.0,0.0,1,1432.00,0
82,T82-2,764.0,11,1098.0,334.0,2,"1432.00,764.00",0
82,T82-3,1888.0,5,1361.33,461.58,3,"1432.00,764.00,1888.00",0
82,T82-4,2869.0,21,1738.25,765.5,4,"1432.00,764.00,1888.00,2869.00",0
82,T82-5,2784.0,19,1947.4,802.35,5,"1432.00,764.00,1888.00,2869.00,2784.00",0
82,T82-6,1339.47,16,1928.89,814.99,6,"764.00,1888.00,2869.00,2784.00,1339.47",0
82,T82-7,492.0,15,1874.49,895.99,7,"1888.00,2869.00,2784.00,1339.47,492.00",0
82,T82-8,2063.0,9,1909.49,899.24,8,"2869.00,2784.00,1339.47,492.00,2063.00",0
82,T82-9,2615.0,13,1858.69,849.4,9,"2784.00,1339.47,492.00,2063.00,2615.00",0
82,T82-10,17318.09,19,4765.51,6316.59,10,"1339.47,492.00,2063.00,2615.00,17318.09",1
82,T82-11,2758.0,1,5049.22,6186.86,11,"492.00,2063.00,2615.00,17318.09,2758.00",0
82,T82-12,2173.0,19,5385.42,5972.02,12,"2063.00,2615.00,17318.09,2758.00,2173.00",0
82,T82-13,1202.0,9,5213.22,6076.84,13,"2615.00,17318.09,2758.00,2173.00,1202.00",0
83,T83-1,732.0,11,732.0,0.0,1,732.00,0
83,T83-2,680.0,17,706.0,26.0,2,"732.00,680.00",0
83,T83-3,981.0,12,797.67,131.36,3,"732.00,680.00,981.00",0
83,T83-4,2802.0,21,1298.75,875.33,4,"732.00,680.00,981.00,2802.00",0
83,T83-5,1149.0,14,1268.8,785.2,5,"732.00,680.00,981.00,2802.00,1149.00",0
83,T83-6,14017.46,21,3925.89,5099.45,6,"680.00,981.00,2802.00,1149.00,14017.46",1
83,T83-7,1867.0,22,4163.29,4968.78,7,"981.00,2802.00,1149.00,14017.46,1867.00",0
83,T83-8,1264.0,2,4219.89,4933.69,8,"2802.00,1149.00,14017.46,1867.00,1264.00",0
83,T83-9,3128.0,23,4285.09,4916.65,9,"1149.00,14017.46,1867.00,1264.00,3128.00",0
83,T83-10,2780.0,23,4611.29,4749.01,10,"14017.46,1867.00,1264.00,3128.00,2780.00",1
83,T83-11,6664.15,10,3140.63,1880.92,11,"1867.00,1264.00,3128.00,2780.00,6664.15",0
83,T83-12,2007.0,6,3168.63,1862.71,12,"1264.00,3128.00,2780.00,6664.15,2007.00",0
83,T83-13,2314.0,8,3378.63,1687.05,13,"3128.00,2780.00,6664.15,2007.00,2314.00",0
84,T84-1,1720.0,17,1720.0,0.0,1,1720.00,0
84,T84-2,871.0,4,1295.5,424.5,2,"1720.00,871.00",0
84,T84-3,2018.0,6,1536.33,485.94,3,"1720.00,871.00,2018.00",0
84,T84-4,1733.0,3,1585.5,429.36,4,"1720.00,871.00,2018.00,1733.00",0
84,T84-5,522.0,11,1372.8,573.1,5,"1720.00,871.00,2018.00,1733.00,522.00",0
84,T84-6,219.0,17,1072.6,693.16,6,"871.00,2018.00,1733.00,522.00,219.00",0
84,T84-7,868.0,5,1072.0,693.33,7,"2018.00,1733.00,522.00,219.00,868.00",0
84,T84-8,1424.0,1,953.2,558.92,8,"1733.00,522.00,219.00,868.00,1424.00",0
84,T84-9,3368.0,2,1280.2,1118.08,9,"522.00,219.00,868.00,1424.00,3368.00",0
84,T84-10,12563.91,20,3688.58,4560.62,10,"219.00,868.00,1424.00,3368.00,12563.91",1
84,T84-11,6259.5,20,4896.68,4272.48,11,"868.00,1424.00,3368.00,12563.91,6259.50",1
84,T84-12,2504.0,3,5223.88,4005.74,12,"1424.00,3368.00,12563.91,6259.50,2504.00",0
84,T84-13,2021.0,15,5343.28,3898.15,13,"3368.00,12563.91,6259.50,2504.00,2021.00",0
84,T84-14,12728.63,23,7215.41,4671.08,14,"12563.91,6259.50,2504.00,2021.00,12728.63",1
84,T84-15,2247.0,6,5152.03,4096.0,15,"6259.50,2504.00,2021.00,12728.63,2247.00",0
84,T84-16,2816.0,20,4463.33,4141.13,16,"2504.00,2021.00,12728.63,2247.00,2816.00",1
84,T84-17,615.0,17,4085.53,4381.82,17,"2021.00,12728.63,2247.00,2816.00,615.00",0
84,T84-18,1826.0,19,4046.53,4400.85,18,"12728.63,2247.00,2816.00,615.00,1826.00",0
84,T84-19,532.0,23,1607.2,900.99,19,"2247.00,2816.00,615.00,1826.00,532.00",0
84,T84-20,467.0,6,1251.2,929.08,20,"2816.00,615.00,1826.00,532.00,467.00",0
84,T84-21,2280.0,15,1144.0,757.41,21,"615.00,1826.00,532.00,467.00,2280.00",0
84,T84-22,13784.45,3,3777.89,5053.37,22,"1826.00,532.00,467.00,2280.00,13784.45",1
84,T84-23,712.0,1,3555.09,5157.99,23,"532.00,467.00,2280.00,13784.45,712.00",0
84,T84-24,3193.0,8,4087.29,4951.77,24,"467.00,2280.00,13784.45,712.00,3193.00",0
84,T84-25,1918.0,10,4377.49,4770.29,25,"2280.00,13784.45,712.00,3193.00,1918.00",0
85,T85-1,2387.0,20,2387.0,0.0,1,2387.00,0
85,T85-2,198.0,23,1292.5,1094.5,2,"2387.00,198.00",0
85,T85-3,1816.0,23,1467.0,927.1,3,"2387.00,198.00,1816.00",0
85,T85-4,2476.0,1,1719.25,914.07,4,"2387.00,198.00,1816.00,2476.00",0
85,T85-5,2738.0,14,1923.0,913.5,5,"2387.00,198.00,1816.00,2476.00,2738.00",0
85,T85-6,2827.0,17,2011.0,973.2,6,"198.00,1816.00,2476.00,2738.00,2827.00",0
85,T85-7,1943.0,16,2360.0,410.91,7,"1816.00,2476.00,2738.00,2827.00,1943.00",0
85,T85-8,2681.0,21,2533.0,316.77,8,"2476.00,2738.00,2827.00,1943.00,2681.00",0
85,T85-9,1827.0,14,2403.2,427.24,9,"2738.00,2827.00,1943.00,2681.00,1827.00",0
85,T85-10,14070.69,12,4669.74,4716.88,10,"2827.00,1943.00,2681.00,1827.00,14070.69",1
85,T85-11,3332.0,16,4770.74,4681.62,11,"1943.00,2681.00,1827.00,14070.69,3332.00",0
85,T85-12,3377.0,18,5057.54,4541.43,12,"2681.00,1827.00,14070.69,3332.00,3377.00",0
85,T85-13,2095.0,12,4940.34,4608.32,13,"1827.00,14070.69,3332.00,3377.00,2095.00",0
85,T85-14,8735.19,3,6321.98,4502.14,14,"14070.69,3332.00,3377.00,2095.00,8735.19",0
85,T85-15,1820.0,2,3871.84,2512.2,15,"3332.00,3377.00,2095.00,8735.19,1820.00",0
85,T85-16,3021.0,4,3809.64,2528.59,16,"3377.00,2095.00,8735.19,1820.00,3021.00",1
85,T85-17,4835.55,12,4101.35,2545.93,17,"2095.00,8735.19,1820.00,3021.00,4835.55",0
85,T85-18,2641.0,17,4210.55,2468.05,18,"8735.19,1820.00,3021.00,4835.55,2641.00",0
86,T86-1,2306.0,21,2306.0,0.0,1,2306.00,0
86,T86-2,503.0,20,1404.5,901.5,2,"2306.00,503.00",0
86,T86-3,2583.0,2,1797.33,922.19,3,"2306.00,503.00,2583.00",0
86,T86-4,839.0,4,1557.75,900.02,4,"2306.00,503.00,2583.00,839.00",0
86,T86-5,600.23,10,1366.25,891.47,5,"2306.00,503.00,2583.00,839.00,600.23",0
86,T86-6,1381.0,21,1181.25,764.14,6,"503.00,2583.00,839.00,600.23,1381.00",0
86,T86-7,2628.0,5,1606.25,854.34,7,"2583.00,839.00,600.23,1381.00,2628.00",1
86,T86-8,2664.0,18,1622.45,873.27,8,"839.00,600.23,1381.00,2628.00,2664.00",0
86,T86-9,9919.16,9,3438.48,3333.01,9,"600.23,1381.00,2628.00,2664.00,9919.16",1
86,T86-10,2550.0,10,3828.43,3082.8,10,"1381.00,2628.00,2664.00,9919.16,2550.00",0
86,T86-11,2685.77,0,4089.38,2915.25,11,"2628.00,2664.00,9919.16,2550.00,2685.77",0
86,T86-12,514.0,21,3666.58,3232.56,12,"2664.00,9919.16,2550.00,2685.77,514.00",0
86,T86-13,3246.0,9,3782.98,3204.73,13,"9919.16,2550.00,2685.77,514.00,3246.00",0
86,T86-14,2809.0,5,2360.95,952.53,14,"2550.00,2685.77,514.00,3246.00,2809.00",0
87,T87-1,318.0,0,318.0,0.0,1,318.00,0
87,T87-2,763.0,2,540.5,222.5,2,"318.00,763.00",0
87,T87-3,1903.0,15,994.67,667.49,3,"318.00,763.00,1903.00",0
87,T87-4,1348.0,2,1083.0,597.97,4,"318.00,763.00,1903.00,1348.00",0
87,T87-5,6031.04,15,2072.61,2050.2,5,"318.00,763.00,1903.00,1348.00,6031.04",0
87,T87-6,2832.37,2,2575.48,1857.46,6,"763.00,1903.00,1348.00,6031.04,2832.37",0
87,T87-7,959.0,1,2614.68,1820.5,7,"1903.00,1348.00,6031.04,2832.37,959.00",0
87,T87-8,540.0,17,2342.08,1999.87,8,"1348.00,6031.04,2832.37,959.00,540.00",0
87,T87-9,7055.42,9,3483.56,2634.76,9,"6031.04,2832.37,959.00,540.00,7055.42",1
87,T87-10,617.0,6,2400.76,2472.85,10,"2832.37,959.00,540.00,7055.42,617.00",0
87,T87-11,2947.0,0,2423.68,2477.28,11,"959.00,540.00,7055.42,617.00,2947.00",0
87,T87-12,582.0,12,2348.28,2525.97,12,"540.00,7055.42,617.00,2947.00,582.00",0
87,T87-13,1431.0,1,2526.48,2421.38,13,"7055.42,617.00,2947.00,582.00,1431.00",0
88,T88-1,1733.0,9,1733.0,0.0,1,1733.00,0
88,T88-2,1936.0,20,1834.5,101.5,2,"1733.00,1936.00",0
88,T88-3,920.0,1,1529.67,438.99,3,"1733.00,1936.00,920.00",0
88,T88-4,593.0,16,1295.5,555.91,4,"1733.00,1936.00,920.00,593.00",0
88,T88-5,3458.0,1,1728.0,997.73,5,"1733.00,1936.00,920.00,593.00,3458.00",0
88,T88-6,3399.0,0,2061.2,1201.2,6,"1936.00,920.00,593.00,3458.00,3399.00",0
88,T88-7,495.0,6,1773.0,1359.15,7,"920.00,593.00,3458.00,3399.00,495.00",0
88,T88-8,1072.0,7,1803.4,1341.31,8,"593.00,3458.00,3399.00,495.00,1072.00",0
88,T88-9,3058.0,4,2296.4,1256.13,9,"3458.00,3399.00,495.00,1072.00,3058.00",0
88,T88-10,2768.0,2,2158.4,1154.74,10,"3399.00,495.00,1072.00,3058.00,2768.00",0
88,T88-11,1479.0,18,1774.4,985.13,11,"495.00,1072.00,3058.00,2768.00,1479.00",0
88,T88-12,2717.0,19,2218.8,789.5,12,"1072.00,3058.00,2768.00,1479.00,2717.00",0
88,T88-13,34013.57,10,8807.11,12614.91,13,"3058.00,2768.00,1479.00,2717.00,34013.57",1
88,T88-14,1163.0,22,8428.11,12808.91,14,"2768.00,1479.00,2717.00,34013.57,1163.00",0
88,T88-15,810.0,13,8036.51,13004.41,15,"1479.00,2717.00,34013.57,1163.00,810.00",0
88,T88-16,2613.0,11,8263.31,12897.52,16,"2717.00,34013.57,1163.00,810.00,2613.00",0
88,T88-17,1474.0,10,8014.71,13013.49,17,"34013.57,1163.00,810.00,2613.00,1474.00",0
88,T88-18,904.0,23,1392.8,652.21,18,"1163.00,810.00,2613.00,1474.00,904.00",0
88,T88-19,17264.94,10,4613.19,6358.37,19,"810.00,2613.00,1474.00,904.00,17264.94",1
88,T88-20,13674.91,15,7186.17,6880.32,20,"2613.00,1474.00,904.00,17264.94,13674.91",0
88,T88-21,2520.0,14,7167.57,6892.77,21,"1474.00,904.00,17264.94,13674.91,2520.00",0
88,T88-22,19301.4,4,10733.05,7600.01,22,"904.00,17264.94,13674.91,2520.00,19301.40",0
88,T88-23,3429.0,11,11238.05,6989.49,23,"17264.94,13674.91,2520.00,19301.40,3429.00",0
88,T88-24,3187.38,13,8422.54,6828.16,24,"13674.91,2520.00,19301.40,3429.00,3187.38",0
89,T89-1,1121.0,3,1121.0,0.0,1,1121.00,0
89,T89-2,2984.0,11,2052.5,931.5,2,"1121.00,2984.00",0
89,T89-3,2662.0,15,2255.67,813.03,3,"1121.00,2984.00,2662.00",0
89,T89-4,2155.0,6,2230.5,705.45,4,"1121.00,2984.00,2662.00,2155.00",0
89,T89-5,670.0,9,1918.4,887.56,5,"1121.00,2984.00,2662.00,2155.00,670.00",0
89,T89-6,804.0,21,1855.0,951.29,6,"2984.00,2662.00,2155.00,670.00,804.00",0
89,T89-7,873.0,15,1432.8,815.25,7,"2662.00,2155.00,670.00,804.00,873.00",0
89,T89-8,529.0,11,1006.2,586.36,8,"2155.00,670.00,804.00,873.00,529.00",0
89,T89-9,1603.0,19,895.8,372.72,9,"670.00,804.00,873.00,529.00,1603.00",0
89,T89-10,5689.49,2,1899.7,1927.9,10,"804.00,873.00,529.00,1603.00,5689.49",0
89,T89-11,2957.0,10,2330.3,1874.8,11,"873.00,529.00,1603.00,5689.49,2957.00",0
89,T89-12,274.0,6,2210.5,1980.26,12,"529.00,1603.00,5689.49,2957.00,274.00",0
89,T89-13,3290.0,4,2762.7,1812.2,13,"1603.00,5689.49,2957.00,274.00,3290.00",0
90,T90-1,766.0,4,766.0,0.0,1,766.00,0
90,T90-2,1201.0,8,983.5,217.5,2,"766.00,1201.00",0
90,T90-3,2094.0,22,1353.67,552.8,3,"766.00,1201.00,2094.00",0
90,T90-4,2915.0,2,1744.0,828.41,4,"766.00,1201.00,2094.00,2915.00",0
90,T90-5,2540.0,5,1903.2,806.47,5,"766.00,1201.00,2094.00,2915.00,2540.00",0
90,T90-6,2355.0,1,2221.0,575.83,6,"1201.00,2094.00,2915.00,2540.00,2355.00",0
90,T90-7,25259.15,20,7032.63,9117.18,7,"2094.00,2915.00,2540.00,2355.00,25259.15",1
90,T90-8,2878.0,11,7189.43,9037.29,8,"2915.00,2540.00,2355.00,25259.15,2878.00",1
90,T90-9,382.0,0,6682.83,9328.99,9,"2540.00,2355.00,25259.15,2878.00,382.00",0
90,T90-10,5077.05,17,7190.24,9157.27,10,"2355.00,25259.15,2878.00,382.00,5077.05",0
90,T90-11,1691.0,2,7057.44,9230.95,11,"25259.15,2878.00,382.00,5077.05,1691.00",0
90,T90-12,856.0,23,2176.81,1679.58,12,"2878.00,382.00,5077.05,1691.00,856.00",0
90,T90-13,3169.0,22,2235.01,1707.68,13,"382.00,5077.05,1691.00,856.00,3169.00",0
90,T90-14,529.0,19,2264.41,1676.5,14,"5077.05,1691.00,856.00,3169.00,529.00",0
90,T90-15,7699.91,23,2788.98,2619.59,15,"1691.00,856.00,3169.00,529.00,7699.91",1
90,T90-16,2173.0,3,2885.38,2586.06,16,"856.00,3169.00,529.00,7699.91,2173.00",0
90,T90-17,1647.0,20,3043.58,2479.06,17,"3169.00,529.00,7699.91,2173.00,1647.00",0
90,T90-18,1235.0,20,2656.78,2578.21,18,"529.00,7699.91,2173.00,1647.00,1235.00",0
90,T90-19,183.0,12,2587.58,2638.33,19,"7699.91,2173.00,1647.00,1235.00,183.00",0
90,T90-20,2299.0,14,1507.4,763.86,20,"2173.00,1647.00,1235.00,183.00,2299.00",0
90,T90-21,1081.0,2,1289.0,695.37,21,"1647.00,1235.00,183.00,2299.00,1081.00",0
90,T90-22,2654.0,13,1490.4,888.81,22,"1235.00,183.00,2299.00,1081.00,2654.00",0
90,T90-23,419.0,22,1327.2,989.89,23,"183.00,2299.00,1081.00,2654.00,419.00",0
90,T90-24,3056.0,9,1901.8,992.79,24,"2299.00,1081.00,2654.00,419.00,3056.00",0
90,T90-25,2105.0,17,1863.0,980.22,25,"1081.00,2654.00,419.00,3056.00,2105.00",0
91,T91-1,1663.0,21,1663.0,0.0,1,1663.00,0
91,T91-2,2287.0,10,1975.0,312.0,2,"1663.00,2287.00",0
91,T91-3,2585.0,17,2178.33,384.17,3,"1663.00,2287.00,2585.00",0
91,T91-4,2457.0,14,2248.0,353.91,4,"1663.00,2287.00,2585.00,2457.00",0
91,T91-5,3229.0,18,2444.2,504.16,5,"1663.00,2287.00,2585.00,2457.00,3229.00",0
91,T91-6,1066.0,10,2324.8,705.52,6,"2287.00,2585.00,2457.00,3229.00,1066.00",0
91,T91-7,3308.0,3,2529.0,805.67,7,"2585.00,2457.00,3229.00,1066.00,3308.00",0
91,T91-8,2292.0,21,2470.4,810.11,8,"2457.00,3229.00,1066.00,3308.00,2292.00",0
91,T91-9,1352.0,2,2249.4,926.05,9,"3229.00,1066.00,3308.00,2292.00,1352.00",0
91,T91-10,28161.23,7,7235.85,10492.17,10,"1066.00,3308.00,2292.00,1352.00,28161.23",1
91,T91-11,2507.0,16,7524.05,10337.38,11,"3308.00,2292.00,1352.00,28161.23,2507.00",0
91,T91-12,3083.0,3,7479.05,10356.11,12,"2292.00,1352.00,28161.23,2507.00,3083.00",0
91,T91-13,3071.0,4,7634.85,10282.5,13,"1352.00,28161.23,2507.00,3083.00,3071.00",0
91,T91-14,3089.0,9,7982.25,10091.94,14,"28161.23,2507.00,3083.00,3071.00,3089.00",0
91,T91-15,4583.8,9,3266.76,695.06,15,"2507.00,3083.00,3071.00,3089.00,4583.80",0
91,T91-16,2163.0,0,3197.96,778.83,16,"3083.00,3071.00,3089.00,4583.80,2163.00",0
91,T91-17,2015.0,2,2984.36,915.53,17,"3071.00,3089.00,4583.80,2163.00,2015.00",0
92,T92-1,425.0,12,425.0,0.0,1,425.00,0
92,T92-2,544.0,17,484.5,59.5,2,"425.00,544.00",0
92,T92-3,523.0,5,497.33,51.86,3,"425.00,544.00,523.00",0
92,T92-4,585.0,5,519.25,58.81,4,"425.00,544.00,523.00,585.00",0
92,T92-5,1474.0,18,710.2,385.51,5,"425.00,544.00,523.00,585.00,1474.00",0
92,T92-6,8515.94,12,2328.39,3114.44,6,"544.00,523.00,585.00,1474.00,8515.94",1
92,T92-7,1217.0,4,2462.99,3048.25,7,"523.00,585.00,1474.00,8515.94,1217.00",0
92,T92-8,2229.0,12,2804.19,2904.08,8,"585.00,1474.00,8515.94,1217.00,2229.00",0
92,T92-9,13381.46,0,5363.48,4824.36,9,"1474.00,8515.94,1217.00,2229.00,13381.46",1
92,T92-10,3256.0,3,5719.88,4583.68,10,"8515.94,1217.00,2229.00,13381.46,3256.00",0
92,T92-11,2137.0,21,4444.09,4515.12,11,"1217.00,2229.00,13381.46,3256.00,2137.00",0
92,T92-12,3060.0,7,4812.69,4307.06,12,"2229.00,13381.46,3256.00,2137.00,3060.00",0
93,T93-1,3201.0,19,3201.0,0.0,1,3201.00,0
93,T93-2,2872.0,0,3036.5,164.5,2,"3201.00,2872.00",0
93,T93-3,662.0,12,2245.0,1127.38,3,"3201.00,2872.00,662.00",0
93,T93-4,1719.0,8,2113.5,1002.55,4,"3201.00,2872.00,662.00,1719.00",0
93,T93-5,2698.0,22,2230.4,926.69,5,"3201.00,2872.00,662.00,1719.00,2698.00",0
93,T93-6,1794.0,23,1949.0,793.25,6,"2872.00,662.00,1719.00,2698.00,1794.00",0
93,T93-7,2651.0,2,1904.8,745.3,7,"662.00,1719.00,2698.00,1794.00,2651.00",0
93,T93-8,2538.0,16,2280.0,431.24,8,"1719.00,2698.00,1794.00,2651.00,2538.00",0
93,T93-9,1043.0,20,2144.8,640.92,9,"2698.00,1794.00,2651.00,2538.00,1043.00",0
93,T93-10,2615.0,1,2128.2,627.31,10,"1794.00,2651.00,2538.00,1043.00,2615.00",0
93,T93-11,2184.0,0,2206.2,604.75,11,"2651.00,2538.00,1043.00,2615.00,2184.00",0
93,T93-12,302.0,10,1736.4,911.39,12,"2538.00,1043.00,2615.00,2184.00,302.00",0
93,T93-13,1314.0,19,1491.6,823.33,13,"1043.00,2615.00,2184.00,302.00,1314.00",0
93,T93-14,2612.0,0,1805.4,888.94,14,"2615.00,2184.00,302.00,1314.00,2612.00",0
93,T93-15,18258.83,15,4934.17,6709.17,15,"2184.00,302.00,1314.00,2612.00,18258.83",1
93,T93-16,2377.0,2,4972.77,6693.78,16,"302.00,1314.00,2612.00,18258.83,2377.00",0
93,T93-17,191.0,5,4950.57,6709.4,17,"1314.00,2612.00,18258.83,2377.00,191.00",0
93,T93-18,2114.0,12,5110.57,6629.84,18,"2612.00,18258.83,2377.00,191.00,2114.00",0
93,T93-19,33933.03,6,11374.77,13023.55,19,"18258.83,2377.00,191.00,2114.00,33933.03",1
93,T93-20,306.0,0,7784.21,13105.19,20,"2377.00,191.00,2114.00,33933.03,306.00",0
93,T93-21,4084.28,15,8125.66,12981.52,21,"191.00,2114.00,33933.03,306.00,4084.28",0
93,T93-22,2601.0,1,8607.66,12720.07,22,"2114.00,33933.03,306.00,4084.28,2601.00",0
93,T93-23,15201.39,3,11225.14,12458.36,23,"33933.03,306.00,4084.28,2601.00,15201.39",1
94,T94-1,783.0,7,783.0,0.0,1,783.00,0
94,T94-2,193.0,12,488.0,295.0,2,"783.00,193.00",0
94,T94-3,1126.0,6,700.67,385.32,3,"783.00,193.00,1126.00",0
94,T94-4,1178.0,16,820.0,392.52,4,"783.00,193.00,1126.00,1178.00",0
94,T94-5,4641.39,10,1584.28,1568.36,5,"783.00,193.00,1126.00,1178.00,4641.39",0
94,T94-6,265.0,12,1480.68,1633.62,6,"193.00,1126.00,1178.00,4641.39,265.00",0
94,T94-7,771.0,5,1596.28,1557.06,7,"1126.00,1178.00,4641.39,265.00,771.00",0
94,T94-8,1990.62,20,1769.2,1543.18,8,"1178.00,4641.39,265.00,771.00,1990.62",0
94,T94-9,1136.0,20,1760.8,1546.49,9,"4641.39,265.00,771.00,1990.62,1136.00",0
94,T94-10,2839.0,3,1400.32,913.58,10,"265.00,771.00,1990.62,1136.00,2839.00",0
94,T94-11,2106.0,21,1768.52,735.43,11,"771.00,1990.62,1136.00,2839.00,2106.00",0
94,T94-12,516.0,2,1717.52,808.09,12,"1990.62,1136.00,2839.00,2106.00,516.00",0
94,T94-13,2555.0,13,1830.4,875.0,13,"1136.00,2839.00,2106.00,516.00,2555.00",0
94,T94-14,1135.0,16,1830.2,875.16,14,"2839.00,2106.00,516.00,2555.00,1135.00",0
94,T94-15,1348.0,10,1532.0,721.07,15,"2106.00,516.00,2555.00,1135.00,1348.00",0
94,T94-16,1538.0,23,1418.4,664.19,16,"516.00,2555.00,1135.00,1348.00,1538.00",0
94,T94-17,10259.67,17,3367.13,3480.57,17,"2555.00,1135.00,1348.00,1538.00,10259.67",1
94,T94-18,2042.0,0,3264.53,3510.43,18,"1135.00,1348.00,1538.00,10259.67,2042.00",0
94,T94-19,2410.0,6,3519.53,3390.74,19,"1348.00,1538.00,10259.67,2042.00,2410.00",0
94,T94-20,3456.0,23,3941.13,3221.35,20,"1538.00,10259.67,2042.00,2410.00,3456.00",0
94,T94-21,5290.81,2,4691.7,3003.84,21,"10259.67,2042.00,2410.00,3456.00,5290.81",0
94,T94-22,1419.0,3,2923.56,1355.87,22,"2042.00,2410.00,3456.00,5290.81,1419.00",0
94,T94-23,961.95,5,2707.55,1551.09,23,"2410.00,3456.00,5290.81,1419.00,961.95",0
94,T94-24,12115.2,12,4648.59,4039.96,24,"3456.00,5290.81,1419.00,961.95,12115.20",1
94,T94-25,1159.0,9,4189.19,4273.32,25,"5290.81,1419.00,961.95,12115.20,1159.00",0
94,T94-26,13343.92,19,5799.81,5673.29,26,"1419.00,961.95,12115.20,1159.00,13343.92",1
94,T94-27,2218.0,0,5959.61,5557.72,27,"961.95,12115.20,1159.00,13343.92,2218.00",0
95,T95-1,825.0,15,825.0,0.0,1,825.00,0
95,T95-2,2418.0,15,1621.5,796.5,2,"825.00,2418.00",0
95,T95-3,3100.0,5,2114.33,953.26,3,"825.00,2418.00,3100.00",0
95,T95-4,2804.0,11,2286.75,877.9,4,"825.00,2418.00,3100.00,2804.00",0
95,T95-5,558.0,1,1941.0,1046.3,5,"825.00,2418.00,3100.00,2804.00,558.00",0
95,T95-6,9681.84,14,3712.37,3113.2,6,"2418.00,3100.00,2804.00,558.00,9681.84",1
95,T95-7,840.0,0,3396.77,3302.64,7,"3100.00,2804.00,558.00,9681.84,840.00",0
95,T95-8,2854.24,13,3347.62,3308.52,8,"2804.00,558.00,9681.84,840.00,2854.24",0
95,T95-9,3463.0,22,3479.42,3297.34,9,"558.00,9681.84,840.00,2854.24,3463.00",0
95,T95-10,1412.0,6,3650.22,3160.89,10,"9681.84,840.00,2854.24,3463.00,1412.00",0
95,T95-11,1571.0,19,2028.05,973.81,11,"840.00,2854.24,3463.00,1412.00,1571.00",0
95,T95-12,2996.0,22,2459.25,816.99,12,"2854.24,3463.00,1412.00,1571.00,2996.00",0
95,T95-13,11999.46,5,4288.29,3936.24,13,"3463.00,1412.00,1571.00,2996.00,11999.46",1
95,T95-14,1224.0,1,3840.49,4127.37,14,"1412.00,1571.00,2996.00,11999.46,1224.00",0
95,T95-15,609.0,2,3679.89,4233.01,15,"1571.00,2996.00,11999.46,1224.00,609.00",0
95,T95-16,1682.0,0,3702.09,4222.17,16,"2996.00,11999.46,1224.00,609.00,1682.00",0
95,T95-17,2912.0,19,3685.29,4225.12,17,"11999.46,1224.00,609.00,1682.00,2912.00",0
96,T96-1,1334.0,13,1334.0,0.0,1,1334.00,0
96,T96-2,2122.0,10,1728.0,394.0,2,"1334.00,2122.00",0
96,T96-3,795.0,21,1417.0,544.92,3,"1334.00,2122.00,795.00",0
96,T96-4,1385.0,10,1409.0,472.11,4,"1334.00,2122.00,795.00,1385.00",0
96,T96-5,15835.7,8,4294.34,5786.11,5,"1334.00,2122.00,795.00,1385.00,15835.70",0
96,T96-6,3213.0,5,4670.14,5640.83,6,"2122.00,795.00,1385.00,15835.70,3213.00",0
96,T96-7,349.0,2,4315.54,5842.01,7,"795.00,1385.00,15835.70,3213.00,349.00",0
96,T96-8,1604.0,12,4477.34,5752.79,8,"1385.00,15835.70,3213.00,349.00,1604.00",0
96,T96-9,2222.0,20,4644.74,5671.98,9,"15835.70,3213.00,349.00,1604.00,2222.00",0
96,T96-10,1433.0,20,1764.2,943.05,10,"3213.00,349.00,1604.00,2222.00,1433.00",0
96,T96-11,1358.0,10,1393.2,604.07,11,"349.00,1604.00,2222.00,1433.00,1358.00",0
96,T96-12,386.0,3,1400.6,591.33,12,"1604.00,2222.00,1433.00,1358.00,386.00",0
96,T96-13,988.0,6,1277.4,600.22,13,"2222.00,1433.00,1358.00,386.00,988.00",0
96,T96-14,1977.0,13,1228.4,526.59,14,"1433.00,1358.00,386.00,988.00,1977.00",0
96,T96-15,11843.64,23,3310.53,4297.71,15,"1358.00,386.00,988.00,1977.00,11843.64",1
96,T96-16,1468.0,7,3332.53,4287.93,16,"386.00,988.00,1977.00,11843.64,1468.00",0
96,T96-17,6468.58,0,4549.04,4139.69,17,"988.00,1977.00,11843.64,1468.00,6468.58",0
96,T96-18,13507.76,10,7053.0,4937.89,18,"1977.00,11843.64,1468.00,6468.58,13507.76",1
96,T96-19,245.0,18,6706.6,5327.23,19,"11843.64,1468.00,6468.58,13507.76,245.00",0
96,T96-20,1361.0,19,4610.07,4941.78,20,"1468.00,6468.58,13507.76,245.00,1361.00",0
96,T96-21,3393.0,1,4995.07,4753.39,21,"6468.58,13507.76,245.00,1361.00,3393.00",0
96,T96-22,2360.0,7,4173.35,4782.67,22,"13507.76,245.00,1361.00,3393.00,2360.00",0
96,T96-23,1778.0,19,1827.4,1044.87,23,"245.00,1361.00,3393.00,2360.00,1778.00",0
96,T96-24,3142.0,11,2406.8,775.16,24,"1361.00,3393.00,2360.00,1778.00,3142.00",0
96,T96-25,2932.0,9,2721.0,581.88,25,"3393.00,2360.00,1778.00,3142.00,2932.00",0
96,T96-26,1081.0,9,2258.6,756.55,26,"2360.00,1778.00,3142.00,2932.00,1081.00",0
97,T97-1,2345.0,2,2345.0,0.0,1,2345.00,0
97,T97-2,1667.0,17,2006.0,339.0,2,"2345.00,1667.00",0
97,T97-3,2690.0,8,2234.0,424.95,3,"2345.00,1667.00,2690.00",0
97,T97-4,1405.0,1,2026.75,514.1,4,"2345.00,1667.00,2690.00,1405.00",0
97,T97-5,2543.0,4,2130.0,504.06,5,"2345.00,1667.00,2690.00,1405.00,2543.00",0
97,T97-6,2011.0,2,2063.2,493.16,6,"1667.00,2690.00,1405.00,2543.00,2011.00",0
97,T97-7,8533.7,7,3436.54,2588.29,7,"2690.00,1405.00,2543.00,2011.00,8533.70",1
97,T97-8,1801.0,18,3258.74,2662.92,8,"1405.00,2543.00,2011.00,8533.70,1801.00",0
97,T97-9,1913.0,18,3360.34,2599.18,9,"2543.00,2011.00,8533.70,1801.00,1913.00",0
97,T97-10,712.0,17,2994.14,2809.05,10,"2011.00,8533.70,1801.00,1913.00,712.00",0
97,T97-11,10262.97,2,4644.53,3942.19,11,"8533.70,1801.00,1913.00,712.00,10262.97",1
97,T97-12,563.0,7,3050.39,3647.77,12,"1801.00,1913.00,712.00,10262.97,563.00",0
97,T97-13,9395.99,15,4569.39,4328.97,13,"1913.00,712.00,10262.97,563.00,9395.99",1
97,T97-14,3035.0,13,4793.79,4212.98,14,"712.00,10262.97,563.00,9395.99,3035.00",0
97,T97-15,2221.0,21,5095.59,3955.98,15,"10262.97,563.00,9395.99,3035.00,2221.00",0
97,T97-16,3892.6,17,3821.52,2995.93,16,"563.00,9395.99,3035.00,2221.00,3892.60",0
97,T97-17,2502.0,6,4209.32,2655.16,17,"9395.99,3035.00,2221.00,3892.60,2502.00",0
97,T97-18,6773.53,9,3684.83,1646.05,18,"3035.00,2221.00,3892.60,2502.00,6773.53",0
97,T97-19,3344.0,11,3746.63,1626.17,19,"2221.00,3892.60,2502.00,6773.53,3344.00",0
97,T97-20,5793.49,14,4461.12,1583.14,20,"3892.60,2502.00,6773.53,3344.00,5793.49",0
97,T97-21,2700.98,2,4222.8,1733.36,21,"2502.00,6773.53,3344.00,5793.49,2700.98",0
98,T98-1,1702.0,12,1702.0,0.0,1,1702.00,0
98,T98-2,1100.0,12,1401.0,301.0,2,"1702.00,1100.00",0
98,T98-3,1753.0,15,1518.33,296.54,3,"1702.00,1100.00,1753.00",0
98,T98-4,1909.0,16,1616.0,307.52,4,"1702.00,1100.00,1753.00,1909.00",0
98,T98-5,1220.0,10,1536.8,317.4,5,"1702.00,1100.00,1753.00,1909.00,1220.00",0
98,T98-6,5861.49,12,2368.7,1773.08,6,"1100.00,1753.00,1909.00,1220.00,5861.49",0
98,T98-7,19435.87,2,6035.87,6901.55,7,"1753.00,1909.00,1220.00,5861.49,19435.87",1
98,T98-8,463.0,19,5777.87,7078.67,8,"1909.00,1220.00,5861.49,19435.87,463.00",0
98,T98-9,2507.0,6,5897.47,7017.08,9,"1220.00,5861.49,19435.87,463.00,2507.00",0
98,T98-10,5324.45,7,6718.36,6652.48,10,"5861.49,19435.87,463.00,2507.00,5324.45",0
98,T98-11,15903.36,22,8726.74,7546.38,11,"19435.87,463.00,2507.00,5324.45,15903.36",1
98,T98-12,2762.0,12,5391.96,5477.74,12,"463.00,2507.00,5324.45,15903.36,2762.00",0
98,T98-13,2319.0,19,5763.16,5186.29,13,"2507.00,5324.45,15903.36,2762.00,2319.00",0
98,T98-14,2364.0,8,5734.56,5204.53,14,"5324.45,15903.36,2762.00,2319.00,2364.00",0
98,T98-15,1561.0,17,4981.87,5474.55,15,"15903.36,2762.00,2319.00,2364.00,1561.00",0
98,T98-16,305.0,15,1862.2,870.14,16,"2762.00,2319.00,2364.00,1561.00,305.00",0
98,T98-17,701.0,18,1450.0,833.66,17,"2319.00,2364.00,1561.00,305.00,701.00",0
99,T99-1,716.0,12,716.0,0.0,1,716.00,0
99,T99-2,3205.0,1,1960.5,1244.5,2,"716.00,3205.00",0
99,T99-3,3415.0,9,2445.33,1225.82,3,"716.00,3205.00,3415.00",0
99,T99-4,2572.0,6,2477.0,1063.01,4,"716.00,3205.00,3415.00,2572.00",0
99,T99-5,2484.0,0,2478.4,950.79,5,"716.00,3205.00,3415.00,2572.00,2484.00",0
99,T99-6,3183.0,20,2971.8,372.34,6,"3205.00,3415.00,2572.00,2484.00,3183.00",0
99,T99-7,1057.0,6,2542.2,822.5,7,"3415.00,2572.00,2484.00,3183.00,1057.00",0
99,T99-8,2148.0,22,2288.8,700.72,8,"2572.00,2484.00,3183.00,1057.00,2148.00",0
99,T99-9,2542.0,17,2282.8,698.4,9,"2484.00,3183.00,1057.00,2148.00,2542.00",0
99,T99-10,18950.45,0,5576.09,6722.8,10,"3183.00,1057.00,2148.00,2542.00,18950.45",1
99,T99-11,1748.0,5,5289.09,6848.29,11,"1057.00,2148.00,2542.00,18950.45,1748.00",0
99,T99-12,3195.0,10,5716.69,6634.1,12,"2148.00,2542.00,18950.45,1748.00,3195.00",0
99,T99-13,7659.04,12,6818.9,6403.42,13,"2542.00,18950.45,1748.00,3195.00,7659.04",0
99,T99-14,2152.0,16,6740.9,6457.19,14,"18950.45,1748.00,3195.00,7659.04,2152.00",0
99,T99-15,983.0,16,3147.41,2366.05,15,"1748.00,3195.00,7659.04,2152.00,983.00",0
100,T100-1,3068.0,4,3068.0,0.0,1,3068.00,0
100,T100-2,159.0,16,1613.5,1454.5,2,"3068.00,159.00",0
100,T100-3,294.0,23,1173.67,1340.63,3,"3068.00,159.00,294.00",0
100,T100-4,1448.0,18,1242.25,1167.08,4,"3068.00,159.00,294.00,1448.00",0
100,T100-5,3445.0,15,1682.8,1366.02,5,"3068.00,159.00,294.00,1448.00,3445.00",0
100,T100-6,1063.01,0,1281.8,1182.49,6,"159.00,294.00,1448.00,3445.00,1063.01",0
100,T100-7,2706.0,21,1791.2,1136.8,7,"294.00,1448.00,3445.00,1063.01,2706.00",0
100,T100-8,3055.0,17,2343.4,926.55,8,"1448.00,3445.00,1063.01,2706.00,3055.00",0
100,T100-9,1489.0,17,2351.6,918.74,9,"3445.00,1063.01,2706.00,3055.00,1489.00",0
100,T100-10,160.0,21,1694.6,1064.88,10,"1063.01,2706.00,3055.00,1489.00,160.00",0
100,T100-11,11277.6,0,3737.52,3904.8,11,"2706.00,3055.00,1489.00,160.00,11277.60",1
100,T100-12,2128.0,0,3621.92,3942.0,12,"3055.00,1489.00,160.00,11277.60,2128.00",0
100,T100-13,3636.83,9,3738.29,3932.12,13,"1489.00,160.00,11277.60,2128.00,3636.83",0
100,T100-14,1850.0,23,3810.49,3893.28,14,"160.00,11277.60,2128.00,3636.83,1850.00",0
100,T100-15,862.0,12,3950.89,3769.81,15,"11277.60,2128.00,3636.83,1850.00,862.00",0
100,T100-16,10933.06,21,3881.98,3636.03,16,"2128.00,3636.83,1850.00,862.00,10933.06",1
100,T100-17,9316.53,2,5319.69,4055.28,17,"3636.83,1850.00,862.00,10933.06,9316.53",0
100,T100-18,1025.0,21,4797.32,4392.59,18,"1850.00,862.00,10933.06,9316.53,1025.00",0
100,T100-19,1505.0,2,4728.32,4440.8,19,"862.00,10933.06,9316.53,1025.00,1505.00",0
100,T100-20,666.0,9,4689.12,4475.48,20,"10933.06,9316.53,1025.00,1505.00,666.00",0
100,T100-21,3432.0,23,3188.91,3209.05,21,"9316.53,1025.00,1505.00,666.00,3432.00",0
100,T100-22,283.0,3,1382.2,1101.41,22,"1025.00,1505.00,666.00,3432.00,283.00",0
100,T100-23,3314.0,14,1840.0,1313.16,23,"1505.00,666.00,3432.00,283.00,3314.00",1
100,T100-24,1555.21,6,1850.04,1310.75,24,"666.00,3432.00,283.00,3314.00,1555.21",0
100,T100-25,1899.0,22,2096.64,1173.6,25,"3432.00,283.00,3314.00,1555.21,1899.00",0
101,T101-1,877.0,9,877.0,0.0,1,877.00,0
101,T101-2,1924.0,9,1400.5,523.5,2,"877.00,1924.00",0
101,T101-3,1697.0,10,1499.33,449.71,3,"877.00,1924.00,1697.00",0
101,T101-4,3478.0,6,1994.0,941.15,4,"877.00,1924.00,1697.00,3478.00",0
101,T101-5,3352.0,9,2265.6,1001.84,5,"877.00,1924.00,1697.00,3478.00,3352.00",0
101,T101-6,15734.53,17,5237.11,5298.17,6,"1924.00,1697.00,3478.00,3352.00,15734.53",1
101,T101-7,2685.0,23,5389.31,5211.02,7,"1697.00,3478.00,3352.00,15734.53,2685.00",0
101,T101-8,1249.0,11,5299.71,5277.17,8,"3478.00,3352.00,15734.53,2685.00,1249.00",0
101,T101-9,2726.0,6,5149.31,5337.32,9,"3352.00,15734.53,2685.00,1249.00,2726.00",0
101,T101-10,7071.72,19,5893.25,5294.01,10,"15734.53,2685.00,1249.00,2726.00,7071.72",0
101,T101-11,58477.98,23,14441.94,22104.46,11,"2685.00,1249.00,2726.00,7071.72,58477.98",1
101,T101-12,2053.0,13,14315.54,22173.03,12,"1249.00,2726.00,7071.72,58477.98,2053.00",0
101,T101-13,2107.0,14,14487.14,22074.34,13,"2726.00,7071.72,58477.98,2053.00,2107.00",0
101,T101-14,3152.0,7,14572.34,22029.56,14,"7071.72,58477.98,2053.00,2107.00,3152.00",0
101,T101-15,25895.72,23,18337.14,22034.51,15,"58477.98,2053.00,2107.00,3152.00,25895.72",0
101,T101-16,3492.0,10,7339.94,9295.14,16,"2053.00,2107.00,3152.00,25895.72,3492.00",0
101,T101-17,1170.0,23,7163.34,9401.68,17,"2107.00,3152.00,25895.72,3492.00,1170.00",0
101,T101-18,1564.0,11,7054.74,9462.4,18,"3152.00,25895.72,3492.00,1170.00,1564.00",0
101,T101-19,929.0,8,6610.14,9684.94,19,"25895.72,3492.00,1170.00,1564.00,929.00",0
101,T101-20,2538.0,13,1938.6,951.07,20,"3492.00,1170.00,1564.00,929.00,2538.00",0
101,T101-21,2575.0,7,1755.2,685.05,21,"1170.00,1564.00,929.00,2538.00,2575.00",0
101,T101-22,2162.0,20,1953.6,628.12,22,"1564.00,929.00,2538.00,2575.00,2162.00",0
101,T101-23,2088.0,20,2058.4,597.33,23,"929.00,2538.00,2575.00,2162.00,2088.00",0
101,T101-24,9347.36,8,3742.07,2809.4,24,"2538.00,2575.00,2162.00,2088.00,9347.36",1
102,T102-1,729.0,13,729.0,0.0,1,729.00,0
102,T102-2,220.0,22,474.5,254.5,2,"729.00,220.00",0
102,T102-3,1291.0,17,746.67,437.41,3,"729.00,220.00,1291.00",0
102,T102-4,1793.0,12,1008.25,590.57,4,"729.00,220.00,1291.00,1793.00",0
102,T102-5,746.0,12,955.8,538.54,5,"729.00,220.00,1291.00,1793.00,746.00",0
102,T102-6,781.0,15,966.2,534.55,6,"220.00,1291.00,1793.00,746.00,781.00",0
102,T102-7,1357.0,2,1193.6,391.42,7,"1291.00,1793.00,746.00,781.00,1357.00",0
102,T102-8,1645.0,6,1264.4,432.5,8,"1793.00,746.00,781.00,1357.00,1645.00",0
102,T102-9,911.0,1,1088.0,353.6,9,"746.00,781.00,1357.00,1645.00,911.00",0
102,T102-10,1164.0,3,1171.6,309.52,10,"781.00,1357.00,1645.00,911.00,1164.00",0
102,T102-11,2467.0,13,1508.8,535.91,11,"1357.00,1645.00,911.00,1164.00,2467.00",0
102,T102-12,2210.0,3,1679.4,593.15,12,"1645.00,911.00,1164.00,2467.00,2210.00",0
102,T102-13,5125.61,8,2375.52,1497.42,13,"911.00,1164.00,2467.00,2210.00,5125.61",0
102,T102-14,14191.57,9,5031.63,4762.58,14,"1164.00,2467.00,2210.00,5125.61,14191.57",1
102,T102-15,1338.0,14,5066.43,4734.74,15,"2467.00,2210.00,5125.61,14191.57,1338.00",0
102,T102-16,29902.68,14,10553.57,10692.31,16,"2210.00,5125.61,14191.57,1338.00,29902.68",1
102,T102-17,3157.0,17,10742.97,10550.28,17,"5125.61,14191.57,1338.00,29902.68,3157.00",0
102,T102-18,1629.0,4,10043.65,11005.51,18,"14191.57,1338.00,29902.68,3157.00,1629.00",0
102,T102-19,9337.66,2,9072.87,10809.14,19,"1338.00,29902.68,3157.00,1629.00,9337.66",0
103,T103-1,1165.0,18,1165.0,0.0,1,1165.00,0
103,T103-2,809.0,18,987.0,178.0,2,"1165.00,809.00",0
103,T103-3,2179.0,22,1384.33,580.41,3,"1165.00,809.00,2179.00",0
103,T103-4,1371.0,19,1381.0,502.68,4,"1165.00,809.00,2179.00,1371.00",0
103,T103-5,1764.0,2,1457.6,474.99,5,"1165.00,809.00,2179.00,1371.00,1764.00",0
103,T103-6,1121.0,0,1448.8,480.71,6,"809.00,2179.00,1371.00,1764.00,1121.00",0
103,T103-7,1709.0,20,1628.8,361.04,7,"2179.00,1371.00,1764.00,1121.00,1709.00",0
103,T103-8,2785.0,7,1750.0,567.87,8,"1371.00,1764.00,1121.00,1709.00,2785.00",0
103,T103-9,3008.0,7,2077.4,709.27,9,"1764.00,1121.00,1709.00,2785.00,3008.00",0
103,T103-10,1651.0,18,2054.8,720.61,10,"1121.00,1709.00,2785.00,3008.00,1651.00",0
103,T103-11,3111.0,18,2452.8,639.99,11,"1709.00,2785.00,3008.00,1651.00,3111.00",1
103,T103-12,7571.1,8,3625.22,2040.53,12,"2785.00,3008.00,1651.00,3111.00,7571.10",1
103,T103-13,3208.0,8,3709.82,2012.52,13,"3008.00,1651.00,3111.00,7571.10,3208.00",0
103,T103-14,220.0,1,3152.22,2465.07,14,"1651.00,3111.00,7571.10,3208.00,220.00",0
103,T103-15,1464.0,3,3114.82,2488.87,15,"3111.00,7571.10,3208.00,220.00,1464.00",0
103,T103-16,7030.47,4,3898.72,2940.48,16,"7571.10,3208.00,220.00,1464.00,7030.47",0
103,T103-17,3210.0,20,3026.49,2298.53,17,"3208.00,220.00,1464.00,7030.47,3210.00",0
103,T103-18,777.0,19,2540.29,2460.15,18,"220.00,1464.00,7030.47,3210.00,777.00",0
103,T103-19,633.0,0,2622.89,2386.69,19,"1464.00,7030.47,3210.00,777.00,633.00",0
103,T103-20,415.0,18,2413.09,2521.63,20,"7030.47,3210.00,777.00,633.00,415.00",0
103,T103-21,2359.0,19,1478.8,1105.57,21,"3210.00,777.00,633.00,415.00,2359.00",0
103,T103-22,10859.83,4,3008.77,3985.32,22,"777.00,633.00,415.00,2359.00,10859.83",1
103,T103-23,1471.0,17,3147.57,3916.67,23,"633.00,415.00,2359.00,10859.83,1471.00",0
103,T103-24,2220.0,0,3464.97,3761.26,24,"415.00,2359.00,10859.83,1471.00,2220.00",0
103,T103-25,3402.0,17,4062.37,3454.06,25,"2359.00,10859.83,1471.00,2220.00,3402.00",0
103,T103-26,273.0,13,3645.17,3748.07,26,"10859.83,1471.00,2220.00,3402.00,273.00",0
103,T103-27,1320.0,15,1737.2,1038.6,27,"1471.00,2220.00,3402.00,273.00,1320.00",0
104,T104-1,2112.0,5,2112.0,0.0,1,2112.00,0
104,T104-2,1597.0,8,1854.5,257.5,2,"2112.00,1597.00",0
104,T104-3,2036.0,9,1915.0,226.99,3,"2112.00,1597.00,2036.00",0
104,T104-4,815.0,15,1640.0,515.28,4,"2112.00,1597.00,2036.00,815.00",0
104,T104-5,251.0,3,1362.2,721.88,5,"2112.00,1597.00,2036.00,815.00,251.00",0
104,T104-6,1814.0,6,1302.6,667.79,6,"1597.00,2036.00,815.00,251.00,1814.00",0
104,T104-7,1352.0,7,1253.6,653.22,7,"2036.00,815.00,251.00,1814.00,1352.00",0
104,T104-8,4112.99,6,1669.0,1329.26,8,"815.00,251.00,1814.00,1352.00,4112.99",0
104,T104-9,2485.0,13,2003.0,1281.67,9,"251.00,1814.00,1352.00,4112.99,2485.00",0
104,T104-10,1043.0,3,2161.4,1089.96,10,"1814.00,1352.00,4112.99,2485.00,1043.00",0
104,T104-11,2571.0,18,2312.8,1083.75,11,"1352.00,4112.99,2485.00,1043.00,2571.00",0
104,T104-12,4147.76,2,2871.95,1162.17,12,"4112.99,2485.00,1043.00,2571.00,4147.76",0
104,T104-13,1814.0,7,2412.15,1027.15,13,"2485.00,1043.00,2571.00,4147.76,1814.00",0
104,T104-14,2614.34,13,2438.02,1030.29,14,"1043.00,2571.00,4147.76,1814.00,2614.34",0
104,T104-15,1512.0,8,2531.82,913.77,15,"2571.00,4147.76,1814.00,2614.34,1512.00",0
104,T104-16,5485.31,1,3114.68,1496.52,16,"4147.76,1814.00,2614.34,1512.00,5485.31",0
104,T104-17,1753.0,0,2635.73,1472.26,17,"1814.00,2614.34,1512.00,5485.31,1753.00",0
104,T104-18,596.0,5,2392.13,1674.89,18,"2614.34,1512.00,5485.31,1753.00,596.00",0
105,T105-1,1456.0,14,1456.0,0.0,1,1456.00,0
105,T105-2,3499.0,22,2477.5,1021.5,2,"1456.00,3499.00",0
105,T105-3,1950.0,4,2301.67,870.33,3,"1456.00,3499.00,1950.00",0
105,T105-4,1226.0,5,2032.75,886.03,4,"1456.00,3499.00,1950.00,1226.00",0
105,T105-5,14848.33,21,4595.87,5187.13,5,"1456.00,3499.00,1950.00,1226.00,14848.33",0
105,T105-6,13565.81,17,7017.83,5929.64,6,"3499.00,1950.00,1226.00,14848.33,13565.81",0
105,T105-7,468.0,10,6411.63,6395.06,7,"1950.00,1226.00,14848.33,13565.81,468.00",0
105,T105-8,840.0,3,6189.63,6563.14,8,"1226.00,14848.33,13565.81,468.00,840.00",0
105,T105-9,1758.74,11,6296.18,6485.56,9,"14848.33,13565.81,468.00,840.00,1758.74",0
105,T105-10,775.0,23,3481.51,5060.53,10,"13565.81,468.00,840.00,1758.74,775.00",0
105,T105-11,3261.0,15,1420.55,1016.15,11,"468.00,840.00,1758.74,775.00,3261.00",0
105,T105-12,2638.53,2,1854.65,979.45,12,"840.00,1758.74,775.00,3261.00,2638.53",0
105,T105-13,899.0,20,1866.45,967.44,13,"1758.74,775.00,3261.00,2638.53,899.00",0
105,T105-14,5311.21,8,2576.95,1673.94,14,"775.00,3261.00,2638.53,899.00,5311.21",0
105,T105-15,1387.0,15,2699.35,1555.92,15,"3261.00,2638.53,899.00,5311.21,1387.00",0
105,T105-16,1202.0,6,2287.55,1623.77,16,"2638.53,899.00,5311.21,1387.00,1202.00",0
105,T105-17,1953.0,8,2150.44,1617.28,17,"899.00,5311.21,1387.00,1202.00,1953.00",0
105,T105-18,2337.0,14,2438.04,1492.18,18,"5311.21,1387.00,1202.00,1953.00,2337.00",0
105,T105-19,14062.17,0,4188.23,4953.43,19,"1387.00,1202.00,1953.00,2337.00,14062.17",1
106,T106-1,3278.0,18,3278.0,0.0,1,3278.00,0
106,T106-2,1286.0,4,2282.0,996.0,2,"3278.00,1286.00",0
106,T106-3,1367.0,8,1977.0,920.54,3,"3278.00,1286.00,1367.00",0
106,T106-4,1412.0,9,1835.75,833.91,4,"3278.00,1286.00,1367.00,1412.00",0
106,T106-5,284.0,11,1525.4,970.35,5,"3278.00,1286.00,1367.00,1412.00,284.00",0
106,T106-6,1376.0,21,1145.0,432.47,6,"1286.00,1367.00,1412.00,284.00,1376.00",0
106,T106-7,227.0,13,933.2,553.84,7,"1367.00,1412.00,284.00,1376.00,227.00",0
106,T106-8,45039.46,6,9667.69,17693.23,8,"1412.00,284.00,1376.00,227.00,45039.46",1
106,T106-9,1642.0,23,9713.69,17671.99,9,"284.00,1376.00,227.00,45039.46,1642.00",0
106,T106-10,2399.0,17,10136.69,17465.32,10,"1376.00,227.00,45039.46,1642.00,2399.00",0
106,T106-11,1724.0,0,10206.29,17430.93,11,"227.00,45039.46,1642.00,2399.00,1724.00",0
106,T106-12,1378.0,10,10436.49,17304.76,12,"45039.46,1642.00,2399.00,1724.00,1378.00",0
106,T106-13,2410.0,20,1910.6,419.18,13,"1642.00,2399.00,1724.00,1378.00,2410.00",0
106,T106-14,14968.46,13,4575.89,5211.43,14,"2399.00,1724.00,1378.00,2410.00,14968.46",1
107,T107-1,1866.0,11,1866.0,0.0,1,1866.00,0
107,T107-2,2402.0,14,2134.0,268.0,2,"1866.00,2402.00",0
107,T107-3,215.0,12,1494.33,930.71,3,"1866.00,2402.00,215.00",0
107,T107-4,1328.0,22,1452.75,809.23,4,"1866.00,2402.00,215.00,1328.00",0
107,T107-5,2255.52,16,1613.3,791.83,5,"1866.00,2402.00,215.00,1328.00,2255.52",0
107,T107-6,2733.0,16,1786.7,913.73,6,"2402.00,215.00,1328.00,2255.52,2733.00",0
107,T107-7,11891.03,17,3684.51,4192.49,7,"215.00,1328.00,2255.52,2733.00,11891.03",1
107,T107-8,3371.0,4,4315.71,3845.87,8,"1328.00,2255.52,2733.00,11891.03,3371.00",0
107,T107-9,1048.0,6,4259.71,3890.75,9,"2255.52,2733.00,11891.03,3371.00,1048.00",0
107,T107-10,3420.0,6,4492.61,3797.54,10,"2733.00,11891.03,3371.00,1048.00,3420.00",0
107,T107-11,613.73,16,4068.75,4078.18,11,"11891.03,3371.00,1048.00,3420.00,613.73",0
107,T107-12,1149.0,0,1920.35,1217.91,12,"3371.00,1048.00,3420.00,613.73,1149.00",0
107,T107-13,1152.0,21,1476.55,991.74,13,"1048.00,3420.00,613.73,1149.00,1152.00",0
107,T107-14,3212.0,2,1909.35,1166.99,14,"3420.00,613.73,1149.00,1152.00,3212.00",0
107,T107-15,9353.61,3,3096.07,3252.78,15,"613.73,1149.00,1152.00,3212.00,9353.61",1
107,T107-16,3185.0,14,3610.32,3014.18,16,"1149.00,1152.00,3212.00,9353.61,3185.00",0
107,T107-17,4566.25,15,4293.77,2754.87,17,"1152.00,3212.00,9353.61,3185.00,4566.25",0
107,T107-18,972.44,13,4257.86,2796.45,18,"3212.00,9353.61,3185.00,4566.25,972.44",0
107,T107-19,687.0,0,3752.86,3145.88,19,"9353.61,3185.00,4566.25,972.44,687.00",0
107,T107-20,638.0,0,2009.74,1588.98,20,"3185.00,4566.25,972.44,687.00,638.00",0
107,T107-21,1393.0,5,1651.34,1481.97,21,"4566.25,972.44,687.00,638.00,1393.00",0
107,T107-22,2214.0,12,1180.89,582.14,22,"972.44,687.00,638.00,1393.00,2214.00",0
107,T107-23,1504.0,0,1287.2,582.9,23,"687.00,638.00,1393.00,2214.00,1504.00",0
107,T107-24,1867.0,16,1523.2,528.45,24,"638.00,1393.00,2214.00,1504.00,1867.00",0
108,T108-1,618.0,1,618.0,0.0,1,618.00,0
108,T108-2,2772.0,21,1695.0,1077.0,2,"618.00,2772.00",0
108,T108-3,349.0,17,1246.33,1084.38,3,"618.00,2772.00,349.00",0
108,T108-4,1430.0,9,1292.25,942.47,4,"618.00,2772.00,349.00,1430.00",0
108,T108-5,3079.0,19,1649.6,1105.17,5,"618.00,2772.00,349.00,1430.00,3079.00",0
108,T108-6,760.0,17,1678.0,1079.82,6,"2772.00,349.00,1430.00,3079.00,760.00",0
108,T108-7,3240.78,17,1771.76,1185.88,7,"349.00,1430.00,3079.00,760.00,3240.78",0
108,T108-8,7141.86,22,3130.33,2218.86,8,"1430.00,3079.00,760.00,3240.78,7141.86",1
108,T108-9,1810.0,12,3206.33,2165.18,9,"3079.00,760.00,3240.78,7141.86,1810.00",0
108,T108-10,6498.1,2,3890.15,2526.72,10,"760.00,3240.78,7141.86,1810.00,6498.10",0
108,T108-11,12990.56,8,6336.26,3873.6,11,"3240.78,7141.86,1810.00,6498.10,12990.56",1
108,T108-12,2187.0,16,6125.5,4060.45,12,"7141.86,1810.00,6498.10,12990.56,2187.00",0
108,T108-13,1299.0,9,4956.93,4424.26,13,"1810.00,6498.10,12990.56,2187.00,1299.00",0
108,T108-14,13156.49,5,7226.23,5088.25,14,"6498.10,12990.56,2187.00,1299.00,13156.49",1
108,T108-15,842.0,18,6095.01,5714.57,15,"12990.56,2187.00,1299.00,13156.49,842.00",0
108,T108-16,1614.0,13,3819.7,4688.86,16,"2187.00,1299.00,13156.49,842.00,1614.00",0
108,T108-17,11168.49,22,5616.0,5387.63,17,"1299.00,13156.49,842.00,1614.00,11168.49",0
108,T108-18,1563.0,15,5668.8,5346.2,18,"13156.49,842.00,1614.00,11168.49,1563.00",0
108,T108-19,2827.0,22,3602.9,3836.13,19,"842.00,1614.00,11168.49,1563.00,2827.00",0
108,T108-20,1053.0,6,3645.1,3806.58,20,"1614.00,11168.49,1563.00,2827.00,1053.00",0
108,T108-21,1430.0,23,3608.3,3826.87,21,"11168.49,1563.00,2827.00,1053.00,1430.00",0
108,T108-22,2804.0,0,1935.4,737.86,22,"1563.00,2827.00,1053.00,1430.00,2804.00",0
108,T108-23,14983.37,8,4619.47,5230.9,23,"2827.00,1053.00,1430.00,2804.00,14983.37",1
108,T108-24,1859.0,9,4425.87,5310.96,24,"1053.00,1430.00,2804.00,14983.37,1859.00",0
109,T109-1,1214.0,5,1214.0,0.0,1,1214.00,0
109,T109-2,523.0,23,868.5,345.5,2,"1214.00,523.00",0
109,T109-3,686.0,23,807.67,294.93,3,"1214.00,523.00,686.00",0
109,T109-4,2001.0,0,1106.0,576.41,4,"1214.00,523.00,686.00,2001.00",0
109,T109-5,1581.0,15,1201.0,549.45,5,"1214.00,523.00,686.00,2001.00,1581.00",0
109,T109-6,1701.0,0,1298.4,585.13,6,"523.00,686.00,2001.00,1581.00,1701.00",0
109,T109-7,1606.0,5,1515.0,440.61,7,"686.00,2001.00,1581.00,1701.00,1606.00",0
109,T109-8,5372.12,10,2452.22,1467.57,8,"2001.00,1581.00,1701.00,1606.00,5372.12",0
109,T109-9,68736.07,19,15799.24,26508.11,9,"1581.00,1701.00,1606.00,5372.12,68736.07",1
109,T109-10,3019.0,22,16086.84,26359.67,10,"1701.00,1606.00,5372.12,68736.07,3019.00",0
109,T109-11,12375.96,14,18221.83,25527.2,11,"1606.00,5372.12,68736.07,3019.00,12375.96",0
109,T109-12,957.0,0,18092.03,25612.86,12,"5372.12,68736.07,3019.00,12375.96,957.00",0
109,T109-13,7219.93,14,18461.59,25439.41,13,"68736.07,3019.00,12375.96,957.00,7219.93",0
109,T109-14,2884.0,0,5291.18,4090.4,14,"3019.00,12375.96,957.00,7219.93,2884.00",0
109,T109-15,1963.0,10,5079.98,4227.24,15,"12375.96,957.00,7219.93,2884.00,1963.00",0
109,T109-16,3020.0,22,3208.79,2137.89,16,"957.00,7219.93,2884.00,1963.00,3020.00",0
110,T110-1,303.0,21,303.0,0.0,1,303.00,0
110,T110-2,1924.0,0,1113.5,810.5,2,"303.00,1924.00",0
110,T110-3,1672.0,13,1299.67,712.22,3,"303.00,1924.00,1672.00",0
110,T110-4,2613.0,22,1628.0,838.96,4,"303.00,1924.00,1672.00,2613.00",0
110,T110-5,2420.0,6,1786.4,814.52,5,"303.00,1924.00,1672.00,2613.00,2420.00",1
110,T110-6,2954.0,17,2316.6,463.57,6,"1924.00,1672.00,2613.00,2420.00,2954.00",0
110,T110-7,7785.81,16,3488.96,2189.08,7,"1672.00,2613.00,2420.00,2954.00,7785.81",1
110,T110-8,2419.0,22,3638.36,2082.9,8,"2613.00,2420.00,2954.00,7785.81,2419.00",0
110,T110-9,9555.4,20,5026.84,3033.57,9,"2420.00,2954.00,7785.81,2419.00,9555.40",1
110,T110-10,824.0,7,4707.64,3357.73,10,"2954.00,7785.81,2419.00,9555.40,824.00",0
110,T110-11,3021.0,23,4721.04,3350.83,11,"7785.81,2419.00,9555.40,824.00,3021.00",0
110,T110-12,3447.0,5,3853.28,2986.82,12,"2419.00,9555.40,824.00,3021.00,3447.00",0
110,T110-13,2840.0,9,3937.48,2950.92,13,"9555.40,824.00,3021.00,3447.00,2840.00",0
110,T110-14,3126.0,21,2651.6,934.86,14,"824.00,3021.00,3447.00,2840.00,3126.00",0
110,T110-15,2298.0,19,2946.4,379.52,15,"3021.00,3447.00,2840.00,3126.00,2298.00",0
110,T110-16,2656.0,16,2873.4,393.01,16,"3447.00,2840.00,3126.00,2298.00,2656.00",0
110,T110-17,18157.92,0,5815.58,6177.01,17,"2840.00,3126.00,2298.00,2656.00,18157.92",1
110,T110-18,2176.0,6,5682.78,6246.31,18,"3126.00,2298.00,2656.00,18157.92,2176.00",0
111,T111-1,2358.0,16,2358.0,0.0,1,2358.00,0
111,T111-2,1676.0,14,2017.0,341.0,2,"2358.00,1676.00",0
111,T111-3,2086.0,10,2040.0,280.32,3,"2358.00,1676.00,2086.00",0
111,T111-4,997.0,14,1779.25,512.74,4,"2358.00,1676.00,2086.00,997.00",0
111,T111-5,842.0,9,1591.8,592.35,5,"2358.00,1676.00,2086.00,997.00,842.00",0
111,T111-6,21622.76,10,5444.75,8101.61,6,"1676.00,2086.00,997.00,842.00,21622.76",1
111,T111-7,14587.79,6,8027.11,8534.98,7,"2086.00,997.00,842.00,21622.76,14587.79",0
111,T111-8,1023.0,22,7814.51,8692.11,8,"997.00,842.00,21622.76,14587.79,1023.00",0
111,T111-9,24367.83,0,12488.68,9960.51,9,"842.00,21622.76,14587.79,1023.00,24367.83",1
111,T111-10,1076.0,1,12535.48,9906.08,10,"21622.76,14587.79,1023.00,24367.83,1076.00",0
111,T111-11,2505.0,21,8711.92,9333.66,11,"14587.79,1023.00,24367.83,1076.00,2505.00",0
111,T111-12,1769.0,7,6148.17,9125.79,12,"1023.00,24367.83,1076.00,2505.00,1769.00",0
111,T111-13,961.0,20,6135.77,9132.78,13,"24367.83,1076.00,2505.00,1769.00,961.00",0
111,T111-14,1343.93,7,1530.99,560.76,14,"1076.00,2505.00,1769.00,961.00,1343.93",0
111,T111-15,1103.85,23,1536.56,556.33,15,"2505.00,1769.00,961.00,1343.93,1103.85",0
111,T111-16,295.0,22,1094.56,484.62,16,"1769.00,961.00,1343.93,1103.85,295.00",0
111,T111-17,564.0,12,853.56,376.96,17,"961.00,1343.93,1103.85,295.00,564.00",0
112,T112-1,574.0,6,574.0,0.0,1,574.00,0
112,T112-2,494.0,7,534.0,40.0,2,"574.00,494.00",0
112,T112-3,440.0,1,502.67,55.05,3,"574.00,494.00,440.00",0
112,T112-4,2803.0,7,1077.75,997.21,4,"574.00,494.00,440.00,2803.00",0
112,T112-5,1042.0,16,1070.6,892.05,5,"574.00,494.00,440.00,2803.00,1042.00",0
112,T112-6,4549.06,21,1865.61,1591.95,6,"494.00,440.00,2803.00,1042.00,4549.06",0
112,T112-7,30907.54,15,7948.32,11569.16,7,"440.00,2803.00,1042.00,4549.06,30907.54",1
112,T112-8,3037.0,7,8467.72,11274.97,8,"2803.00,1042.00,4549.06,30907.54,3037.00",0
112,T112-9,1464.0,15,8199.92,11421.29,9,"1042.00,4549.06,30907.54,3037.00,1464.00",0
112,T112-10,3343.0,19,8660.12,11167.13,10,"4549.06,30907.54,3037.00,1464.00,3343.00",0
112,T112-11,664.0,3,7883.11,11554.58,11,"30907.54,3037.00,1464.00,3343.00,664.00",0
112,T112-12,30125.81,23,7726.76,11243.07,12,"3037.00,1464.00,3343.00,664.00,30125.81",1
112,T112-13,1196.0,10,7358.56,11419.39,13,"1464.00,3343.00,664.00,30125.81,1196.00",0
112,T112-14,3306.0,13,7726.96,11251.77,14,"3343.00,664.00,30125.81,1196.00,3306.00",0
112,T112-15,15333.62,10,10125.09,11339.3,15,"664.00,30125.81,1196.00,3306.00,15333.62",0
112,T112-16,2815.0,4,10555.29,11008.17,16,"30125.81,1196.00,3306.00,15333.62,2815.00",0
112,T112-17,15171.67,5,7564.46,6316.31,17,"1196.00,3306.00,15333.62,2815.00,15171.67",1
112,T112-18,2591.0,8,7843.46,6054.21,18,"3306.00,15333.62,2815.00,15171.67,2591.00",0
112,T112-19,602.0,6,7302.66,6536.9,19,"15333.62,2815.00,15171.67,2591.00,602.00",0
112,T112-20,1649.0,21,4565.73,5360.39,20,"2815.00,15171.67,2591.00,602.00,1649.00",0
112,T112-21,264.0,1,4055.53,5617.96,21,"15171.67,2591.00,602.00,1649.00,264.00",0
112,T112-22,11728.15,6,3366.83,4259.96,22,"2591.00,602.00,1649.00,264.00,11728.15",1
112,T112-23,1109.0,6,3070.43,4354.15,23,"602.00,1649.00,264.00,11728.15,1109.00",0
112,T112-24,628.0,19,3075.63,4351.21,24,"1649.00,264.00,11728.15,1109.00,628.00",0
112,T112-25,1473.0,1,3040.43,4363.3,25,"264.00,11728.15,1109.00,628.00,1473.00",0
112,T112-26,2542.0,0,3496.03,4163.99,26,"11728.15,1109.00,628.00,1473.00,2542.00",0
112,T112-27,1860.0,23,1522.4,652.2,27,"1109.00,628.00,1473.00,2542.00,1860.00",0
113,T113-1,3152.0,9,3152.0,0.0,1,3152.00,0
113,T113-2,3409.0,18,3280.5,128.5,2,"3152.00,3409.00",0
113,T113-3,826.0,15,2462.33,1161.81,3,"3152.00,3409.00,826.00",0
113,T113-4,3322.0,11,2677.25,1072.81,4,"3152.00,3409.00,826.00,3322.00",0
113,T113-5,3021.0,6,2746.0,969.35,5,"3152.00,3409.00,826.00,3322.00,3021.00",0
113,T113-6,464.0,2,2208.4,1288.09,6,"3409.00,826.00,3322.00,3021.00,464.00",0
113,T113-7,6011.81,23,2728.96,1998.27,7,"826.00,3322.00,3021.00,464.00,6011.81",0
113,T113-8,2023.0,19,2968.36,1819.67,8,"3322.00,3021.00,464.00,6011.81,2023.00",1
113,T113-9,2748.0,9,2853.56,1811.82,9,"3021.00,464.00,6011.81,2023.00,2748.00",0
113,T113-10,2964.0,2,2842.16,1810.91,10,"464.00,6011.81,2023.00,2748.00,2964.00",0
113,T113-11,11283.73,12,5006.11,3423.1,11,"6011.81,2023.00,2748.00,2964.00,11283.73",1
113,T113-12,2709.0,15,4345.55,3483.44,12,"2023.00,2748.00,2964.00,11283.73,2709.00",0
113,T113-13,804.0,10,4101.75,3674.86,13,"2748.00,2964.00,11283.73,2709.00,804.00",0
113,T113-14,970.0,7,3746.15,3869.52,14,"2964.00,11283.73,2709.00,804.00,970.00",0
114,T114-1,3047.0,14,3047.0,0.0,1,3047.00,0
114,T114-2,2464.0,8,2755.5,291.5,2,"3047.00,2464.00",0
114,T114-3,2835.0,7,2782.0,240.94,3,"3047.00,2464.00,2835.00",1
114,T114-4,2507.0,20,2713.25,240.25,4,"3047.00,2464.00,2835.00,2507.00",0
114,T114-5,2053.62,11,2581.32,340.28,5,"3047.00,2464.00,2835.00,2507.00,2053.62",0
114,T114-6,231.0,9,2018.12,927.38,6,"2464.00,2835.00,2507.00,2053.62,231.00",0
114,T114-7,9533.04,22,3431.93,3180.6,7,"2835.00,2507.00,2053.62,231.00,9533.04",1
114,T114-8,1144.0,13,3093.73,3313.23,8,"2507.00,2053.62,231.00,9533.04,1144.00",0
114,T114-9,3340.0,21,3260.33,3300.46,9,"2053.62,231.00,9533.04,1144.00,3340.00",0
114,T114-10,264.0,13,2902.41,3502.75,10,"231.00,9533.04,1144.00,3340.00,264.00",0
114,T114-11,477.0,15,2951.61,3466.42,11,"9533.04,1144.00,3340.00,264.00,477.00",0
114,T114-12,4170.66,22,1879.13,1581.16,12,"1144.00,3340.00,264.00,477.00,4170.66",0
114,T114-13,1028.0,23,1855.93,1592.58,13,"3340.00,264.00,477.00,4170.66,1028.00",0
114,T114-14,1390.0,10,1465.93,1409.66,14,"264.00,477.00,4170.66,1028.00,1390.00",0
114,T114-15,2850.0,5,1983.13,1346.79,15,"477.00,4170.66,1028.00,1390.00,2850.00",0
114,T114-16,13003.69,14,4488.47,4401.59,16,"4170.66,1028.00,1390.00,2850.00,13003.69",1
114,T114-17,1954.0,19,4045.14,4521.28,17,"1028.00,1390.00,2850.00,13003.69,1954.00",0
114,T114-18,4563.66,2,4752.27,4263.22,18,"1390.00,2850.00,13003.69,1954.00,4563.66",0
114,T114-19,11791.82,1,6832.63,4636.51,19,"2850.00,13003.69,1954.00,4563.66,11791.82",0
114,T114-20,2598.92,22,6782.42,4680.52,20,"13003.69,1954.00,4563.66,11791.82,2598.92",0
114,T114-21,3043.94,16,4790.47,3604.7,21,"1954.00,4563.66,11791.82,2598.92,3043.94",0
114,T114-22,1362.0,14,4672.07,3704.27,22,"4563.66,11791.82,2598.92,3043.94,1362.00",0
114,T114-23,5235.5,17,4806.44,3710.08,23,"11791.82,2598.92,3043.94,1362.00,5235.50",0
114,T114-24,946.0,9,2637.27,1510.26,24,"2598.92,3043.94,1362.00,5235.50,946.00",0
114,T114-25,24359.76,17,6989.44,8815.47,25,"3043.94,1362.00,5235.50,946.00,24359.76",1
114,T114-26,1534.0,10,6687.45,8969.97,26,"1362.00,5235.50,946.00,24359.76,1534.00",0
114,T114-27,3259.0,15,7066.85,8774.69,27,"5235.50,946.00,24359.76,1534.00,3259.00",0
115,T115-1,1015.0,7,1015.0,0.0,1,1015.00,0
115,T115-2,2005.0,10,1510.0,495.0,2,"1015.00,2005.00",0
115,T115-3,2728.0,3,1916.0,702.16,3,"1015.00,2005.00,2728.00",0
115,T115-4,1096.0,8,1711.0,704.16,4,"1015.00,2005.00,2728.00,1096.00",0
115,T115-5,1099.0,15,1588.6,675.72,5,"1015.00,2005.00,2728.00,1096.00,1099.00",0
115,T115-6,2104.0,3,1806.4,629.67,6,"2005.00,2728.00,1096.00,1099.00,2104.00",0
115,T115-7,14230.9,16,4251.58,5028.25,7,"2728.00,1096.00,1099.00,2104.00,14230.90",1
115,T115-8,2073.0,6,4120.58,5074.56,8,"1096.00,1099.00,2104.00,14230.90,2073.00",0
115,T115-9,9965.35,13,5894.45,5254.26,9,"1099.00,2104.00,14230.90,2073.00,9965.35",0
115,T115-10,2002.0,9,6075.05,5099.56,10,"2104.00,14230.90,2073.00,9965.35,2002.00",0
115,T115-11,2401.0,3,6134.45,5054.49,11,"14230.90,2073.00,9965.35,2002.00,2401.00",0
115,T115-12,1466.0,4,3581.47,3206.02,12,"2073.00,9965.35,2002.00,2401.00,1466.00",0
115,T115-13,14012.6,5,5969.39,5087.53,13,"9965.35,2002.00,2401.00,1466.00,14012.60",1
115,T115-14,2065.0,23,4389.32,4820.96,14,"2002.00,2401.00,1466.00,14012.60,2065.00",0
115,T115-15,16326.16,2,7254.15,6510.93,15,"2401.00,1466.00,14012.60,2065.00,16326.16",1
115,T115-16,3260.0,9,7425.95,6390.83,16,"1466.00,14012.60,2065.00,16326.16,3260.00",0
115,T115-17,2835.0,15,7699.75,6154.58,17,"14012.60,2065.00,16326.16,3260.00,2835.00",0
115,T115-18,3247.0,18,5546.63,5407.22,18,"2065.00,16326.16,3260.00,2835.00,3247.00",0
115,T115-19,862.0,3,5306.03,5580.76,19,"16326.16,3260.00,2835.00,3247.00,862.00",0
115,T115-20,3436.0,23,2728.0,953.63,20,"3260.00,2835.00,3247.00,862.00,3436.00",0
115,T115-21,1391.0,6,2354.2,1034.69,21,"2835.00,3247.00,862.00,3436.00,1391.00",0
115,T115-22,3369.0,19,2461.0,1104.05,22,"3247.00,862.00,3436.00,1391.00,3369.00",0
115,T115-23,22195.46,3,6250.69,8038.87,23,"862.00,3436.00,1391.00,3369.00,22195.46",1
115,T115-24,2072.0,22,6492.69,7889.84,24,"3436.00,1391.00,3369.00,22195.46,2072.00",0
116,T116-1,1284.0,7,1284.0,0.0,1,1284.00,0
116,T116-2,831.0,6,1057.5,226.5,2,"1284.00,831.00",0
116,T116-3,2850.0,16,1655.0,864.99,3,"1284.00,831.00,2850.00",0
116,T116-4,223.0,22,1297.0,972.45,4,"1284.00,831.00,2850.00,223.00",0
116,T116-5,4787.8,5,1995.16,1645.06,5,"1284.00,831.00,2850.00,223.00,4787.80",0
116,T116-6,23652.52,21,6468.86,8740.67,6,"831.00,2850.00,223.00,4787.80,23652.52",1
116,T116-7,1228.0,12,6548.26,8690.76,7,"2850.00,223.00,4787.80,23652.52,1228.00",0
116,T116-8,258.0,22,6029.86,8968.75,8,"223.00,4787.80,23652.52,1228.00,258.00",0
116,T116-9,3028.92,4,6591.05,8670.69,9,"4787.80,23652.52,1228.00,258.00,3028.92",0
116,T116-10,11667.64,9,7967.02,8819.95,10,"23652.52,1228.00,258.00,3028.92,11667.64",0
116,T116-11,2670.0,4,3770.51,4072.54,11,"1228.00,258.00,3028.92,11667.64,2670.00",0
116,T116-12,182.0,13,3561.31,4221.89,12,"258.00,3028.92,11667.64,2670.00,182.00",0
116,T116-13,1554.0,22,3820.51,4047.31,13,"3028.92,11667.64,2670.00,182.00,1554.00",0
116,T116-14,3429.0,4,3900.53,4034.8,14,"11667.64,2670.00,182.00,1554.00,3429.00",0
116,T116-15,1445.0,3,1856.0,1113.49,15,"2670.00,182.00,1554.00,3429.00,1445.00",0
116,T116-16,2366.0,8,1795.2,1075.02,16,"182.00,1554.00,3429.00,1445.00,2366.00",0
116,T116-17,2798.0,7,2318.4,750.05,17,"1554.00,3429.00,1445.00,2366.00,2798.00",0
116,T116-18,1450.73,12,2297.75,771.92,18,"3429.00,1445.00,2366.00,2798.00,1450.73",0
116,T116-19,376.0,8,1687.15,840.06,19,"1445.00,2366.00,2798.00,1450.73,376.00",0
116,T116-20,3053.38,11,2008.82,981.74,20,"2366.00,2798.00,1450.73,376.00,3053.38",0
116,T116-21,1167.83,6,1769.19,1011.1,21,"2798.00,1450.73,376.00,3053.38,1167.83",0
116,T116-22,3297.0,5,1868.99,1125.84,22,"1450.73,376.00,3053.38,1167.83,3297.00",0
116,T116-23,1670.0,16,1912.84,1112.89,23,"376.00,3053.38,1167.83,3297.00,1670.00",0
116,T116-24,15386.43,21,4914.93,5297.28,24,"3053.38,1167.83,3297.00,1670.00,15386.43",1
117,T117-1,835.0,8,835.0,0.0,1,835.00,0
117,T117-2,3227.0,17,2031.0,1196.0,2,"835.00,3227.00",0
117,T117-3,1174.0,23,1745.33,1056.8,3,"835.00,3227.00,1174.00",0
117,T117-4,272.0,22,1377.0,1115.63,4,"835.00,3227.00,1174.00,272.00",0
117,T117-5,362.0,18,1174.0,1077.28,5,"835.00,3227.00,1174.00,272.00,362.00",0
117,T117-6,867.0,15,1180.4,1075.34,6,"3227.00,1174.00,272.00,362.00,867.00",0
117,T117-7,2834.0,23,1101.8,927.01,7,"1174.00,272.00,362.00,867.00,2834.00",0
117,T117-8,418.0,7,950.6,963.83,8,"272.00,362.00,867.00,2834.00,418.00",0
117,T117-9,12281.31,11,3352.46,4554.66,9,"362.00,867.00,2834.00,418.00,12281.31",1
117,T117-10,698.0,13,3419.66,4512.32,10,"867.00,2834.00,418.00,12281.31,698.00",0
117,T117-11,2937.0,4,3833.66,4351.21,11,"2834.00,418.00,12281.31,698.00,2937.00",0
117,T117-12,1639.74,17,3594.81,4431.57,12,"418.00,12281.31,698.00,2937.00,1639.74",0
117,T117-13,818.0,19,3674.81,4376.77,13,"12281.31,698.00,2937.00,1639.74,818.00",0
117,T117-14,536.0,16,1325.75,891.1,14,"698.00,2937.00,1639.74,818.00,536.00",0
117,T117-15,3168.0,21,1819.75,1072.38,15,"2937.00,1639.74,818.00,536.00,3168.00",0
117,T117-16,21796.4,7,5591.63,8153.93,16,"1639.74,818.00,536.00,3168.00,21796.40",1
117,T117-17,542.0,21,5372.08,8271.31,17,"818.00,536.00,3168.00,21796.40,542.00",0
117,T117-18,1507.0,4,5509.88,8199.73,18,"536.00,3168.00,21796.40,542.00,1507.00",0
117,T117-19,2951.0,3,5992.88,7960.14,19,"3168.00,21796.40,542.00,1507.00,2951.00",0
117,T117-20,7524.39,3,6864.16,7840.78,20,"21796.40,542.00,1507.00,2951.00,7524.39",0
117,T117-21,3410.0,1,3186.88,2397.36,21,"542.00,1507.00,2951.00,7524.39,3410.00",0
117,T117-22,2391.0,10,3556.68,2082.84,22,"1507.00,2951.00,7524.39,3410.00,2391.00",0
117,T117-23,353.0,20,3325.88,2344.66,23,"2951.00,7524.39,3410.00,2391.00,353.00",0
117,T117-24,3441.0,16,3423.88,2337.17,24,"7524.39,3410.00,2391.00,353.00,3441.00",0
117,T117-25,2120.0,7,2343.0,1127.5,25,"3410.00,2391.00,353.00,3441.00,2120.00",0
117,T117-26,783.0,22,1817.6,1119.92,26,"2391.00,353.00,3441.00,2120.00,783.00",0
117,T117-27,2447.0,7,1828.8,1125.86,27,"353.00,3441.00,2120.00,783.00,2447.00",0
118,T118-1,1132.0,19,1132.0,0.0,1,1132.00,0
118,T118-2,3253.0,20,2192.5,1060.5,2,"1132.00,3253.00",0
118,T118-3,342.0,2,1575.67,1229.12,3,"1132.00,3253.00,342.00",0
118,T118-4,201.0,20,1232.0,1219.58,4,"1132.00,3253.00,342.00,201.00",0
118,T118-5,2339.0,23,1453.4,1177.27,5,"1132.00,3253.00,342.00,201.00,2339.00",0
118,T118-6,1912.0,18,1609.4,1176.03,6,"3253.00,342.00,201.00,2339.00,1912.00",0
118,T118-7,4075.47,14,1773.89,1425.48,7,"342.00,201.00,2339.00,1912.00,4075.47",0
118,T118-8,3016.0,18,2308.69,1282.38,8,"201.00,2339.00,1912.00,4075.47,3016.00",0
118,T118-9,9698.54,22,4208.2,2840.75,9,"2339.00,1912.00,4075.47,3016.00,9698.54",1
118,T118-10,180.0,7,3776.4,3229.53,10,"1912.00,4075.47,3016.00,9698.54,180.00",0
118,T118-11,576.0,10,3509.2,3422.25,11,"4075.47,3016.00,9698.54,180.00,576.00",0
118,T118-12,9389.61,22,4572.03,4175.4,12,"3016.00,9698.54,180.00,576.00,9389.61",0
118,T118-13,1832.0,1,4335.23,4288.96,13,"9698.54,180.00,576.00,9389.61,1832.00",0
119,T119-1,1997.0,11,1997.0,0.0,1,1997.00,0
119,T119-2,2345.0,8,2171.0,174.0,2,"1997.00,2345.00",0
119,T119-3,2976.0,13,2439.33,405.2,3,"1997.00,2345.00,2976.00",0
119,T119-4,1837.0,1,2288.75,437.23,4,"1997.00,2345.00,2976.00,1837.00",0
119,T119-5,1835.0,7,2198.0,431.13,5,"1997.00,2345.00,2976.00,1837.00,1835.00",0
119,T119-6,1651.0,19,2128.8,482.55,6,"2345.00,2976.00,1837.00,1835.00,1651.00",0
119,T119-7,235.0,10,1706.8,873.33,7,"2976.00,1837.00,1835.00,1651.00,235.00",0
119,T119-8,1655.0,19,1442.6,609.32,8,"1837.00,1835.00,1651.00,235.00,1655.00",0
119,T119-9,733.0,16,1221.8,626.19,9,"1835.00,1651.00,235.00,1655.00,733.00",0
119,T119-10,28662.53,2,6587.31,11051.11,10,"1651.00,235.00,1655.00,733.00,28662.53",1
119,T119-11,18652.9,15,9987.69,11610.63,11,"235.00,1655.00,733.00,28662.53,18652.90",0
119,T119-12,13945.34,22,12729.75,10554.5,12,"1655.00,733.00,28662.53,18652.90,13945.34",1
119,T119-13,211.0,9,12440.95,10868.66,13,"733.00,28662.53,18652.90,13945.34,211.00",0
119,T119-14,2431.0,5,12780.55,10518.42,14,"28662.53,18652.90,13945.34,211.00,2431.00",0
119,T119-15,3320.0,18,7712.05,7238.8,15,"18652.90,13945.34,211.00,2431.00,3320.00",0
119,T119-16,1827.0,14,4346.87,4905.32,16,"13945.34,211.00,2431.00,3320.00,1827.00",0
119,T119-17,16640.6,11,4885.92,5964.28,17,"211.00,2431.00,3320.00,1827.00,16640.60",1
119,T119-18,2218.0,8,5287.32,5697.73,18,"2431.00,3320.00,1827.00,16640.60,2218.00",0
119,T119-19,606.0,22,4922.32,5923.01,19,"3320.00,1827.00,16640.60,2218.00,606.00",0
119,T119-20,2658.0,21,4789.92,5964.61,20,"1827.00,16640.60,2218.00,606.00,2658.00",0
119,T119-21,809.0,19,4586.32,6078.55,21,"16640.60,2218.00,606.00,2658.00,809.00",0
119,T119-22,523.0,1,1362.8,893.71,22,"2218.00,606.00,2658.00,809.00,523.00",0
119,T119-23,2804.14,12,1480.03,1026.74,23,"606.00,2658.00,809.00,523.00,2804.14",0
120,T120-1,3031.0,17,3031.0,0.0,1,3031.00,0
120,T120-2,3229.0,17,3130.0,99.0,2,"3031.00,3229.00",0
120,T120-3,1274.0,14,2511.33,878.65,3,"3031.00,3229.00,1274.00",0
120,T120-4,1003.0,19,2134.25,1002.8,4,"3031.00,3229.00,1274.00,1003.00",0
120,T120-5,5232.51,19,2753.9,1529.82,5,"3031.00,3229.00,1274.00,1003.00,5232.51",0
120,T120-6,1730.0,7,2493.7,1570.66,6,"3229.00,1274.00,1003.00,5232.51,1730.00",0
120,T120-7,1612.0,5,2170.3,1552.33,7,"1274.00,1003.00,5232.51,1730.00,1612.00",0
120,T120-8,1690.0,8,2253.5,1512.7,8,"1003.00,5232.51,1730.00,1612.00,1690.00",0
120,T120-9,809.0,19,2214.7,1546.39,9,"5232.51,1730.00,1612.00,1690.00,809.00",0
120,T120-10,1845.0,9,1537.2,371.79,10,"1730.00,1612.00,1690.00,809.00,1845.00",0
120,T120-11,2276.0,6,1646.4,477.53,11,"1612.00,1690.00,809.00,1845.00,2276.00",0
120,T120-12,5219.93,8,2367.99,1503.71,12,"1690.00,809.00,1845.00,2276.00,5219.93",0
120,T120-13,1765.0,3,2382.99,1497.23,13,"809.00,1845.00,2276.00,5219.93,1765.00",0
120,T120-14,1595.6,12,2540.31,1358.48,14,"1845.00,2276.00,5219.93,1765.00,1595.60",0
120,T120-15,1215.0,18,2414.31,1443.67,15,"2276.00,5219.93,1765.00,1595.60,1215.00",0
120,T120-16,1842.67,9,2327.64,1462.26,16,"5219.93,1765.00,1595.60,1215.00,1842.67",0
120,T120-17,1697.0,15,1623.05,219.59,17,"1765.00,1595.60,1215.00,1842.67,1697.00",0
120,T120-18,6381.39,6,2546.33,1928.76,18,"1595.60,1215.00,1842.67,1697.00,6381.39",0
120,T120-19,16994.15,1,5626.04,5983.53,19,"1215.00,1842.67,1697.00,6381.39,16994.15",1
120,T120-20,8838.92,16,7150.83,5625.89,20,"1842.67,1697.00,6381.39,16994.15,8838.92",0
121,T121-1,807.0,16,807.0,0.0,1,807.00,0
121,T121-2,1299.0,20,1053.0,246.0,2,"807.00,1299.00",0
121,T121-3,1162.0,6,1089.33,207.33,3,"807.00,1299.00,1162.00",0
121,T121-4,1527.0,5,1198.75,261.06,4,"807.00,1299.00,1162.00,1527.00",0
121,T121-5,1854.0,22,1329.8,351.03,5,"807.00,1299.00,1162.00,1527.00,1854.00",0
121,T121-6,10671.97,15,3302.79,3692.03,6,"1299.00,1162.00,1527.00,1854.00,10671.97",1
121,T121-7,1022.0,3,3247.39,3723.62,7,"1162.00,1527.00,1854.00,10671.97,1022.00",0
121,T121-8,5928.12,23,4200.62,3677.53,8,"1527.00,1854.00,10671.97,1022.00,5928.12",0
121,T121-9,1420.0,0,4179.22,3693.3,9,"1854.00,10671.97,1022.00,5928.12,1420.00",0
121,T121-10,2310.0,9,4270.42,3640.0,10,"10671.97,1022.00,5928.12,1420.00,2310.00",0
121,T121-11,550.0,15,2246.02,1929.71,11,"1022.00,5928.12,1420.00,2310.00,550.00",0
121,T121-12,1794.0,9,2400.42,1855.04,12,"5928.12,1420.00,2310.00,550.00,1794.00",0
121,T121-13,1083.0,11,1431.4,600.3,13,"1420.00,2310.00,550.00,1794.00,1083.00",0
121,T121-14,2349.0,5,1617.2,703.0,14,"2310.00,550.00,1794.00,1083.00,2349.00",0
122,T122-1,433.0,1,433.0,0.0,1,433.00,0
122,T122-2,2180.0,23,1306.5,873.5,2,"433.00,2180.00",0
122,T122-3,1383.0,3,1332.0,714.12,3,"433.00,2180.00,1383.00",0
122,T122-4,269.0,18,1066.25,770.94,4,"433.00,2180.00,1383.00,269.00",0
122,T122-5,2881.0,18,1429.2,1001.2,5,"433.00,2180.00,1383.00,269.00,2881.00",0
122,T122-6,1427.0,14,1628.0,874.3,6,"2180.00,1383.00,269.00,2881.00,1427.00",0
122,T122-7,10728.74,5,3337.75,3787.47,7,"1383.00,269.00,2881.00,1427.00,10728.74",1
122,T122-8,707.0,0,3202.55,3866.08,8,"269.00,2881.00,1427.00,10728.74,707.00",0
122,T122-9,5198.7,0,4188.49,3612.52,9,"2881.00,1427.00,10728.74,707.00,5198.70",0
122,T122-10,4241.12,8,4460.51,3554.57,10,"1427.00,10728.74,707.00,5198.70,4241.12",0
122,T122-11,1816.0,5,4538.31,3491.01,11,"10728.74,707.00,5198.70,4241.12,1816.00",0
122,T122-12,4228.79,3,3238.32,1688.81,12,"707.00,5198.70,4241.12,1816.00,4228.79",0
122,T122-13,1720.0,3,3440.92,1410.87,13,"5198.70,4241.12,1816.00,4228.79,1720.00",0
122,T122-14,5290.53,0,3459.29,1434.04,14,"4241.12,1816.00,4228.79,1720.00,5290.53",0
122,T122-15,1693.0,19,2949.66,1516.07,15,"1816.00,4228.79,1720.00,5290.53,1693.00",0
122,T122-16,2413.0,12,3069.06,1443.87,16,"4228.79,1720.00,5290.53,1693.00,2413.00",0
122,T122-17,517.0,3,2326.71,1602.27,17,"1720.00,5290.53,1693.00,2413.00,517.00",0
122,T122-18,2129.0,9,2408.51,1579.49,18,"5290.53,1693.00,2413.00,517.00,2129.00",0
122,T122-19,2676.0,12,1885.6,757.93,19,"1693.00,2413.00,517.00,2129.00,2676.00",0
122,T122-20,1504.0,0,1847.8,771.19,20,"2413.00,517.00,2129.00,2676.00,1504.00",0
122,T122-21,3022.0,13,1969.6,889.81,21,"517.00,2129.00,2676.00,1504.00,3022.00",0
122,T122-22,160.0,18,1898.2,1009.74,22,"2129.00,2676.00,1504.00,3022.00,160.00",0
122,T122-23,2841.0,18,2040.6,1080.01,23,"2676.00,1504.00,3022.00,160.00,2841.00",0
122,T122-24,3444.67,6,2194.33,1206.78,24,"1504.00,3022.00,160.00,2841.00,3444.67",0
122,T122-25,196.0,2,1932.73,1446.11,25,"3022.00,160.00,2841.00,3444.67,196.00",0
122,T122-26,2638.0,10,1855.93,1395.54,26,"160.00,2841.00,3444.67,196.00,2638.00",0
123,T123-1,414.0,6,414.0,0.0,1,414.00,0
123,T123-2,3394.0,11,1904.0,1490.0,2,"414.00,3394.00",0
123,T123-3,2670.0,1,2159.33,1269.04,3,"414.00,3394.00,2670.00",0
123,T123-4,751.0,3,1807.25,1256.87,4,"414.00,3394.00,2670.00,751.00",0
123,T123-5,2823.0,7,2010.4,1195.35,5,"414.00,3394.00,2670.00,751.00,2823.00",0
123,T123-6,16201.57,3,5167.91,5588.13,6,"3394.00,2670.00,751.00,2823.00,16201.57",1
123,T123-7,994.0,1,4687.91,5818.22,7,"2670.00,751.00,2823.00,16201.57,994.00",0
123,T123-8,2358.0,5,4625.51,5841.16,8,"751.00,2823.00,16201.57,994.00,2358.00",0
123,T123-9,3014.0,9,5078.11,5606.36,9,"2823.00,16201.57,994.00,2358.00,3014.00",0
123,T123-10,2135.0,7,4940.51,5668.12,10,"16201.57,994.00,2358.00,3014.00,2135.00",0
123,T123-11,5287.08,9,2757.62,1422.79,11,"994.00,2358.00,3014.00,2135.00,5287.08",0
123,T123-12,26573.32,6,7873.48,9416.35,12,"2358.00,3014.00,2135.00,5287.08,26573.32",1
123,T123-13,3196.0,8,8041.08,9323.7,13,"3014.00,2135.00,5287.08,26573.32,3196.00",0
123,T123-14,2114.0,12,7861.08,9427.12,14,"2135.00,5287.08,26573.32,3196.00,2114.00",0
123,T123-15,3042.0,1,8042.48,9323.35,15,"5287.08,26573.32,3196.00,2114.00,3042.00",0
123,T123-16,1437.0,23,7272.46,9671.61,16,"26573.32,3196.00,2114.00,3042.00,1437.00",0
123,T123-17,3097.0,12,2577.2,690.47,17,"3196.00,2114.00,3042.00,1437.00,3097.00",0
123,T123-18,5610.45,13,3060.09,1416.72,18,"2114.00,3042.00,1437.00,3097.00,5610.45",0
123,T123-19,2052.0,6,3047.69,1425.2,19,"3042.00,1437.00,3097.00,5610.45,2052.00",0
123,T123-20,15507.25,9,5540.74,5183.05,20,"1437.00,3097.00,5610.45,2052.00,15507.25",1
123,T123-21,3290.63,16,5911.46,4936.7,21,"3097.00,5610.45,2052.00,15507.25,3290.63",0
124,T124-1,894.0,14,894.0,0.0,1,894.00,0
124,T124-2,738.0,23,816.0,78.0,2,"894.00,738.00",0
124,T124-3,793.0,3,808.33,64.6,3,"894.00,738.00,793.00",0
124,T124-4,2604.0,14,1257.25,779.56,4,"894.00,738.00,793.00,2604.00",0
124,T124-5,2174.0,4,1440.6,787.8,5,"894.00,738.00,793.00,2604.00,2174.00",0
124,T124-6,10422.34,6,3346.27,3614.36,6,"738.00,793.00,2604.00,2174.00,10422.34",1
124,T124-7,2798.0,9,3758.27,3404.91,7,"793.00,2604.00,2174.00,10422.34,2798.00",0
124,T124-8,7817.79,11,5163.23,3340.19,8,"2604.00,2174.00,10422.34,2798.00,7817.79",0
124,T124-9,25643.37,13,9771.1,8514.79,9,"2174.00,10422.34,2798.00,7817.79,25643.37",1
124,T124-10,1446.0,0,9625.5,8648.63,10,"10422.34,2798.00,7817.79,25643.37,1446.00",0
124,T124-11,2170.0,4,7975.03,9113.98,11,"2798.00,7817.79,25643.37,1446.00,2170.00",0
124,T124-12,13602.93,15,10136.02,8908.93,12,"7817.79,25643.37,1446.00,2170.00,13602.93",0
124,T124-13,9924.84,14,10557.43,8838.87,13,"25643.37,1446.00,2170.00,13602.93,9924.84",0
124,T124-14,2508.0,18,5930.35,4915.01,14,"1446.00,2170.00,13602.93,9924.84,2508.00",0
124,T124-15,2050.0,5,6051.15,4809.6,15,"2170.00,13602.93,9924.84,2508.00,2050.00",0
124,T124-16,434.0,4,5703.95,5129.28,16,"13602.93,9924.84,2508.00,2050.00,434.00",0
124,T124-17,1276.0,22,3238.57,3416.72,17,"9924.84,2508.00,2050.00,434.00,1276.00",0
124,T124-18,3060.0,10,1865.6,924.16,18,"2508.00,2050.00,434.00,1276.00,3060.00",0
124,T124-19,1045.0,14,1573.0,905.87,19,"2050.00,434.00,1276.00,3060.00,1045.00",0
124,T124-20,17582.94,12,4679.59,6510.6,20,"434.00,1276.00,3060.00,1045.00,17582.94",1
124,T124-21,9744.7,9,6541.73,6359.75,21,"1276.00,3060.00,1045.00,17582.94,9744.70",0
124,T124-22,2221.0,11,6730.73,6212.79,22,"3060.00,1045.00,17582.94,9744.70,2221.00",0
124,T124-23,2510.0,8,6620.73,6281.3,23,"1045.00,17582.94,9744.70,2221.00,2510.00",0
124,T124-24,1930.0,23,6797.73,6132.4,24,"17582.94,9744.70,2221.00,2510.00,1930.00",0
125,T125-1,209.0,7,209.0,0.0,1,209.00,0
125,T125-2,3277.0,3,1743.0,1534.0,2,"209.00,3277.00",0
125,T125-3,542.0,6,1342.67,1374.52,3,"209.00,3277.00,542.00",0
125,T125-4,2712.0,11,1685.0,1329.87,4,"209.00,3277.00,542.00,2712.00",0
125,T125-5,15220.39,10,4392.08,5543.28,5,"209.00,3277.00,542.00,2712.00,15220.39",0
125,T125-6,678.0,11,4485.88,5475.25,6,"3277.00,542.00,2712.00,15220.39,678.00",0
125,T125-7,1254.0,5,4081.28,5622.4,7,"542.00,2712.00,15220.39,678.00,1254.00",0
125,T125-8,19399.36,9,7852.75,7861.99,8,"2712.00,15220.39,678.00,1254.00,19399.36",1
125,T125-9,966.0,15,7503.55,8117.2,9,"15220.39,678.00,1254.00,19399.36,966.00",0
125,T125-10,6688.72,18,5797.22,7155.43,10,"678.00,1254.00,19399.36,966.00,6688.72",0
125,T125-11,1940.0,20,6049.62,6990.77,11,"1254.00,19399.36,966.00,6688.72,1940.00",0
125,T125-12,944.06,17,5987.63,7034.26,12,"19399.36,966.00,6688.72,1940.00,944.06",0
125,T125-13,2551.0,7,2617.96,2124.44,13,"966.00,6688.72,1940.00,944.06,2551.00",0
125,T125-14,2289.0,12,2882.56,1979.66,14,"6688.72,1940.00,944.06,2551.00,2289.00",0
125,T125-15,6523.3,21,2849.47,1916.14,15,"1940.00,944.06,2551.00,2289.00,6523.30",0
125,T125-16,3010.41,2,3063.55,1861.59,16,"944.06,2551.00,2289.00,6523.30,3010.41",0
125,T125-17,2951.0,17,3464.94,1551.93,17,"2551.00,2289.00,6523.30,3010.41,2951.00",0
125,T125-18,3076.0,15,3569.94,1503.55,18,"2289.00,6523.30,3010.41,2951.00,3076.00",1
125,T125-19,179.0,20,3147.94,2013.48,19,"6523.30,3010.41,2951.00,3076.00,179.00",0
125,T125-20,11145.76,1,4072.43,3703.22,20,"3010.41,2951.00,3076.00,179.00,11145.76",1
125,T125-21,3130.0,5,4096.35,3696.66,21,"2951.00,3076.00,179.00,11145.76,3130.00",0
125,T125-22,2329.0,12,3971.95,3743.29,22,"3076.00,179.00,11145.76,3130.00,2329.00",0
125,T125-23,1166.0,19,3589.95,3909.02,23,"179.00,11145.76,3130.00,2329.00,1166.00",0
125,T125-24,2571.0,22,4068.35,3596.15,24,"11145.76,3130.00,2329.00,1166.00,2571.00",0
125,T125-25,866.87,2,2012.57,859.06,25,"3130.00,2329.00,1166.00,2571.00,866.87",0
126,T126-1,1204.0,11,1204.0,0.0,1,1204.00,0
126,T126-2,2003.0,21,1603.5,399.5,2,"1204.00,2003.00",0
126,T126-3,3083.0,8,2096.67,769.95,3,"1204.00,2003.00,3083.00",0
126,T126-4,3191.0,2,2370.25,818.02,4,"1204.00,2003.00,3083.00,3191.00",0
126,T126-5,2520.0,8,2400.2,734.11,5,"1204.00,2003.00,3083.00,3191.00,2520.00",0
126,T126-6,163.0,1,2192.0,1100.18,6,"2003.00,3083.00,3191.00,2520.00,163.00",0
126,T126-7,1663.0,23,2124.0,1120.09,7,"3083.00,3191.00,2520.00,163.00,1663.00",0
126,T126-8,220.0,22,1551.4,1211.55,8,"3191.00,2520.00,163.00,1663.00,220.00",0
126,T126-9,19015.74,15,4716.35,7205.13,9,"2520.00,163.00,1663.00,220.00,19015.74",1
126,T126-10,3235.0,20,4859.35,7167.12,10,"163.00,1663.00,220.00,19015.74,3235.00",0
126,T126-11,1208.0,4,5068.35,7041.25,11,"1663.00,220.00,19015.74,3235.00,1208.00",0
126,T126-12,2542.0,16,5244.15,6964.59,12,"220.00,19015.74,3235.00,1208.00,2542.00",0
126,T126-13,2423.0,15,5684.75,6697.37,13,"19015.74,3235.00,1208.00,2542.00,2423.00",0
126,T126-14,7303.46,19,3342.29,2085.34,14,"3235.00,1208.00,2542.00,2423.00,7303.46",1
126,T126-15,2807.0,11,3256.69,2096.74,15,"1208.00,2542.00,2423.00,7303.46,2807.00",0
126,T126-16,10560.36,0,5127.17,3275.2,16,"2542.00,2423.00,7303.46,2807.00,10560.36",1
126,T126-17,240.0,12,4666.77,3735.67,17,"2423.00,7303.46,2807.00,10560.36,240.00",0
126,T126-18,1436.0,3,4469.37,3872.59,18,"7303.46,2807.00,10560.36,240.00,1436.00",0
126,T126-19,2896.0,11,3587.87,3620.58,19,"2807.00,10560.36,240.00,1436.00,2896.00",0
126,T126-20,1413.0,7,3309.07,3722.22,20,"10560.36,240.00,1436.00,2896.00,1413.00",0
126,T126-21,2071.0,17,1611.2,873.19,21,"240.00,1436.00,2896.00,1413.00,2071.00",0
126,T126-22,1198.0,19,1802.8,619.56,22,"1436.00,2896.00,1413.00,2071.00,1198.00",0
126,T126-23,2621.0,11,2039.8,659.3,23,"2896.00,1413.00,2071.00,1198.00,2621.00",0
126,T126-24,643.0,3,1589.2,689.37,24,"1413.00,2071.00,1198.00,2621.00,643.00",0
126,T126-25,2162.0,14,1739.0,715.68,25,"2071.00,1198.00,2621.00,643.00,2162.00",0
126,T126-26,631.0,20,1451.0,807.92,26,"1198.00,2621.00,643.00,2162.00,631.00",0
127,T127-1,1094.0,0,1094.0,0.0,1,1094.00,0
127,T127-2,463.0,0,778.5,315.5,2,"1094.00,463.00",0
127,T127-3,1556.0,0,1037.67,447.99,3,"1094.00,463.00,1556.00",0
127,T127-4,236.0,2,837.25,520.6,4,"1094.00,463.00,1556.00,236.00",0
127,T127-5,1811.0,22,1032.0,607.06,5,"1094.00,463.00,1556.00,236.00,1811.00",0
127,T127-6,638.0,16,940.8,624.89,6,"463.00,1556.00,236.00,1811.00,638.00",0
127,T127-7,8183.13,11,2484.83,2907.07,7,"1556.00,236.00,1811.00,638.00,8183.13",1
127,T127-8,948.0,3,2363.23,2955.69,8,"236.00,1811.00,638.00,8183.13,948.00",0
127,T127-9,1307.0,17,2577.43,2829.9,9,"1811.00,638.00,8183.13,948.00,1307.00",0
127,T127-10,1724.0,6,2560.03,2834.82,10,"638.00,8183.13,948.00,1307.00,1724.00",0
127,T127-11,921.0,0,2616.63,2798.47,11,"8183.13,948.00,1307.00,1724.00,921.00",0
127,T127-12,2423.0,22,1464.6,560.9,12,"948.00,1307.00,1724.00,921.00,2423.00",0
127,T127-13,6105.44,9,2496.09,1872.1,13,"1307.00,1724.00,921.00,2423.00,6105.44",0
127,T127-14,6676.26,2,3569.94,2358.72,14,"1724.00,921.00,2423.00,6105.44,6676.26",0
127,T127-15,1783.0,10,3581.74,2349.59,15,"921.00,2423.00,6105.44,6676.26,1783.00",0
127,T127-16,6644.78,3,4726.5,2161.16,16,"2423.00,6105.44,6676.26,1783.00,6644.78",0
127,T127-17,3449.0,11,4931.7,1973.25,17,"6105.44,6676.26,1783.00,6644.78,3449.00",0
127,T127-18,2357.0,15,4182.01,2093.31,18,"6676.26,1783.00,6644.78,3449.00,2357.00",0
128,T128-1,2514.0,11,2514.0,0.0,1,2514.00,0
128,T128-2,1473.0,13,1993.5,520.5,2,"2514.00,1473.00",0
128,T128-3,1053.0,7,1680.0,614.15,3,"2514.00,1473.00,1053.00",0
128,T128-4,1721.0,3,1690.25,532.16,4,"2514.00,1473.00,1053.00,1721.00",0
128,T128-5,2647.0,10,1881.6,610.75,5,"2514.00,1473.00,1053.00,1721.00,2647.00",1
128,T128-6,2750.0,20,1928.8,664.55,6,"1473.00,1053.00,1721.00,2647.00,2750.00",0
128,T128-7,1001.0,5,1834.4,750.55,7,"1053.00,1721.00,2647.00,2750.00,1001.00",0
128,T128-8,4597.27,3,2543.25,1210.55,8,"1721.00,2647.00,2750.00,1001.00,4597.27",0
128,T128-9,3382.0,23,2875.45,1166.43,9,"2647.00,2750.00,1001.00,4597.27,3382.00",0
128,T128-10,3106.0,7,2967.25,1162.89,10,"2750.00,1001.00,4597.27,3382.00,3106.00",0
128,T128-11,3432.0,19,3103.65,1169.39,11,"1001.00,4597.27,3382.00,3106.00,3432.00",0
128,T128-12,6798.58,9,4263.17,1367.21,12,"4597.27,3382.00,3106.00,3432.00,6798.58",0
128,T128-13,2715.0,2,3886.72,1478.03,13,"3382.00,3106.00,3432.00,6798.58,2715.00",0
128,T128-14,519.0,18,3314.12,2018.43,14,"3106.00,3432.00,6798.58,2715.00,519.00",0
128,T128-15,2029.0,0,3098.72,2085.5,15,"3432.00,6798.58,2715.00,519.00,2029.00",0
128,T128-16,1749.0,11,2762.12,2139.66,16,"6798.58,2715.00,519.00,2029.00,1749.00",0
129,T129-1,959.0,13,959.0,0.0,1,959.00,0
129,T129-2,2511.0,7,1735.0,776.0,2,"959.00,2511.00",0
129,T129-3,2915.0,8,2128.33,843.13,3,"959.00,2511.00,2915.00",0
129,T129-4,1956.0,6,2085.25,733.98,4,"959.00,2511.00,2915.00,1956.00",0
129,T129-5,1463.0,10,1960.8,702.09,5,"959.00,2511.00,2915.00,1956.00,1463.00",0
129,T129-6,528.0,9,1874.6,833.88,6,"2511.00,2915.00,1956.00,1463.00,528.00",0
129,T129-7,655.0,11,1503.4,879.8,7,"2915.00,1956.00,1463.00,528.00,655.00",0
129,T129-8,29695.0,22,6859.4,11429.88,8,"1956.00,1463.00,528.00,655.00,29695.00",1
129,T129-9,3237.0,16,7115.6,11331.03,9,"1463.00,528.00,655.00,29695.00,3237.00",0
129,T129-10,11105.75,5,9044.15,11021.19,10,"528.00,655.00,29695.00,3237.00,11105.75",0
129,T129-11,3472.0,4,9632.95,10621.9,11,"655.00,29695.00,3237.00,11105.75,3472.00",0
129,T129-12,492.0,4,9600.35,10649.62,12,"29695.00,3237.00,11105.75,3472.00,492.00",0
129,T129-13,416.0,2,3744.55,3903.27,13,"3237.00,11105.75,3472.00,492.00,416.00",0
129,T129-14,1769.54,3,3451.06,3984.72,14,"11105.75,3472.00,492.00,416.00,1769.54",0
129,T129-15,15243.69,2,4278.65,5593.52,15,"3472.00,492.00,416.00,1769.54,15243.69",1
130,T130-1,2975.0,13,2975.0,0.0,1,2975.00,1
130,T130-2,2772.0,11,2873.5,101.5,2,"2975.00,2772.00",0
130,T130-3,2034.0,22,2593.67,404.33,3,"2975.00,2772.00,2034.00",0
130,T130-4,3240.0,15,2755.25,448.26,4,"2975.00,2772.00,2034.00,3240.00",0
130,T130-5,2398.0,13,2683.8,425.64,5,"2975.00,2772.00,2034.00,3240.00,2398.00",0
130,T130-6,2743.0,4,2637.4,403.44,6,"2772.00,2034.00,3240.00,2398.00,2743.00",0
130,T130-7,2857.0,8,2654.4,410.48,7,"2034.00,3240.00,2398.00,2743.00,2857.00",0
130,T130-8,3691.69,6,2985.94,443.61,8,"3240.00,2398.00,2743.00,2857.00,3691.69",0
130,T130-9,3609.38,12,3059.81,506.12,9,"2398.00,2743.00,2857.00,3691.69,3609.38",0
130,T130-10,1609.0,1,2902.01,751.42,10,"2743.00,2857.00,3691.69,3609.38,1609.00",0
130,T130-11,693.0,19,2492.01,1169.37,11,"2857.00,3691.69,3609.38,1609.00,693.00",0
130,T130-12,4222.05,7,2765.02,1365.59,12,"3691.69,3609.38,1609.00,693.00,4222.05",0
130,T130-13,2545.0,15,2535.69,1284.6,13,"3609.38,1609.00,693.00,4222.05,2545.00",0
130,T130-14,22113.14,16,6236.44,8023.68,14,"1609.00,693.00,4222.05,2545.00,22113.14",1
130,T130-15,2468.0,8,6408.24,7931.42,15,"693.00,4222.05,2545.00,22113.14,2468.00",0
131,T131-1,3443.0,13,3443.0,0.0,1,3443.00,0
131,T131-2,2179.0,17,2811.0,632.0,2,"3443.00,2179.00",0
131,T131-3,1085.0,0,2235.67,963.48,3,"3443.00,2179.00,1085.00",0
131,T131-4,2262.0,0,2242.25,834.48,4,"3443.00,2179.00,1085.00,2262.00",0
131,T131-5,2706.0,9,2335.0,769.09,5,"3443.00,2179.00,1085.00,2262.00,2706.00",0
131,T131-6,2885.0,4,2223.4,627.7,6,"2179.00,1085.00,2262.00,2706.00,2885.00",0
131,T131-7,18703.33,12,5528.27,6617.33,7,"1085.00,2262.00,2706.00,2885.00,18703.33",1
131,T131-8,16138.31,3,8538.93,7300.07,8,"2262.00,2706.00,2885.00,18703.33,16138.31",1
131,T131-9,726.0,11,8231.73,7584.53,9,"2706.00,2885.00,18703.33,16138.31,726.00",0
131,T131-10,3258.0,8,8342.13,7506.92,10,"2885.00,18703.33,16138.31,726.00,3258.00",0
131,T131-11,23590.12,9,12483.15,8930.28,11,"18703.33,16138.31,726.00,3258.00,23590.12",1
131,T131-12,2980.0,4,9338.49,8954.6,12,"16138.31,726.00,3258.00,23590.12,2980.00",0
131,T131-13,2392.0,22,6589.22,8545.74,13,"726.00,3258.00,23590.12,2980.00,2392.00",0
131,T131-14,2387.0,15,6921.42,8341.19,14,"3258.00,23590.12,2980.00,2392.00,2387.00",0
131,T131-15,1704.0,17,6610.62,8499.36,15,"23590.12,2980.00,2392.00,2387.00,1704.00",0
131,T131-16,574.0,16,2007.4,822.76,16,"2980.00,2392.00,2387.00,1704.00,574.00",0
131,T131-17,1343.0,18,1680.0,684.72,17,"2392.00,2387.00,1704.00,574.00,1343.00",0
131,T131-18,2029.0,10,1607.4,621.72,18,"2387.00,1704.00,574.00,1343.00,2029.00",0
131,T131-19,6857.54,6,2501.51,2231.22,19,"1704.00,574.00,1343.00,2029.00,6857.54",0
131,T131-20,2174.0,5,2595.51,2205.39,20,"574.00,1343.00,2029.00,6857.54,2174.00",0
131,T131-21,2457.0,18,2972.11,1976.98,21,"1343.00,2029.00,6857.54,2174.00,2457.00",0
131,T131-22,2112.0,21,3125.91,1871.35,22,"2029.00,6857.54,2174.00,2457.00,2112.00",0
131,T131-23,1086.0,4,2937.31,2014.45,23,"6857.54,2174.00,2457.00,2112.00,1086.00",0
131,T131-24,2036.0,11,1973.0,465.77,24,"2174.00,2457.00,2112.00,1086.00,2036.00",0
132,T132-1,1481.0,6,1481.0,0.0,1,1481.00,0
132,T132-2,2426.0,12,1953.5,472.5,2,"1481.00,2426.00",0
132,T132-3,1413.0,8,1773.33,462.34,3,"1481.00,2426.00,1413.00",0
132,T132-4,1254.0,6,1643.5,459.23,4,"1481.00,2426.00,1413.00,1254.00",0
132,T132-5,1706.0,16,1656.0,411.5,5,"1481.00,2426.00,1413.00,1254.00,1706.00",0
132,T132-6,11349.19,4,3629.64,3880.66,6,"2426.00,1413.00,1254.00,1706.00,11349.19",1
132,T132-7,7092.9,23,4563.02,4037.01,7,"1413.00,1254.00,1706.00,11349.19,7092.90",0
132,T132-8,1434.0,23,4567.22,4033.74,8,"1254.00,1706.00,11349.19,7092.90,1434.00",0
132,T132-9,3257.0,13,4967.82,3776.03,9,"1706.00,11349.19,7092.90,1434.00,3257.00",0
132,T132-10,2692.72,0,5165.16,3623.09,10,"11349.19,7092.90,1434.00,3257.00,2692.72",0
132,T132-11,3128.0,18,3520.92,1898.64,11,"7092.90,1434.00,3257.00,2692.72,3128.00",0
132,T132-12,1990.0,8,2500.34,692.97,12,"1434.00,3257.00,2692.72,3128.00,1990.00",0
132,T132-13,3417.0,6,2896.94,513.37,13,"3257.00,2692.72,3128.00,1990.00,3417.00",0
132,T132-14,2706.0,21,2786.74,482.46,14,"2692.72,3128.00,1990.00,3417.00,2706.00",0
132,T132-15,15003.25,14,5248.85,4900.78,15,"3128.00,1990.00,3417.00,2706.00,15003.25",1
132,T132-16,16182.64,23,7859.78,6341.19,16,"1990.00,3417.00,2706.00,15003.25,16182.64",1
132,T132-17,11074.49,15,9676.68,5664.41,17,"3417.00,2706.00,15003.25,16182.64,11074.49",0
132,T132-18,19293.91,4,12852.06,5715.25,18,"2706.00,15003.25,16182.64,11074.49,19293.91",1
132,T132-19,948.0,10,12500.46,6347.69,19,"15003.25,16182.64,11074.49,19293.91,948.00",0
132,T132-20,1912.0,22,9882.21,7389.74,20,"16182.64,11074.49,19293.91,948.00,1912.00",0
132,T132-21,3230.0,3,7291.68,6986.33,21,"11074.49,19293.91,948.00,1912.00,3230.00",0
132,T132-22,15135.11,12,8103.8,7588.88,22,"19293.91,948.00,1912.00,3230.00,15135.11",1
132,T132-23,1931.0,19,4631.22,5301.82,23,"948.00,1912.00,3230.00,15135.11,1931.00",0
133,T133-1,3373.0,1,3373.0,0.0,1,3373.00,0
133,T133-2,3223.0,11,3298.0,75.0,2,"3373.00,3223.00",0
133,T133-3,3022.0,5,3206.0,143.8,3,"3373.00,3223.00,3022.00",0
133,T133-4,2520.0,3,3034.5,322.1,4,"3373.00,3223.00,3022.00,2520.00",0
133,T133-5,3453.0,11,3118.2,333.2,5,"3373.00,3223.00,3022.00,2520.00,3453.00",0
133,T133-6,1905.0,7,2824.6,553.36,6,"3223.00,3022.00,2520.00,3453.00,1905.00",0
133,T133-7,2409.0,22,2661.8,531.51,7,"3022.00,2520.00,3453.00,1905.00,2409.00",0
133,T133-8,18001.78,15,5657.76,6192.24,8,"2520.00,3453.00,1905.00,2409.00,18001.78",1
133,T133-9,2543.34,11,5662.42,6189.88,9,"3453.00,1905.00,2409.00,18001.78,2543.34",0
133,T133-10,2409.0,10,5453.62,6277.87,10,"1905.00,2409.00,18001.78,2543.34,2409.00",0
133,T133-11,2244.0,16,5521.42,6240.9,11,"2409.00,18001.78,2543.34,2409.00,2244.00",0
133,T133-12,16032.03,6,8246.03,7189.05,12,"18001.78,2543.34,2409.00,2244.00,16032.03",0
133,T133-13,13108.42,10,7267.36,6034.76,13,"2543.34,2409.00,2244.00,16032.03,13108.42",0
133,T133-14,15141.82,8,9787.05,6165.03,14,"2409.00,2244.00,16032.03,13108.42,15141.82",0
133,T133-15,3011.0,23,9907.45,6024.03,15,"2244.00,16032.03,13108.42,15141.82,3011.00",0
133,T133-16,608.0,7,9580.25,6460.04,16,"16032.03,13108.42,15141.82,3011.00,608.00",0
133,T133-17,2284.0,19,6830.65,6041.01,17,"13108.42,15141.82,3011.00,608.00,2284.00",0
133,T133-18,1308.0,18,4470.56,5398.3,18,"15141.82,3011.00,608.00,2284.00,1308.00",0
133,T133-19,804.0,13,1603.0,912.32,19,"3011.00,608.00,2284.00,1308.00,804.00",0
134,T134-1,1629.0,12,1629.0,0.0,1,1629.00,0
134,T134-2,2111.0,23,1870.0,241.0,2,"1629.00,2111.00",0
134,T134-3,2318.0,22,2019.33,288.65,3,"1629.00,2111.00,2318.00",0
134,T134-4,3095.0,15,2288.25,528.62,4,"1629.00,2111.00,2318.00,3095.00",0
134,T134-5,1114.0,1,2053.4,666.46,5,"1629.00,2111.00,2318.00,3095.00,1114.00",0
134,T134-6,2470.0,1,2221.6,643.87,6,"2111.00,2318.00,3095.00,1114.00,2470.00",0
134,T134-7,258.0,4,1851.0,1022.7,7,"2318.00,3095.00,1114.00,2470.00,258.00",0
134,T134-8,2656.0,18,1918.6,1061.76,8,"3095.00,1114.00,2470.00,258.00,2656.00",0
134,T134-9,1053.0,22,1510.2,913.03,9,"1114.00,2470.00,258.00,2656.00,1053.00",0
134,T134-10,2457.0,5,1778.8,953.6,10,"2470.00,258.00,2656.00,1053.00,2457.00",1
134,T134-11,3498.0,13,1984.4,1167.33,11,"258.00,2656.00,1053.00,2457.00,3498.00",0
134,T134-12,20968.27,17,6126.45,7462.4,12,"2656.00,1053.00,2457.00,3498.00,20968.27",1
134,T134-13,3150.0,20,6225.25,7418.94,13,"1053.00,2457.00,3498.00,20968.27,3150.00",0
134,T134-14,944.0,4,6203.45,7434.26,14,"2457.00,3498.00,20968.27,3150.00,944.00",0
134,T134-15,1158.0,3,5943.65,7581.87,15,"3498.00,20968.27,3150.00,944.00,1158.00",0
134,T134-16,3036.06,10,5851.27,7613.86,16,"20968.27,3150.00,944.00,1158.00,3036.06",0
134,T134-17,1355.0,18,1928.61,960.27,17,"3150.00,944.00,1158.00,3036.06,1355.00",0
134,T134-18,3021.0,17,1902.81,928.31,18,"944.00,1158.00,3036.06,1355.00,3021.00",0
134,T134-19,2851.0,20,2284.21,843.94,19,"1158.00,3036.06,1355.00,3021.00,2851.00",0
134,T134-20,2008.0,12,2454.21,667.03,20,"3036.06,1355.00,3021.00,2851.00,2008.00",0
134,T134-21,981.0,16,2043.2,801.47,21,"1355.00,3021.00,2851.00,2008.00,981.00",0
134,T134-22,1055.0,0,1983.2,859.85,22,"3021.00,2851.00,2008.00,981.00,1055.00",0
134,T134-23,3183.0,0,2015.6,900.44,23,"2851.00,2008.00,981.00,1055.00,3183.00",0
134,T134-24,176.0,3,1480.6,1030.44,24,"2008.00,981.00,1055.00,3183.00,176.00",0
134,T134-25,2408.0,1,1560.6,1082.49,25,"981.00,1055.00,3183.00,176.00,2408.00",0
134,T134-26,10745.03,10,3513.41,3763.23,26,"1055.00,3183.00,176.00,2408.00,10745.03",1
134,T134-27,876.0,23,3477.61,3787.22,27,"3183.00,176.00,2408.00,10745.03,876.00",0
135,T135-1,2679.0,16,2679.0,0.0,1,2679.00,0
135,T135-2,2795.0,13,2737.0,58.0,2,"2679.00,2795.00",0
135,T135-3,2874.0,1,2782.67,80.08,3,"2679.00,2795.00,2874.00",0
135,T135-4,3029.0,16,2844.25,127.23,4,"2679.00,2795.00,2874.00,3029.00",0
135,T135-5,155.0,15,2306.4,1081.7,5,"2679.00,2795.00,2874.00,3029.00,155.00",0
135,T135-6,438.0,1,1858.2,1280.47,6,"2795.00,2874.00,3029.00,155.00,438.00",0
135,T135-7,2596.0,7,1818.4,1253.55,7,"2874.00,3029.00,155.00,438.00,2596.00",0
135,T135-8,2179.0,8,1679.4,1164.13,8,"3029.00,155.00,438.00,2596.00,2179.00",0
135,T135-9,2184.0,19,1510.4,1006.62,9,"155.00,438.00,2596.00,2179.00,2184.00",0
135,T135-10,7864.31,15,3052.26,2518.52,10,"438.00,2596.00,2179.00,2184.00,7864.31",1
135,T135-11,1278.18,11,3220.3,2361.64,11,"2596.00,2179.00,2184.00,7864.31,1278.18",0
135,T135-12,1435.0,0,2988.1,2466.36,12,"2179.00,2184.00,7864.31,1278.18,1435.00",0
135,T135-13,2805.0,14,3113.3,2437.83,13,"2184.00,7864.31,1278.18,1435.00,2805.00",0
135,T135-14,596.0,19,2795.7,2633.78,14,"7864.31,1278.18,1435.00,2805.00,596.00",0
135,T135-15,217.0,1,1266.24,888.43,15,"1278.18,1435.00,2805.00,596.00,217.00",0
135,T135-16,6232.31,0,2257.06,2177.14,16,"1435.00,2805.00,596.00,217.00,6232.31",0
135,T135-17,2617.0,23,2493.46,2138.88,17,"2805.00,596.00,217.00,6232.31,2617.00",0
135,T135-18,987.0,20,2129.86,2208.41,18,"596.00,217.00,6232.31,2617.00,987.00",0
136,T136-1,2045.0,17,2045.0,0.0,1,2045.00,0
136,T136-2,1373.0,13,1709.0,336.0,2,"2045.00,1373.00",0
136,T136-3,778.0,2,1398.67,517.57,3,"2045.00,1373.00,778.00",0
136,T136-4,963.0,15,1289.75,486.31,4,"2045.00,1373.00,778.00,963.00",0
136,T136-5,5949.36,19,2221.67,1913.93,5,"2045.00,1373.00,778.00,963.00,5949.36",0
136,T136-6,2577.0,5,2328.07,1915.93,6,"1373.00,778.00,963.00,5949.36,2577.00",0
136,T136-7,1623.0,5,2378.07,1893.49,7,"778.00,963.00,5949.36,2577.00,1623.00",0
136,T136-8,18875.29,5,5997.53,6663.66,8,"963.00,5949.36,2577.00,1623.00,18875.29",1
136,T136-9,18568.05,14,9518.54,7651.22,9,"5949.36,2577.00,1623.00,18875.29,18568.05",1
136,T136-10,1959.0,14,8720.47,8172.26,10,"2577.00,1623.00,18875.29,18568.05,1959.00",0
136,T136-11,5218.79,20,9248.83,7836.49,11,"1623.00,18875.29,18568.05,1959.00,5218.79",0
136,T136-12,2791.0,7,9482.43,7620.11,12,"18875.29,18568.05,1959.00,5218.79,2791.00",0
136,T136-13,15317.76,23,8770.92,6835.56,13,"18568.05,1959.00,5218.79,2791.00,15317.76",0
136,T136-14,3287.0,21,5714.71,4919.59,14,"1959.00,5218.79,2791.00,15317.76,3287.00",0
136,T136-15,1714.0,1,5665.71,4957.82,15,"5218.79,2791.00,15317.76,3287.00,1714.00",0
136,T136-16,2455.0,12,5112.95,5127.99,16,"2791.00,15317.76,3287.00,1714.00,2455.00",0
136,T136-17,13500.32,17,7254.82,5890.67,17,"15317.76,3287.00,1714.00,2455.00,13500.32",0
137,T137-1,2999.0,11,2999.0,0.0,1,2999.00,0
137,T137-2,2142.0,21,2570.5,428.5,2,"2999.00,2142.00",0
137,T137-3,768.0,12,1969.67,918.92,3,"2999.00,2142.00,768.00",0
137,T137-4,853.0,23,1690.5,931.19,4,"2999.00,2142.00,768.00,853.00",0
137,T137-5,2946.0,0,1941.6,972.57,5,"2999.00,2142.00,768.00,853.00,2946.00",0
137,T137-6,271.0,14,1396.0,991.35,6,"2142.00,768.00,853.00,2946.00,271.00",0
137,T137-7,3303.76,5,1628.35,1243.14,7,"768.00,853.00,2946.00,271.00,3303.76",0
137,T137-8,2202.0,14,1915.15,1175.12,8,"853.00,2946.00,271.00,3303.76,2202.00",0
137,T137-9,84816.71,13,18707.89,33071.03,9,"2946.00,271.00,3303.76,2202.00,84816.71",1
137,T137-10,151.0,19,18148.89,33355.13,10,"271.00,3303.76,2202.00,84816.71,151.00",0
137,T137-11,297.0,17,18154.09,33352.34,11,"3303.76,2202.00,84816.71,151.00,297.00",0
137,T137-12,828.0,12,17658.94,33586.69,12,"2202.00,84816.71,151.00,297.00,828.00",0
137,T137-13,737.0,22,17365.94,33726.35,13,"84816.71,151.00,297.00,828.00,737.00",0
138,T138-1,1592.0,8,1592.0,0.0,1,1592.00,0
138,T138-2,2159.0,20,1875.5,283.5,2,"1592.00,2159.00",0
138,T138-3,2046.0,18,1932.33,245.03,3,"1592.00,2159.00,2046.00",0
138,T138-4,221.0,21,1504.5,770.81,4,"1592.00,2159.00,2046.00,221.00",0
138,T138-5,19200.92,12,5043.78,7112.06,5,"1592.00,2159.00,2046.00,221.00,19200.92",0
138,T138-6,3278.0,19,5380.98,6979.14,6,"2159.00,2046.00,221.00,19200.92,3278.00",0
138,T138-7,1543.0,16,5257.78,7040.1,7,"2046.00,221.00,19200.92,3278.00,1543.00",0
138,T138-8,2143.0,17,5277.18,7031.35,8,"221.00,19200.92,3278.00,1543.00,2143.00",0
138,T138-9,227.0,13,5278.38,7030.49,9,"19200.92,3278.00,1543.00,2143.00,227.00",0
138,T138-10,1382.0,2,1714.6,998.08,10,"3278.00,1543.00,2143.00,227.00,1382.00",0
138,T138-11,3489.0,7,1756.8,1065.47,11,"1543.00,2143.00,227.00,1382.00,3489.00",0
138,T138-12,1331.0,2,1714.4,1077.29,12,"2143.00,227.00,1382.00,3489.00,1331.00",0
138,T138-13,4739.05,14,2233.61,1638.27,13,"227.00,1382.00,3489.00,1331.00,4739.05",0
138,T138-14,2491.0,0,2686.41,1298.79,14,"1382.00,3489.00,1331.00,4739.05,2491.00",0
138,T138-15,2825.0,16,2975.01,1125.66,15,"3489.00,1331.00,4739.05,2491.00,2825.00",0
138,T138-16,527.0,6,2382.61,1435.93,16,"1331.00,4739.05,2491.00,2825.00,527.00",0
138,T138-17,1420.0,16,2400.41,1423.28,17,"4739.05,2491.00,2825.00,527.00,1420.00",0
138,T138-18,11578.13,13,3768.23,3988.37,18,"2491.00,2825.00,527.00,1420.00,11578.13",1
138,T138-19,2333.0,5,3736.63,3998.97,19,"2825.00,527.00,1420.00,11578.13,2333.00",1
138,T138-20,2083.0,23,3588.23,4043.57,20,"527.00,1420.00,11578.13,2333.00,2083.00",0
138,T138-21,2225.0,11,3927.83,3838.3,21,"1420.00,11578.13,2333.00,2083.00,2225.00",0
138,T138-22,552.0,8,3754.23,3965.33,22,"11578.13,2333.00,2083.00,2225.00,552.00",0
139,T139-1,3421.0,13,3421.0,0.0,1,3421.00,1
139,T139-2,183.0,15,1802.0,1619.0,2,"3421.00,183.00",0
139,T139-3,2228.0,4,1944.0,1337.07,3,"3421.00,183.00,2228.00",0
139,T139-4,1936.0,16,1942.0,1157.95,4,"3421.00,183.00,2228.00,1936.00",0
139,T139-5,465.0,15,1646.6,1192.36,5,"3421.00,183.00,2228.00,1936.00,465.00",0
139,T139-6,13943.03,8,3751.01,5157.9,6,"183.00,2228.00,1936.00,465.00,13943.03",1
139,T139-7,7576.11,8,5229.63,4979.73,7,"2228.00,1936.00,465.00,13943.03,7576.11",1
139,T139-8,3453.0,14,5474.63,4854.59,8,"1936.00,465.00,13943.03,7576.11,3453.00",0
139,T139-9,2937.0,9,5674.83,4723.4,9,"465.00,13943.03,7576.11,3453.00,2937.00",0
139,T139-10,1127.0,9,5807.23,4582.69,10,"13943.03,7576.11,3453.00,2937.00,1127.00",0
139,T139-11,1342.0,3,3287.02,2323.58,11,"7576.11,3453.00,2937.00,1127.00,1342.00",0
139,T139-12,1400.0,13,2051.8,951.93,12,"3453.00,2937.00,1127.00,1342.00,1400.00",0
139,T139-13,3003.3,5,1961.86,828.54,13,"2937.00,1127.00,1342.00,1400.00,3003.30",0
140,T140-1,1087.0,4,1087.0,0.0,1,1087.00,0
140,T140-2,1670.0,17,1378.5,291.5,2,"1087.00,1670.00",0
140,T140-3,222.0,1,993.0,594.87,3,"1087.00,1670.00,222.00",0
140,T140-4,1320.0,22,1074.75,534.28,4,"1087.00,1670.00,222.00,1320.00",0
140,T140-5,3470.0,15,1553.8,1070.66,5,"1087.00,1670.00,222.00,1320.00,3470.00",0
140,T140-6,6750.36,17,2686.47,2284.87,6,"1670.00,222.00,1320.00,3470.00,6750.36",0
140,T140-7,932.24,23,2538.92,2368.05,7,"222.00,1320.00,3470.00,6750.36,932.24",0
140,T140-8,2956.0,21,3085.72,2066.36,8,"1320.00,3470.00,6750.36,932.24,2956.00",0
140,T140-9,24177.87,17,7657.29,8468.93,9,"3470.00,6750.36,932.24,2956.00,24177.87",1
140,T140-10,1317.0,21,7226.69,8721.84,10,"6750.36,932.24,2956.00,24177.87,1317.00",0
140,T140-11,3374.0,0,6551.42,8862.16,11,"932.24,2956.00,24177.87,1317.00,3374.00",0
140,T140-12,506.0,7,6466.17,8917.67,12,"2956.00,24177.87,1317.00,3374.00,506.00",0
140,T140-13,9160.87,23,7707.15,8773.42,13,"24177.87,1317.00,3374.00,506.00,9160.87",0
140,T140-14,2872.0,9,3445.97,3038.77,14,"1317.00,3374.00,506.00,9160.87,2872.00",1
140,T140-15,3142.0,9,3810.97,2865.81,15,"3374.00,506.00,9160.87,2872.00,3142.00",0
140,T140-16,3549.81,11,3846.14,2861.31,16,"506.00,9160.87,2872.00,3142.00,3549.81",0
140,T140-17,461.0,9,3837.14,2871.85,17,"9160.87,2872.00,3142.00,3549.81,461.00",0
140,T140-18,2305.0,12,2465.96,1080.96,18,"2872.00,3142.00,3549.81,461.00,2305.00",0
140,T140-19,1920.0,4,2275.56,1076.51,19,"3142.00,3549.81,461.00,2305.00,1920.00",0
140,T140-20,180.0,17,1683.16,1239.38,20,"3549.81,461.00,2305.00,1920.00,180.00",0
140,T140-21,2336.0,3,1440.4,930.32,21,"461.00,2305.00,1920.00,180.00,2336.00",0
140,T140-22,1981.0,16,1744.4,799.8,22,"2305.00,1920.00,180.00,2336.00,1981.00",0
140,T140-23,6363.29,16,2556.06,2045.7,23,"1920.00,180.00,2336.00,1981.00,6363.29",0
140,T140-24,8887.95,15,3949.65,3190.68,24,"180.00,2336.00,1981.00,6363.29,8887.95",1
140,T140-25,1465.0,5,4206.65,2916.68,25,"2336.00,1981.00,6363.29,8887.95,1465.00",0
140,T140-26,3232.0,19,4385.85,2822.24,26,"1981.00,6363.29,8887.95,1465.00,3232.00",0
140,T140-27,727.0,22,4135.05,3069.68,27,"6363.29,8887.95,1465.00,3232.00,727.00",0
141,T141-1,1147.0,10,1147.0,0.0,1,1147.00,0
141,T141-2,3033.0,0,2090.0,943.0,2,"1147.00,3033.00",1
141,T141-3,1610.0,3,1930.0,802.52,3,"1147.00,3033.00,1610.00",0
141,T141-4,1967.0,10,1939.25,695.18,4,"1147.00,3033.00,1610.00,1967.00",0
141,T141-5,3763.71,1,2304.14,958.76,5,"1147.00,3033.00,1610.00,1967.00,3763.71",0
141,T141-6,2073.39,2,2489.42,792.3,6,"3033.00,1610.00,1967.00,3763.71,2073.39",1
141,T141-7,13657.51,18,4614.32,4582.43,7,"1610.00,1967.00,3763.71,2073.39,13657.51",1
141,T141-8,507.0,6,4393.72,4745.4,8,"1967.00,3763.71,2073.39,13657.51,507.00",0
141,T141-9,854.0,22,4171.12,4878.26,9,"3763.71,2073.39,13657.51,507.00,854.00",0
141,T141-10,2059.47,16,3830.27,4953.77,10,"2073.39,13657.51,507.00,854.00,2059.47",0
141,T141-11,5670.99,17,4549.79,4907.39,11,"13657.51,507.00,854.00,2059.47,5670.99",0
141,T141-12,2414.0,3,2301.09,1829.76,12,"507.00,854.00,2059.47,5670.99,2414.00",0
141,T141-13,1289.0,1,2457.49,1698.44,13,"854.00,2059.47,5670.99,2414.00,1289.00",0
141,T141-14,2798.0,0,2846.29,1497.49,14,"2059.47,5670.99,2414.00,1289.00,2798.00",0
141,T141-15,2028.0,18,2840.0,1500.84,15,"5670.99,2414.00,1289.00,2798.00,2028.00",0
141,T141-16,3344.0,3,2374.6,695.59,16,"2414.00,1289.00,2798.00,2028.00,3344.00",0
141,T141-17,641.0,23,2020.0,979.22,17,"1289.00,2798.00,2028.00,3344.00,641.00",0
141,T141-18,4641.5,11,2690.5,1333.0,18,"2798.00,2028.00,3344.00,641.00,4641.50",0
141,T141-19,1048.0,20,2340.5,1480.42,19,"2028.00,3344.00,641.00,4641.50,1048.00",0
142,T142-1,1093.0,1,1093.0,0.0,1,1093.00,0
142,T142-2,2650.0,2,1871.5,778.5,2,"1093.00,2650.00",0
142,T142-3,3459.0,8,2400.67,981.87,3,"1093.00,2650.00,3459.00",0
142,T142-4,1949.0,5,2287.75,872.53,4,"1093.00,2650.00,3459.00,1949.00",0
142,T142-5,2425.0,2,2315.2,782.34,5,"1093.00,2650.00,3459.00,1949.00,2425.00",0
142,T142-6,2788.0,0,2654.2,493.04,6,"2650.00,3459.00,1949.00,2425.00,2788.00",0
142,T142-7,1585.0,16,2441.2,652.96,7,"3459.00,1949.00,2425.00,2788.00,1585.00",0
142,T142-8,3153.0,18,2380.0,562.82,8,"1949.00,2425.00,2788.00,1585.00,3153.00",0
142,T142-9,498.0,13,2089.8,950.67,9,"2425.00,2788.00,1585.00,3153.00,498.00",0
142,T142-10,11034.96,8,3811.79,3730.85,10,"2788.00,1585.00,3153.00,498.00,11034.96",1
142,T142-11,750.0,16,3404.19,3926.62,11,"1585.00,3153.00,498.00,11034.96,750.00",0
142,T142-12,1040.0,1,3295.19,3982.77,12,"3153.00,498.00,11034.96,750.00,1040.00",0
142,T142-13,2210.0,15,3106.59,4007.29,13,"498.00,11034.96,750.00,1040.00,2210.00",0
142,T142-14,6475.68,17,4302.13,3941.86,14,"11034.96,750.00,1040.00,2210.00,6475.68",0
142,T142-15,3165.0,18,2728.14,2062.34,15,"750.00,1040.00,2210.00,6475.68,3165.00",0
143,T143-1,985.0,1,985.0,0.0,1,985.00,0
143,T143-2,743.0,17,864.0,121.0,2,"985.00,743.00",0
143,T143-3,1493.0,8,1073.67,312.54,3,"985.00,743.00,1493.00",0
143,T143-4,161.0,18,845.5,479.0,4,"985.00,743.00,1493.00,161.00",0
143,T143-5,1281.0,23,932.6,462.49,5,"985.00,743.00,1493.00,161.00,1281.00",0
143,T143-6,308.0,15,797.2,522.53,6,"743.00,1493.00,161.00,1281.00,308.00",0
143,T143-7,3267.0,21,1302.0,1112.48,7,"1493.00,161.00,1281.00,308.00,3267.00",0
143,T143-8,1207.0,5,1244.8,1108.53,8,"161.00,1281.00,308.00,3267.00,1207.00",0
143,T143-9,1526.0,2,1517.8,967.06,9,"1281.00,308.00,3267.00,1207.00,1526.00",0
143,T143-10,11041.73,18,3469.95,3905.66,10,"308.00,3267.00,1207.00,1526.00,11041.73",1
143,T143-11,1571.0,14,3722.55,3729.88,11,"3267.00,1207.00,1526.00,11041.73,1571.00",0
143,T143-12,897.0,7,3248.55,3904.17,12,"1207.00,1526.00,11041.73,1571.00,897.00",0
143,T143-13,3481.72,10,3703.49,3770.0,13,"1526.00,11041.73,1571.00,897.00,3481.72",0
143,T143-14,305.0,18,3459.29,3938.89,14,"11041.73,1571.00,897.00,3481.72,305.00",0
143,T143-15,1617.0,7,1574.34,1068.64,15,"1571.00,897.00,3481.72,305.00,1617.00",0
143,T143-16,3132.0,4,1886.54,1236.84,16,"897.00,3481.72,305.00,1617.00,3132.00",0
143,T143-17,1172.0,19,1941.54,1197.09,17,"3481.72,305.00,1617.00,3132.00,1172.00",0
143,T143-18,355.0,6,1316.2,1034.88,18,"305.00,1617.00,3132.00,1172.00,355.00",0
143,T143-19,2103.0,9,1675.8,927.88,19,"1617.00,3132.00,1172.00,355.00,2103.00",0
143,T143-20,2196.0,3,1791.6,949.2,20,"3132.00,1172.00,355.00,2103.00,2196.00",0
143,T143-21,11141.64,1,3393.53,3931.94,21,"1172.00,355.00,2103.00,2196.00,11141.64",1
143,T143-22,239.0,5,3206.93,4053.21,22,"355.00,2103.00,2196.00,11141.64,239.00",0
144,T144-1,416.0,20,416.0,0.0,1,416.00,0
144,T144-2,602.0,12,509.0,93.0,2,"416.00,602.00",0
144,T144-3,746.0,10,588.0,135.09,3,"416.00,602.00,746.00",0
144,T144-4,2711.0,12,1118.75,926.7,4,"416.00,602.00,746.00,2711.00",0
144,T144-5,5203.58,13,1935.72,1832.14,5,"416.00,602.00,746.00,2711.00,5203.58",0
144,T144-6,1453.0,4,2143.12,1702.48,6,"602.00,746.00,2711.00,5203.58,1453.00",0
144,T144-7,2693.0,9,2561.32,1519.54,7,"746.00,2711.00,5203.58,1453.00,2693.00",1
144,T144-8,1737.0,4,2759.52,1321.57,8,"2711.00,5203.58,1453.00,2693.00,1737.00",0
144,T144-9,277.0,7,2272.72,1655.8,9,"5203.58,1453.00,2693.00,1737.00,277.00",0
144,T144-10,2719.0,0,1775.8,903.66,10,"1453.00,2693.00,1737.00,277.00,2719.00",0
144,T144-11,1718.0,13,1828.8,890.85,11,"2693.00,1737.00,277.00,2719.00,1718.00",0
144,T144-12,1653.0,6,1620.8,779.21,12,"1737.00,277.00,2719.00,1718.00,1653.00",0
144,T144-13,924.0,11,1458.2,821.66,13,"277.00,2719.00,1718.00,1653.00,924.00",0
144,T144-14,571.0,16,1517.0,741.66,14,"2719.00,1718.00,1653.00,924.00,571.00",0
144,T144-15,13429.67,4,3659.13,4904.56,15,"1718.00,1653.00,924.00,571.00,13429.67",1
144,T144-16,3149.0,19,3945.33,4824.03,16,"1653.00,924.00,571.00,13429.67,3149.00",0
144,T144-17,5662.13,5,4747.16,4708.17,17,"924.00,571.00,13429.67,3149.00,5662.13",0
144,T144-18,3134.0,18,5189.16,4423.64,18,"571.00,13429.67,3149.00,5662.13,3134.00",0
144,T144-19,2040.0,0,5482.96,4147.32,19,"13429.67,3149.00,5662.13,3134.00,2040.00",1
144,T144-20,3179.0,19,3432.83,1195.33,20,"3149.00,5662.13,3134.00,2040.00,3179.00",0
144,T144-21,8931.94,14,4589.41,2474.48,21,"5662.13,3134.00,2040.00,3179.00,8931.94",1
144,T144-22,3019.0,22,4060.79,2471.17,22,"3134.00,2040.00,3179.00,8931.94,3019.00",0
144,T144-23,8918.04,10,5217.59,3052.09,23,"2040.00,3179.00,8931.94,3019.00,8918.04",1
145,T145-1,2846.0,22,2846.0,0.0,1,2846.00,0
145,T145-2,661.0,23,1753.5,1092.5,2,"2846.00,661.00",0
145,T145-3,2108.0,3,1871.67,907.54,3,"2846.00,661.00,2108.00",0
145,T145-4,823.0,11,1609.5,907.7,4,"2846.00,661.00,2108.00,823.00",0
145,T145-5,2400.0,18,1767.6,871.27,5,"2846.00,661.00,2108.00,823.00,2400.00",0
145,T145-6,4764.66,7,2151.33,1475.04,6,"661.00,2108.00,823.00,2400.00,4764.66",0
145,T145-7,1187.0,22,2256.53,1380.74,7,"2108.00,823.00,2400.00,4764.66,1187.00",0
145,T145-8,209.0,1,1876.73,1611.3,8,"823.00,2400.00,4764.66,1187.00,209.00",0
145,T145-9,1569.0,11,2025.93,1539.77,9,"2400.00,4764.66,1187.00,209.00,1569.00",0
145,T145-10,523.0,7,1650.53,1629.03,10,"4764.66,1187.00,209.00,1569.00,523.00",0
145,T145-11,163.0,18,730.2,556.52,11,"1187.00,209.00,1569.00,523.00,163.00",0
145,T145-12,1147.0,12,722.2,550.14,12,"209.00,1569.00,523.00,163.00,1147.00",0
145,T145-13,3225.0,0,1325.4,1067.21,13,"1569.00,523.00,163.00,1147.00,3225.00",0
145,T145-14,3464.0,16,1704.4,1377.73,14,"523.00,163.00,1147.00,3225.00,3464.00",0
145,T145-15,6224.68,16,2844.74,2098.86,15,"163.00,1147.00,3225.00,3464.00,6224.68",0
145,T145-16,3149.0,13,3441.94,1621.34,16,"1147.00,3225.00,3464.00,6224.68,3149.00",0
145,T145-17,2763.0,18,3765.14,1250.26,17,"3225.00,3464.00,6224.68,3149.00,2763.00",0
145,T145-18,2246.0,13,3569.34,1388.53,18,"3464.00,6224.68,3149.00,2763.00,2246.00",1
145,T145-19,2511.0,22,3378.74,1453.78,19,"6224.68,3149.00,2763.00,2246.00,2511.00",0
145,T145-20,818.0,8,2297.4,797.36,20,"3149.00,2763.00,2246.00,2511.00,818.00",0
145,T145-21,2070.0,21,2081.6,674.17,21,"2763.00,2246.00,2511.00,818.00,2070.00",0
145,T145-22,373.0,21,1603.6,846.77,22,"2246.00,2511.00,818.00,2070.00,373.00",0
145,T145-23,30453.73,20,7245.15,11630.71,23,"2511.00,818.00,2070.00,373.00,30453.73",1
146,T146-1,2867.0,6,2867.0,0.0,1,2867.00,0
146,T146-2,597.0,3,1732.0,1135.0,2,"2867.00,597.00",0
146,T146-3,1097.0,23,1520.33,973.87,3,"2867.00,597.00,1097.00",0
146,T146-4,3424.0,6,1996.25,1179.32,4,"2867.00,597.00,1097.00,3424.00",0
146,T146-5,1105.0,22,1818.0,1113.44,5,"2867.00,597.00,1097.00,3424.00,1105.00",0
146,T146-6,2767.0,20,1798.0,1095.16,6,"597.00,1097.00,3424.00,1105.00,2767.00",0
146,T146-7,2840.0,15,2246.6,962.71,7,"1097.00,3424.00,1105.00,2767.00,2840.00",0
146,T146-8,3201.0,4,2667.4,817.07,8,"3424.00,1105.00,2767.00,2840.00,3201.00",0
146,T146-9,2493.89,14,2481.38,724.24,9,"1105.00,2767.00,2840.00,3201.00,2493.89",0
146,T146-10,6536.59,18,3567.7,1501.5,10,"2767.00,2840.00,3201.00,2493.89,6536.59",0
146,T146-11,2491.0,1,3512.5,1534.63,11,"2840.00,3201.00,2493.89,6536.59,2491.00",0
146,T146-12,7587.71,21,4462.04,2164.37,12,"3201.00,2493.89,6536.59,2491.00,7587.71",1
146,T146-13,1184.0,21,4058.64,2520.48,13,"2493.89,6536.59,2491.00,7587.71,1184.00",0
146,T146-14,519.0,2,3663.66,2865.82,14,"6536.59,2491.00,7587.71,1184.00,519.00",0
146,T146-15,2915.0,8,2939.34,2479.85,15,"2491.00,7587.71,1184.00,519.00,2915.00",0
146,T146-16,718.0,16,2584.74,2640.18,16,"7587.71,1184.00,519.00,2915.00,718.00",0
146,T146-17,1896.0,22,1446.4,873.89,17,"1184.00,519.00,2915.00,718.00,1896.00",0
146,T146-18,2417.0,5,1693.0,936.76,18,"519.00,2915.00,718.00,1896.00,2417.00",0
146,T146-19,654.0,13,1720.0,903.9,19,"2915.00,718.00,1896.00,2417.00,654.00",0
146,T146-20,5587.66,22,2254.53,1799.29,20,"718.00,1896.00,2417.00,654.00,5587.66",0
146,T146-21,2010.0,1,2512.93,1646.35,21,"1896.00,2417.00,654.00,5587.66,2010.00",0
146,T146-22,3319.0,12,2797.53,1638.08,22,"2417.00,654.00,5587.66,2010.00,3319.00",0
147,T147-1,1592.0,17,1592.0,0.0,1,1592.00,0
147,T147-2,2935.0,6,2263.5,671.5,2,"1592.00,2935.00",0
147,T147-3,3280.0,12,2602.33,728.16,3,"1592.00,2935.00,3280.00",0
147,T147-4,1873.0,9,2420.0,705.27,4,"1592.00,2935.00,3280.00,1873.00",0
147,T147-5,1492.0,9,2234.4,731.92,5,"1592.00,2935.00,3280.00,1873.00,1492.00",0
147,T147-6,2741.0,17,2464.2,672.08,6,"2935.00,3280.00,1873.00,1492.00,2741.00",0
147,T147-7,440.0,18,1965.2,988.86,7,"3280.00,1873.00,1492.00,2741.00,440.00",0
147,T147-8,1722.0,3,1653.6,739.49,8,"1873.00,1492.00,2741.00,440.00,1722.00",0
147,T147-9,174429.22,11,36164.84,69136.05,9,"1492.00,2741.00,440.00,1722.00,174429.22",1
147,T147-10,2214.0,20,36309.24,69064.2,10,"2741.00,440.00,1722.00,174429.22,2214.00",0
147,T147-11,9660.22,10,37693.09,68444.27,11,"440.00,1722.00,174429.22,2214.00,9660.22",0
147,T147-12,2697.0,16,38144.49,68204.11,12,"1722.00,174429.22,2214.00,9660.22,2697.00",0
147,T147-13,547.0,23,37909.49,68331.11,13,"174429.22,2214.00,9660.22,2697.00,547.00",0
147,T147-14,8075.36,12,4638.72,3561.4,14,"2214.00,9660.22,2697.00,547.00,8075.36",0
147,T147-15,2106.0,11,4617.12,3576.33,15,"9660.22,2697.00,547.00,8075.36,2106.00",0
147,T147-16,3364.0,14,3357.87,2536.12,16,"2697.00,547.00,8075.36,2106.00,3364.00",0
148,T148-1,1926.0,13,1926.0,0.0,1,1926.00,0
148,T148-2,730.0,16,1328.0,598.0,2,"1926.00,730.00",0
148,T148-3,2591.0,1,1749.0,769.99,3,"1926.00,730.00,2591.00",0
148,T148-4,2218.0,14,1866.25,697.07,4,"1926.00,730.00,2591.00,2218.00",0
148,T148-5,3370.0,7,2167.0,866.33,5,"1926.00,730.00,2591.00,2218.00,3370.00",0
148,T148-6,2215.66,15,2224.93,857.92,6,"730.00,2591.00,2218.00,3370.00,2215.66",0
148,T148-7,2975.0,13,2673.93,447.2,7,"2591.00,2218.00,3370.00,2215.66,2975.00",0
148,T148-8,3085.0,18,2772.73,471.85,8,"2218.00,3370.00,2215.66,2975.00,3085.00",0
148,T148-9,3180.0,11,2965.13,396.55,9,"3370.00,2215.66,2975.00,3085.00,3180.00",0
148,T148-10,1865.0,17,2664.13,525.29,10,"2215.66,2975.00,3085.00,3180.00,1865.00",0
148,T148-11,2192.0,8,2659.4,529.4,11,"2975.00,3085.00,3180.00,1865.00,2192.00",0
148,T148-12,2563.0,10,2577.0,505.38,12,"3085.00,3180.00,1865.00,2192.00,2563.00",0
148,T148-13,2002.0,23,2360.4,472.23,13,"3180.00,1865.00,2192.00,2563.00,2002.00",0
148,T148-14,5593.77,7,2843.15,1395.19,14,"1865.00,2192.00,2563.00,2002.00,5593.77",0
148,T148-15,2416.0,19,2953.35,1333.99,15,"2192.00,2563.00,2002.00,5593.77,2416.00",0
148,T148-16,780.0,13,2670.95,1590.14,16,"2563.00,2002.00,5593.77,2416.00,780.00",0
148,T148-17,1823.0,10,2522.95,1627.3,17,"2002.00,5593.77,2416.00,780.00,1823.00",0
148,T148-18,3115.0,20,2745.55,1616.91,18,"5593.77,2416.00,780.00,1823.00,3115.00",0
148,T148-19,2472.0,20,2121.2,785.54,19,"2416.00,780.00,1823.00,3115.00,2472.00",0
148,T148-20,6636.92,12,2965.38,1991.33,20,"780.00,1823.00,3115.00,2472.00,6636.92",0
148,T148-21,1824.0,11,3174.18,1796.43,21,"1823.00,3115.00,2472.00,6636.92,1824.00",0
148,T148-22,171.0,18,2843.78,2134.64,22,"3115.00,2472.00,6636.92,1824.00,171.00",0
148,T148-23,2578.0,4,2736.38,2131.8,23,"2472.00,6636.92,1824.00,171.00,2578.00",0
148,T148-24,2132.0,15,2668.38,2144.53,24,"6636.92,1824.00,171.00,2578.00,2132.00",0
148,T148-25,9214.49,11,3183.9,3123.09,25,"1824.00,171.00,2578.00,2132.00,9214.49",1
148,T148-26,4105.78,12,3640.25,3057.05,26,"171.00,2578.00,2132.00,9214.49,4105.78",0
149,T149-1,1085.0,21,1085.0,0.0,1,1085.00,0
149,T149-2,717.0,15,901.0,184.0,2,"1085.00,717.00",0
149,T149-3,3495.0,1,1765.67,1232.02,3,"1085.00,717.00,3495.00",0
149,T149-4,2199.0,2,1874.0,1083.33,4,"1085.00,717.00,3495.00,2199.00",0
149,T149-5,3153.0,7,2129.8,1095.73,5,"1085.00,717.00,3495.00,2199.00,3153.00",0
149,T149-6,2526.0,11,2418.0,964.69,6,"717.00,3495.00,2199.00,3153.00,2526.00",0
149,T149-7,1702.0,15,2615.0,644.73,7,"3495.00,2199.00,3153.00,2526.00,1702.00",0
149,T149-8,1417.0,12,2199.4,612.47,8,"2199.00,3153.00,2526.00,1702.00,1417.00",0
149,T149-9,2892.0,7,2338.0,672.19,9,"3153.00,2526.00,1702.00,1417.00,2892.00",0
149,T149-10,2949.0,5,2297.2,626.1,10,"2526.00,1702.00,1417.00,2892.00,2949.00",0
149,T149-11,1038.0,12,1999.6,781.08,11,"1702.00,1417.00,2892.00,2949.00,1038.00",0
149,T149-12,1710.0,7,2001.2,780.47,12,"1417.00,2892.00,2949.00,1038.00,1710.00",0
149,T149-13,18733.22,21,5464.44,6673.75,13,"2892.00,2949.00,1038.00,1710.00,18733.22",1
149,T149-14,2908.0,12,5467.64,6672.52,14,"2949.00,1038.00,1710.00,18733.22,2908.00",0
149,T149-15,1589.0,10,5195.64,6796.22,15,"1038.00,1710.00,18733.22,2908.00,1589.00",0
149,T149-16,1162.0,1,5220.44,6781.21,16,"1710.00,18733.22,2908.00,1589.00,1162.00",0
149,T149-17,1273.0,4,5133.04,6828.54,17,"18733.22,2908.00,1589.00,1162.00,1273.00",0
149,T149-18,1774.0,23,1741.2,622.95,18,"2908.00,1589.00,1162.00,1273.00,1774.00",0
150,T150-1,3268.0,23,3268.0,0.0,1,3268.00,0
150,T150-2,2545.0,17,2906.5,361.5,2,"3268.00,2545.00",0
150,T150-3,383.0,0,2065.33,1225.66,3,"3268.00,2545.00,383.00",0
150,T150-4,171.0,22,1591.75,1341.46,4,"3268.00,2545.00,383.00,171.00",0
150,T150-5,3367.0,12,1946.8,1394.23,5,"3268.00,2545.00,383.00,171.00,3367.00",0
150,T150-6,5053.98,13,2304.0,1843.39,6,"2545.00,383.00,171.00,3367.00,5053.98",0
150,T150-7,4866.76,20,2768.35,2117.64,7,"383.00,171.00,3367.00,5053.98,4866.76",0
150,T150-8,1510.0,13,2993.75,1900.6,8,"171.00,3367.00,5053.98,4866.76,1510.00",0
150,T150-9,2022.0,5,3363.95,1438.93,9,"3367.00,5053.98,4866.76,1510.00,2022.00",0
150,T150-10,2575.0,7,3205.55,1473.06,10,"5053.98,4866.76,1510.00,2022.00,2575.00",0
150,T150-11,2304.0,17,2655.55,1160.45,11,"4866.76,1510.00,2022.00,2575.00,2304.00",0
150,T150-12,9922.87,22,3666.77,3147.85,12,"1510.00,2022.00,2575.00,2304.00,9922.87",1
150,T150-13,2648.0,6,3894.37,3022.32,13,"2022.00,2575.00,2304.00,9922.87,2648.00",0
150,T150-14,3259.0,14,4141.77,2907.37,14,"2575.00,2304.00,9922.87,2648.00,3259.00",0
150,T150-15,614.0,7,3749.57,3208.9,15,"2304.00,9922.87,2648.00,3259.00,614.00",0
151,T151-1,1305.0,20,1305.0,0.0,1,1305.00,0
151,T151-2,558.0,6,931.5,373.5,2,"1305.00,558.00",0
151,T151-3,2747.0,3,1536.67,908.55,3,"1305.00,558.00,2747.00",0
151,T151-4,968.0,0,1394.5,824.45,4,"1305.00,558.00,2747.00,968.00",0
151,T151-5,868.0,9,1289.2,766.9,5,"1305.00,558.00,2747.00,968.00,868.00",0
151,T151-6,333.0,5,1094.8,856.24,6,"558.00,2747.00,968.00,868.00,333.00",0
151,T151-7,1666.0,12,1316.4,831.67,7,"2747.00,968.00,868.00,333.00,1666.00",0
151,T151-8,3151.0,19,1397.2,974.15,8,"968.00,868.00,333.00,1666.00,3151.00",0
151,T151-9,2410.0,20,1685.6,1016.91,9,"868.00,333.00,1666.00,3151.00,2410.00",0
151,T151-10,5861.6,2,2684.32,1841.4,10,"333.00,1666.00,3151.00,2410.00,5861.60",0
151,T151-11,322.0,21,2682.12,1844.21,11,"1666.00,3151.00,2410.00,5861.60,322.00",0
151,T151-12,642.0,5,2477.32,1996.27,12,"3151.00,2410.00,5861.60,322.00,642.00",0
151,T151-13,2036.0,2,2254.32,1970.67,13,"2410.00,5861.60,322.00,642.00,2036.00",0
151,T151-14,19166.91,17,5605.7,7060.74,14,"5861.60,322.00,642.00,2036.00,19166.91",1
151,T151-15,3035.0,18,5040.38,7130.43,15,"322.00,642.00,2036.00,19166.91,3035.00",0
151,T151-16,15358.75,17,8047.73,7657.68,16,"642.00,2036.00,19166.91,3035.00,15358.75",1
151,T151-17,3064.0,8,8532.13,7239.06,17,"2036.00,19166.91,3035.00,15358.75,3064.00",0
151,T151-18,3959.48,12,8916.83,6928.05,18,"19166.91,3035.00,15358.75,3064.00,3959.48",0
151,T151-19,1196.0,5,5322.65,5097.95,19,"3035.00,15358.75,3064.00,3959.48,1196.00",0
151,T151-20,3630.32,6,5441.71,5049.86,20,"15358.75,3064.00,3959.48,1196.00,3630.32",0
151,T151-21,2529.0,22,2875.76,971.71,21,"3064.00,3959.48,1196.00,3630.32,2529.00",0
151,T151-22,3271.0,18,2917.16,983.19,22,"3959.48,1196.00,3630.32,2529.00,3271.00",0
151,T151-23,14087.39,3,4942.74,4647.71,23,"1196.00,3630.32,2529.00,3271.00,14087.39",1
151,T151-24,2552.0,9,5213.94,4456.81,24,"3630.32,2529.00,3271.00,14087.39,2552.00",0
151,T151-25,2018.0,3,4891.48,4615.24,25,"2529.00,3271.00,14087.39,2552.00,2018.00",0
151,T151-26,1013.0,20,4588.28,4806.32,26,"3271.00,14087.39,2552.00,2018.00,1013.00",0
151,T151-27,9460.24,3,5826.13,5095.94,27,"14087.39,2552.00,2018.00,1013.00,9460.24",0
152,T152-1,494.0,15,494.0,0.0,1,494.00,0
152,T152-2,3411.0,11,1952.5,1458.5,2,"494.00,3411.00",0
152,T152-3,1574.0,22,1826.33,1204.15,3,"494.00,3411.00,1574.00",0
152,T152-4,2328.0,23,1951.75,1065.21,4,"494.00,3411.00,1574.00,2328.00",0
152,T152-5,7344.26,11,3030.25,2358.05,5,"494.00,3411.00,1574.00,2328.00,7344.26",0
152,T152-6,2462.0,8,3423.85,2045.37,6,"3411.00,1574.00,2328.00,7344.26,2462.00",0
152,T152-7,3065.0,23,3354.65,2050.48,7,"1574.00,2328.00,7344.26,2462.00,3065.00",0
152,T152-8,3998.72,23,3839.6,1848.82,8,"2328.00,7344.26,2462.00,3065.00,3998.72",0
152,T152-9,13755.15,12,6125.02,4171.52,9,"7344.26,2462.00,3065.00,3998.72,13755.15",1
152,T152-10,2912.0,14,5238.57,4287.56,10,"2462.00,3065.00,3998.72,13755.15,2912.00",0
152,T152-11,2741.0,21,5294.37,4252.74,11,"3065.00,3998.72,13755.15,2912.00,2741.00",0
152,T152-12,12561.88,10,7193.75,4903.82,12,"3998.72,13755.15,2912.00,2741.00,12561.88",0
152,T152-13,8222.98,6,8038.6,4637.23,13,"13755.15,2912.00,2741.00,12561.88,8222.98",0
152,T152-14,1262.0,2,5539.97,4231.96,14,"2912.00,2741.00,12561.88,8222.98,1262.00",0
152,T152-15,1982.0,14,5353.97,4361.82,15,"2741.00,12561.88,8222.98,1262.00,1982.00",0
152,T152-16,1538.0,20,5113.37,4529.28,16,"12561.88,8222.98,1262.00,1982.00,1538.00",0
152,T152-17,152.0,13,2631.4,2860.27,17,"8222.98,1262.00,1982.00,1538.00,152.00",0
152,T152-18,2562.0,21,1499.2,804.41,18,"1262.00,1982.00,1538.00,152.00,2562.00",0
152,T152-19,1588.0,19,1564.4,795.7,19,"1982.00,1538.00,152.00,2562.00,1588.00",0
152,T152-20,2204.0,13,1608.8,823.48,20,"1538.00,152.00,2562.00,1588.00,2204.00",0
152,T152-21,2534.0,23,1808.0,899.24,21,"152.00,2562.00,1588.00,2204.00,2534.00",0
152,T152-22,879.0,3,1953.4,641.58,22,"2562.00,1588.00,2204.00,2534.00,879.00",0
152,T152-23,2429.0,23,1926.8,618.13,23,"1588.00,2204.00,2534.00,879.00,2429.00",0
152,T152-24,1898.0,0,1988.8,596.19,24,"2204.00,2534.00,879.00,2429.00,1898.00",0
152,T152-25,922.0,9,1732.4,712.78,25,"2534.00,879.00,2429.00,1898.00,922.00",0
152,T152-26,588.0,20,1343.2,700.0,26,"879.00,2429.00,1898.00,922.00,588.00",0
153,T153-1,2002.0,11,2002.0,0.0,1,2002.00,0
153,T153-2,3381.0,0,2691.5,689.5,2,"2002.00,3381.00",0
153,T153-3,2624.0,21,2669.0,563.87,3,"2002.00,3381.00,2624.00",0
153,T153-4,2196.0,18,2550.75,529.54,4,"2002.00,3381.00,2624.00,2196.00",0
153,T153-5,3119.0,16,2664.4,525.35,5,"2002.00,3381.00,2624.00,2196.00,3119.00",0
153,T153-6,3985.52,9,3061.1,616.39,6,"3381.00,2624.00,2196.00,3119.00,3985.52",0
153,T153-7,1553.0,1,2695.5,825.03,7,"2624.00,2196.00,3119.00,3985.52,1553.00",0
153,T153-8,1008.0,6,2372.3,1069.92,8,"2196.00,3119.00,3985.52,1553.00,1008.00",0
153,T153-9,2082.0,1,2349.5,1074.64,9,"3119.00,3985.52,1553.00,1008.00,2082.00",0
153,T153-10,1306.0,14,1986.9,1059.59,10,"3985.52,1553.00,1008.00,2082.00,1306.00",0
153,T153-11,1445.0,9,1478.8,352.71,11,"1553.00,1008.00,2082.00,1306.00,1445.00",0
153,T153-12,1245.0,20,1417.2,361.16,12,"1008.00,2082.00,1306.00,1445.00,1245.00",0
153,T153-13,1892.0,23,1594.0,332.83,13,"2082.00,1306.00,1445.00,1245.00,1892.00",0
153,T153-14,14820.81,21,4141.76,5344.32,14,"1306.00,1445.00,1245.00,1892.00,14820.81",1
154,T154-1,730.0,17,730.0,0.0,1,730.00,0
154,T154-2,1861.0,20,1295.5,565.5,2,"730.00,1861.00",0
154,T154-3,2392.0,13,1661.0,693.09,3,"730.00,1861.00,2392.00",0
154,T154-4,3325.0,16,2077.0,937.79,4,"730.00,1861.00,2392.00,3325.00",0
154,T154-5,1754.0,1,2012.4,848.68,5,"730.00,1861.00,2392.00,3325.00,1754.00",0
154,T154-6,10918.22,16,4050.04,3478.8,6,"1861.00,2392.00,3325.00,1754.00,10918.22",1
154,T154-7,14954.08,20,6668.66,5297.75,7,"2392.00,3325.00,1754.00,10918.22,14954.08",1
154,T154-8,21043.33,20,10398.93,7198.58,8,"3325.00,1754.00,10918.22,14954.08,21043.33",1
154,T154-9,2789.0,10,10291.73,7306.31,9,"1754.00,10918.22,14954.08,21043.33,2789.00",0
154,T154-10,2410.0,2,10422.93,7156.17,10,"10918.22,14954.08,21043.33,2789.00,2410.00",0
154,T154-11,1564.0,3,8552.08,7959.76,11,"14954.08,21043.33,2789.00,2410.00,1564.00",0
154,T154-12,2283.0,21,6017.87,7523.21,12,"21043.33,2789.00,2410.00,1564.00,2283.00",0
154,T154-13,679.0,22,1945.0,747.09,13,"2789.00,2410.00,1564.00,2283.00,679.00",0
154,T154-14,763.0,2,1539.8,728.64,14,"2410.00,1564.00,2283.00,679.00,763.00",0
154,T154-15,2021.0,4,1462.0,647.86,15,"1564.00,2283.00,679.00,763.00,2021.00",0
154,T154-16,2474.0,20,1644.0,767.69,16,"2283.00,679.00,763.00,2021.00,2474.00",0
154,T154-17,2733.0,7,1734.0,858.35,17,"679.00,763.00,2021.00,2474.00,2733.00",1
154,T154-18,2575.0,3,2113.2,715.42,18,"763.00,2021.00,2474.00,2733.00,2575.00",0
154,T154-19,928.0,2,2146.2,653.5,19,"2021.00,2474.00,2733.00,2575.00,928.00",0
154,T154-20,1298.0,5,2001.6,739.54,20,"2474.00,2733.00,2575.00,928.00,1298.00",0
154,T154-21,2975.0,21,2101.8,825.68,21,"2733.00,2575.00,928.00,1298.00,2975.00",0
154,T154-22,2708.0,4,2096.8,821.91,22,"2575.00,928.00,1298.00,2975.00,2708.00",0
154,T154-23,21010.58,19,5783.92,7653.83,23,"928.00,1298.00,2975.00,2708.00,21010.58",1
154,T154-24,5503.77,17,6699.07,7283.09,24,"1298.00,2975.00,2708.00,21010.58,5503.77",0
154,T154-25,3137.0,22,7066.87,7043.54,25,"2975.00,2708.00,21010.58,5503.77,3137.00",0
154,T154-26,2933.0,16,7058.47,7048.44,26,"2708.00,21010.58,5503.77,3137.00,2933.00",0
154,T154-27,2962.0,0,7109.27,7017.75,27,"21010.58,5503.77,3137.00,2933.00,2962.00",0
155,T155-1,1481.0,8,1481.0,0.0,1,1481.00,0
155,T155-2,1830.0,13,1655.5,174.5,2,"1481.00,1830.00",0
155,T155-3,1334.0,14,1548.33,208.01,3,"1481.00,1830.00,1334.00",0
155,T155-4,542.0,7,1296.75,471.52,4,"1481.00,1830.00,1334.00,542.00",0
155,T155-5,2133.0,1,1464.0,538.29,5,"1481.00,1830.00,1334.00,542.00,2133.00",0
155,T155-6,572.65,21,1282.33,644.67,6,"1830.00,1334.00,542.00,2133.00,572.65",0
155,T155-7,15179.35,8,3952.2,5643.83,7,"1334.00,542.00,2133.00,572.65,15179.35",1
155,T155-8,2648.33,23,4215.07,5545.52,8,"542.00,2133.00,572.65,15179.35,2648.33",0
155,T155-9,580.0,8,4222.67,5540.5,9,"2133.00,572.65,15179.35,2648.33,580.00",0
155,T155-10,979.68,11,3992.0,5645.7,10,"572.65,15179.35,2648.33,580.00,979.68",0
155,T155-11,1903.0,20,4258.07,5507.96,11,"15179.35,2648.33,580.00,979.68,1903.00",0
155,T155-12,406.0,2,1303.4,848.74,12,"2648.33,580.00,979.68,1903.00,406.00",0
155,T155-13,1132.0,5,1000.14,522.01,13,"580.00,979.68,1903.00,406.00,1132.00",0
155,T155-14,3535.7,4,1591.28,1083.31,14,"979.68,1903.00,406.00,1132.00,3535.70",0
155,T155-15,2132.0,15,1821.74,1050.77,15,"1903.00,406.00,1132.00,3535.70,2132.00",0
155,T155-16,4265.99,21,2294.34,1440.25,16,"406.00,1132.00,3535.70,2132.00,4265.99",0
155,T155-17,2902.0,12,2793.54,1088.95,17,"1132.00,3535.70,2132.00,4265.99,2902.00",0
156,T156-1,3229.0,12,3229.0,0.0,1,3229.00,0
156,T156-2,449.0,18,1839.0,1390.0,2,"3229.00,449.00",0
156,T156-3,2769.0,4,2149.0,1216.66,3,"3229.00,449.00,2769.00",0
156,T156-4,2829.0,1,2319.0,1094.03,4,"3229.00,449.00,2769.00,2829.00",0
156,T156-5,3066.0,8,2468.4,1023.13,5,"3229.00,449.00,2769.00,2829.00,3066.00",0
156,T156-6,2550.0,13,2332.6,956.03,6,"449.00,2769.00,2829.00,3066.00,2550.00",0
156,T156-7,903.9,6,2423.58,777.41,7,"2769.00,2829.00,3066.00,2550.00,903.90",0
156,T156-8,3346.75,1,2539.13,858.83,8,"2829.00,3066.00,2550.00,903.90,3346.75",0
156,T156-9,1230.28,4,2219.39,980.39,9,"3066.00,2550.00,903.90,3346.75,1230.28",0
156,T156-10,926.0,9,1791.39,984.48,10,"2550.00,903.90,3346.75,1230.28,926.00",0
156,T156-11,11985.57,12,3678.5,4251.73,11,"903.90,3346.75,1230.28,926.00,11985.57",1
156,T156-12,1325.0,23,3762.72,4199.79,12,"3346.75,1230.28,926.00,11985.57,1325.00",0
156,T156-13,1135.0,20,3320.37,4334.62,13,"1230.28,926.00,11985.57,1325.00,1135.00",0
156,T156-14,3447.0,11,3763.71,4209.73,14,"926.00,11985.57,1325.00,1135.00,3447.00",0
156,T156-15,3432.0,17,4264.91,3985.24,15,"11985.57,1325.00,1135.00,3447.00,3432.00",0
156,T156-16,2007.0,23,2269.2,998.6,16,"1325.00,1135.00,3447.00,3432.00,2007.00",0
157,T157-1,1020.0,13,1020.0,0.0,1,1020.00,0
157,T157-2,186.0,23,603.0,417.0,2,"1020.00,186.00",0
157,T157-3,1502.0,22,902.67,543.62,3,"1020.00,186.00,1502.00",0
157,T157-4,2028.0,21,1184.0,677.56,4,"1020.00,186.00,1502.00,2028.00",0
157,T157-5,501.0,0,1047.4,664.76,5,"1020.00,186.00,1502.00,2028.00,501.00",0
157,T157-6,197.0,15,882.8,747.87,6,"186.00,1502.00,2028.00,501.00,197.00",0
157,T157-7,1327.0,15,1111.0,670.51,7,"1502.00,2028.00,501.00,197.00,1327.00",0
157,T157-8,650.0,9,940.6,657.63,8,"2028.00,501.00,197.00,1327.00,650.00",0
157,T157-9,2930.0,15,1121.0,977.23,9,"501.00,197.00,1327.00,650.00,2930.00",0
157,T157-10,1533.0,2,1327.4,932.45,10,"197.00,1327.00,650.00,2930.00,1533.00",0
157,T157-11,969.0,11,1481.8,784.69,11,"1327.00,650.00,2930.00,1533.00,969.00",0
157,T157-12,8273.5,6,2871.1,2811.8,12,"650.00,2930.00,1533.00,969.00,8273.50",1
157,T157-13,2483.0,13,3237.7,2610.61,13,"2930.00,1533.00,969.00,8273.50,2483.00",0
157,T157-14,9861.75,19,4624.05,3694.59,14,"1533.00,969.00,8273.50,2483.00,9861.75",1
157,T157-15,1303.92,11,4578.23,3733.85,15,"969.00,8273.50,2483.00,9861.75,1303.92",0
157,T157-16,7918.15,14,5968.06,3411.12,16,"8273.50,2483.00,9861.75,1303.92,7918.15",0
157,T157-17,3106.0,11,4934.56,3338.09,17,"2483.00,9861.75,1303.92,7918.15,3106.00",0
157,T157-18,725.0,5,4582.96,3655.31,18,"9861.75,1303.92,7918.15,3106.00,725.00",0
157,T157-19,721.0,20,2754.81,2725.62,19,"1303.92,7918.15,3106.00,725.00,721.00",0
158,T158-1,2886.0,1,2886.0,0.0,1,2886.00,0
158,T158-2,572.0,7,1729.0,1157.0,2,"2886.00,572.00",0
158,T158-3,341.0,6,1266.33,1149.15,3,"2886.00,572.00,341.00",0
158,T158-4,1813.0,4,1403.0,1022.96,4,"2886.00,572.00,341.00,1813.00",0
158,T158-5,1334.0,12,1389.2,915.38,5,"2886.00,572.00,341.00,1813.00,1334.00",0
158,T158-6,1252.0,3,1062.4,535.54,6,"572.00,341.00,1813.00,1334.00,1252.00",0
158,T158-7,1662.0,7,1280.4,512.92,7,"341.00,1813.00,1334.00,1252.00,1662.00",0
158,T158-8,2896.0,10,1791.4,589.49,8,"1813.00,1334.00,1252.00,1662.00,2896.00",0
158,T158-9,8250.3,17,3078.86,2652.04,9,"1334.00,1252.00,1662.00,2896.00,8250.30",1
158,T158-10,9832.7,13,4778.6,3557.83,10,"1252.00,1662.00,2896.00,8250.30,9832.70",1
158,T158-11,3274.0,9,5183.0,3234.2,11,"1662.00,2896.00,8250.30,9832.70,3274.00",0
158,T158-12,908.31,4,5032.26,3407.7,12,"2896.00,8250.30,9832.70,3274.00,908.31",0
158,T158-13,480.0,22,4549.06,3822.41,13,"8250.30,9832.70,3274.00,908.31,480.00",0
159,T159-1,2881.0,23,2881.0,0.0,1,2881.00,0
159,T159-2,2567.0,12,2724.0,157.0,2,"2881.00,2567.00",0
159,T159-3,2330.0,19,2592.67,225.68,3,"2881.00,2567.00,2330.00",0
159,T159-4,408.0,6,2046.5,965.97,4,"2881.00,2567.00,2330.00,408.00",0
159,T159-5,6613.45,14,2959.89,2020.79,5,"2881.00,2567.00,2330.00,408.00,6613.45",0
159,T159-6,3626.79,6,3109.05,2036.92,6,"2567.00,2330.00,408.00,6613.45,3626.79",0
159,T159-7,1873.0,7,2970.25,2092.03,7,"2330.00,408.00,6613.45,3626.79,1873.00",0
159,T159-8,2680.0,14,3040.25,2075.22,8,"408.00,6613.45,3626.79,1873.00,2680.00",0
159,T159-9,35027.2,20,9964.09,12633.85,9,"6613.45,3626.79,1873.00,2680.00,35027.20",1
159,T159-10,1007.0,15,8842.8,13120.88,10,"3626.79,1873.00,2680.00,35027.20,1007.00",0
159,T159-11,3367.0,8,8790.84,13141.93,11,"1873.00,2680.00,35027.20,1007.00,3367.00",0
159,T159-12,2338.92,2,8884.02,13094.11,12,"2680.00,35027.20,1007.00,3367.00,2338.92",1
159,T159-13,1800.0,16,8708.02,13181.94,13,"35027.20,1007.00,3367.00,2338.92,1800.00",0
159,T159-14,3076.0,4,2317.78,855.86,14,"1007.00,3367.00,2338.92,1800.00,3076.00",0
159,T159-15,2883.0,19,2692.98,558.55,15,"3367.00,2338.92,1800.00,3076.00,2883.00",0
159,T159-16,2304.52,16,2480.49,454.03,16,"2338.92,1800.00,3076.00,2883.00,2304.52",0
159,T159-17,2823.0,9,2577.3,465.0,17,"1800.00,3076.00,2883.00,2304.52,2823.00",0
159,T159-18,565.0,1,2330.3,918.83,18,"3076.00,2883.00,2304.52,2823.00,565.00",0
159,T159-19,3348.0,21,2384.7,968.1,19,"2883.00,2304.52,2823.00,565.00,3348.00",0
159,T159-20,980.58,20,2004.22,1066.35,20,"2304.52,2823.00,565.00,3348.00,980.58",0
159,T159-21,10564.36,10,3656.19,3611.82,21,"2823.00,565.00,3348.00,980.58,10564.36",1
159,T159-22,1469.0,19,3385.39,3713.47,22,"565.00,3348.00,980.58,10564.36,1469.00",0
159,T159-23,2203.0,11,3712.99,3517.27,23,"3348.00,980.58,10564.36,1469.00,2203.00",0
159,T159-24,162.0,7,3075.79,3802.69,24,"980.58,10564.36,1469.00,2203.00,162.00",0
160,T160-1,3245.0,14,3245.0,0.0,1,3245.00,0
160,T160-2,3380.0,6,3312.5,67.5,2,"3245.00,3380.00",0
160,T160-3,1813.0,23,2812.67,709.02,3,"3245.00,3380.00,1813.00",0
160,T160-4,1542.0,5,2495.0,824.48,4,"3245.00,3380.00,1813.00,1542.00",0
160,T160-5,3259.86,9,2647.97,798.38,5,"3245.00,3380.00,1813.00,1542.00,3259.86",1
160,T160-6,1885.0,21,2375.97,780.11,6,"3380.00,1813.00,1542.00,3259.86,1885.00",0
160,T160-7,921.0,17,1884.17,767.12,7,"1813.00,1542.00,3259.86,1885.00,921.00",0
160,T160-8,16833.15,1,4888.2,6021.43,8,"1542.00,3259.86,1885.00,921.00,16833.15",1
160,T160-9,1037.0,5,4787.2,6080.66,9,"3259.86,1885.00,921.00,16833.15,1037.00",0
160,T160-10,14568.87,19,7049.0,7108.33,10,"1885.00,921.00,16833.15,1037.00,14568.87",0
160,T160-11,2295.0,8,7131.0,7050.41,11,"921.00,16833.15,1037.00,14568.87,2295.00",0
160,T160-12,1489.0,6,7244.6,6953.34,12,"16833.15,1037.00,14568.87,2295.00,1489.00",0
160,T160-13,9682.03,13,5814.38,5394.78,13,"1037.00,14568.87,2295.00,1489.00,9682.03",0
160,T160-14,1162.0,23,5839.38,5372.83,14,"14568.87,2295.00,1489.00,9682.03,1162.00",0
160,T160-15,2917.0,13,3509.01,3147.04,15,"2295.00,1489.00,9682.03,1162.00,2917.00",0
160,T160-16,2470.0,10,3544.01,3134.29,16,"1489.00,9682.03,1162.00,2917.00,2470.00",0
160,T160-17,2662.0,14,3778.61,3013.26,17,"9682.03,1162.00,2917.00,2470.00,2662.00",0
160,T160-18,4411.45,21,2724.49,1038.55,18,"1162.00,2917.00,2470.00,2662.00,4411.45",0
160,T160-19,262.0,15,2544.49,1330.67,19,"2917.00,2470.00,2662.00,4411.45,262.00",0
160,T160-20,3449.0,7,2650.89,1376.68,20,"2470.00,2662.00,4411.45,262.00,3449.00",0
160,T160-21,5407.39,18,3238.37,1750.21,21,"2662.00,4411.45,262.00,3449.00,5407.39",0
160,T160-22,942.0,5,2894.37,1983.21,22,"4411.45,262.00,3449.00,5407.39,942.00",0
160,T160-23,3169.0,6,2645.88,1850.98,23,"262.00,3449.00,5407.39,942.00,3169.00",0
160,T160-24,2718.0,2,3137.08,1431.55,24,"3449.00,5407.39,942.00,3169.00,2718.00",0
160,T160-25,8255.51,23,4098.38,2519.01,25,"5407.39,942.00,3169.00,2718.00,8255.51",1
160,T160-26,4936.91,9,4004.28,2476.79,26,"942.00,3169.00,2718.00,8255.51,4936.91",0
160,T160-27,2946.0,18,4405.08,2079.02,27,"3169.00,2718.00,8255.51,4936.91,2946.00",0
161,T161-1,641.0,14,641.0,0.0,1,641.00,0
161,T161-2,951.0,12,796.0,155.0,2,"641.00,951.00",0
161,T161-3,1307.0,22,966.33,272.11,3,"641.00,951.00,1307.00",0
161,T161-4,2407.0,4,1326.5,666.85,4,"641.00,951.00,1307.00,2407.00",0
161,T161-5,8890.36,8,2839.27,3083.78,5,"641.00,951.00,1307.00,2407.00,8890.36",0
161,T161-6,2398.0,5,3190.67,2908.38,6,"951.00,1307.00,2407.00,8890.36,2398.00",0
161,T161-7,4320.72,9,3864.62,2693.81,7,"1307.00,2407.00,8890.36,2398.00,4320.72",0
161,T161-8,2527.0,12,4108.62,2499.33,8,"2407.00,8890.36,2398.00,4320.72,2527.00",0
161,T161-9,406.0,4,3708.42,2872.16,9,"8890.36,2398.00,4320.72,2527.00,406.00",0
161,T161-10,757.0,9,2081.74,1405.3,10,"2398.00,4320.72,2527.00,406.00,757.00",0
161,T161-11,2943.0,5,2190.74,1446.15,11,"4320.72,2527.00,406.00,757.00,2943.00",0
161,T161-12,10987.72,12,3524.14,3857.9,12,"2527.00,406.00,757.00,2943.00,10987.72",1
161,T161-13,18200.44,0,6658.83,6923.65,13,"406.00,757.00,2943.00,10987.72,18200.44",1
161,T161-14,1547.0,18,6887.03,6729.9,14,"757.00,2943.00,10987.72,18200.44,1547.00",0
161,T161-15,2345.0,13,7204.63,6465.38,15,"2943.00,10987.72,18200.44,1547.00,2345.00",0
161,T161-16,2392.0,9,7094.43,6541.33,16,"10987.72,18200.44,1547.00,2345.00,2392.00",0
161,T161-17,8512.33,6,6599.35,6317.79,17,"18200.44,1547.00,2345.00,2392.00,8512.33",0
162,T162-1,2924.0,8,2924.0,0.0,1,2924.00,0
162,T162-2,3321.0,10,3122.5,198.5,2,"2924.00,3321.00",0
162,T162-3,3044.0,23,3096.33,166.25,3,"2924.00,3321.00,3044.00",0
162,T162-4,1294.0,20,2645.75,793.6,4,"2924.00,3321.00,3044.00,1294.00",0
162,T162-5,1393.0,6,2395.2,868.88,5,"2924.00,3321.00,3044.00,1294.00,1393.00",0
162,T162-6,2409.0,4,2292.2,829.73,6,"3321.00,3044.00,1294.00,1393.00,2409.00",0
162,T162-7,2164.0,6,2060.8,653.07,7,"3044.00,1294.00,1393.00,2409.00,2164.00",0
162,T162-8,3161.0,12,2084.2,688.99,8,"1294.00,1393.00,2409.00,2164.00,3161.00",0
162,T162-9,10944.8,18,4014.36,3510.89,9,"1393.00,2409.00,2164.00,3161.00,10944.80",1
162,T162-10,17238.51,10,7183.46,5990.37,10,"2409.00,2164.00,3161.00,10944.80,17238.51",1
162,T162-11,9281.67,15,8558.0,5506.04,11,"2164.00,3161.00,10944.80,17238.51,9281.67",0
162,T162-12,2598.0,20,8644.8,5407.09,12,"3161.00,10944.80,17238.51,9281.67,2598.00",0
162,T162-13,714.0,13,8155.4,5963.41,13,"10944.80,17238.51,9281.67,2598.00,714.00",0
162,T162-14,5923.04,14,7151.04,5830.44,14,"17238.51,9281.67,2598.00,714.00,5923.04",0
162,T162-15,3496.0,16,4402.54,2959.77,15,"9281.67,2598.00,714.00,5923.04,3496.00",0
162,T162-16,2897.0,9,3125.61,1679.84,16,"2598.00,714.00,5923.04,3496.00,2897.00",0
162,T162-17,3159.0,21,3237.81,1659.46,17,"714.00,5923.04,3496.00,2897.00,3159.00",0
162,T162-18,798.0,17,3254.61,1634.06,18,"5923.04,3496.00,2897.00,3159.00,798.00",0
162,T162-19,1497.0,6,2369.4,1039.37,19,"3496.00,2897.00,3159.00,798.00,1497.00",0
162,T162-20,679.0,3,1806.0,1039.48,20,"2897.00,3159.00,798.00,1497.00,679.00",0
163,T163-1,533.0,23,533.0,0.0,1,533.00,0
163,T163-2,2050.0,18,1291.5,758.5,2,"533.00,2050.00",0
163,T163-3,2398.0,7,1660.33,809.71,3,"533.00,2050.00,2398.00",0
163,T163-4,1310.0,5,1572.75,717.45,4,"533.00,2050.00,2398.00,1310.00",0
163,T163-5,2097.0,11,1677.6,675.1,5,"533.00,2050.00,2398.00,1310.00,2097.00",0
163,T163-6,2831.48,10,2137.3,498.7,6,"2050.00,2398.00,1310.00,2097.00,2831.48",0
163,T163-7,9577.06,17,3642.71,3008.48,7,"2398.00,1310.00,2097.00,2831.48,9577.06",1
163,T163-8,1413.0,11,3445.71,3113.93,8,"1310.00,2097.00,2831.48,9577.06,1413.00",0
163,T163-9,1642.96,0,3512.3,3070.81,9,"2097.00,2831.48,9577.06,1413.00,1642.96",0
163,T163-10,16569.76,0,6406.85,5894.94,10,"2831.48,9577.06,1413.00,1642.96,16569.76",1
163,T163-11,20401.3,15,9920.82,7682.1,11,"9577.06,1413.00,1642.96,16569.76,20401.30",1
163,T163-12,1229.0,23,8251.2,8444.7,12,"1413.00,1642.96,16569.76,20401.30,1229.00",0
164,T164-1,3367.0,15,3367.0,0.0,1,3367.00,0
164,T164-2,338.0,16,1852.5,1514.5,2,"3367.00,338.00",0
164,T164-3,1299.0,11,1668.0,1263.81,3,"3367.00,338.00,1299.00",0
164,T164-4,2437.0,3,1860.25,1144.03,4,"3367.00,338.00,1299.00,2437.00",0
164,T164-5,1794.0,18,1847.0,1023.59,5,"3367.00,338.00,1299.00,2437.00,1794.00",0
164,T164-6,3238.0,17,1821.2,985.89,6,"338.00,1299.00,2437.00,1794.00,3238.00",0
164,T164-7,2524.0,14,2258.4,663.05,7,"1299.00,2437.00,1794.00,3238.00,2524.00",0
164,T164-8,1954.0,23,2389.4,506.87,8,"2437.00,1794.00,3238.00,2524.00,1954.00",0
164,T164-9,166.0,11,1935.2,1019.25,9,"1794.00,3238.00,2524.00,1954.00,166.00",0
164,T164-10,3203.0,1,2217.0,1130.01,10,"3238.00,2524.00,1954.00,166.00,3203.00",0
164,T164-11,956.0,18,1760.6,1085.43,11,"2524.00,1954.00,166.00,3203.00,956.00",0
164,T164-12,10172.96,11,3290.39,3588.16,12,"1954.00,166.00,3203.00,956.00,10172.96",1
164,T164-13,1579.14,3,3215.42,3619.08,13,"166.00,3203.00,956.00,10172.96,1579.14",0
164,T164-14,2173.0,20,3616.82,3360.68,14,"3203.00,956.00,10172.96,1579.14,2173.00",0
164,T164-15,2740.0,0,3524.22,3377.15,15,"956.00,10172.96,1579.14,2173.00,2740.00",0
164,T164-16,2258.0,12,3784.62,3215.4,16,"10172.96,1579.14,2173.00,2740.00,2258.00",0
164,T164-17,2823.87,12,2314.8,448.21,17,"1579.14,2173.00,2740.00,2258.00,2823.87",0
164,T164-18,842.0,8,2167.37,710.46,18,"2173.00,2740.00,2258.00,2823.87,842.00",0
164,T164-19,2829.0,5,2298.57,758.34,19,"2740.00,2258.00,2823.87,842.00,2829.00",0
164,T164-20,1680.0,22,2086.57,753.45,20,"2258.00,2823.87,842.00,2829.00,1680.00",0
164,T164-21,2661.0,8,2167.17,788.23,21,"2823.87,842.00,2829.00,1680.00,2661.00",0
164,T164-22,5980.66,4,2798.53,1744.99,22,"842.00,2829.00,1680.00,2661.00,5980.66",0
165,T165-1,161.0,12,161.0,0.0,1,161.00,0
165,T165-2,1412.0,4,786.5,625.5,2,"161.00,1412.00",0
165,T165-3,280.0,17,617.67,563.78,3,"161.00,1412.00,280.00",0
165,T165-4,2227.0,19,1020.0,850.88,4,"161.00,1412.00,280.00,2227.00",0
165,T165-5,2934.0,18,1402.8,1079.51,5,"161.00,1412.00,280.00,2227.00,2934.00",0
165,T165-6,1203.0,19,1611.2,906.36,6,"1412.00,280.00,2227.00,2934.00,1203.00",0
165,T165-7,3508.1,8,2030.42,1165.09,7,"280.00,2227.00,2934.00,1203.00,3508.10",0
165,T165-8,8567.85,8,3687.99,2558.26,8,"2227.00,2934.00,1203.00,3508.10,8567.85",1
165,T165-9,1297.0,12,3501.99,2688.23,9,"2934.00,1203.00,3508.10,8567.85,1297.00",0
165,T165-10,489.0,23,3012.99,2956.1,10,"1203.00,3508.10,8567.85,1297.00,489.00",0
165,T165-11,1082.0,0,2988.79,2971.28,11,"3508.10,8567.85,1297.00,489.00,1082.00",0
165,T165-12,1506.0,8,2588.37,3008.98,12,"8567.85,1297.00,489.00,1082.00,1506.00",0
165,T165-13,3232.0,13,1521.2,920.4,13,"1297.00,489.00,1082.00,1506.00,3232.00",0
165,T165-14,2812.0,15,1824.2,1038.51,14,"489.00,1082.00,1506.00,3232.00,2812.00",0
165,T165-15,2634.0,21,2253.2,817.96,15,"1082.00,1506.00,3232.00,2812.00,2634.00",0
165,T165-16,789.0,12,2194.6,905.58,16,"1506.00,3232.00,2812.00,2634.00,789.00",0
165,T165-17,2549.0,14,2403.2,840.74,17,"3232.00,2812.00,2634.00,789.00,2549.00",0
165,T165-18,618.0,4,1880.4,966.19,18,"2812.00,2634.00,789.00,2549.00,618.00",0
166,T166-1,3058.0,23,3058.0,0.0,1,3058.00,0
166,T166-2,2688.0,17,2873.0,185.0,2,"3058.00,2688.00",0
166,T166-3,2306.0,10,2684.0,307.02,3,"3058.00,2688.00,2306.00",0
166,T166-4,1528.0,5,2395.0,566.8,4,"3058.00,2688.00,2306.00,1528.00",0
166,T166-5,6187.53,15,3153.51,1599.48,5,"3058.00,2688.00,2306.00,1528.00,6187.53",0
166,T166-6,1846.0,10,2911.11,1685.13,6,"2688.00,2306.00,1528.00,6187.53,1846.00",0
166,T166-7,1292.0,1,2631.91,1809.99,7,"2306.00,1528.00,6187.53,1846.00,1292.00",0
166,T166-8,13065.98,18,4783.9,4516.38,8,"1528.00,6187.53,1846.00,1292.00,13065.98",1
166,T166-9,1896.81,11,4857.67,4465.33,9,"6187.53,1846.00,1292.00,13065.98,1896.81",0
166,T166-10,1519.0,2,3923.96,4576.35,10,"1846.00,1292.00,13065.98,1896.81,1519.00",0
166,T166-11,813.0,7,3717.36,4687.46,11,"1292.00,13065.98,1896.81,1519.00,813.00",0
166,T166-12,6817.37,7,4822.43,4636.45,12,"13065.98,1896.81,1519.00,813.00,6817.37",0
166,T166-13,2297.0,21,2668.64,2131.24,13,"1896.81,1519.00,813.00,6817.37,2297.00",0
166,T166-14,1099.2,4,2509.11,2211.38,14,"1519.00,813.00,6817.37,2297.00,1099.20",0
166,T166-15,2261.0,22,2657.51,2164.35,15,"813.00,6817.37,2297.00,1099.20,2261.00",0
166,T166-16,1827.0,20,2860.31,2025.04,16,"6817.37,2297.00,1099.20,2261.00,1827.00",0
166,T166-17,2001.0,1,1897.04,434.67,17,"2297.00,1099.20,2261.00,1827.00,2001.00",0
166,T166-18,36939.65,12,8825.57,14062.34,18,"1099.20,2261.00,1827.00,2001.00,36939.65",1
166,T166-19,1771.0,4,8959.93,13990.9,19,"2261.00,1827.00,2001.00,36939.65,1771.00",0
166,T166-20,425.0,18,8592.73,14184.65,20,"1827.00,2001.00,36939.65,1771.00,425.00",0
166,T166-21,126986.02,21,33624.53,48670.86,21,"2001.00,36939.65,1771.00,425.00,126986.02",1
166,T166-22,303.0,21,33284.93,48895.73,22,"36939.65,1771.00,425.00,126986.02,303.00",0
166,T166-23,11087.92,10,28114.59,49597.68,23,"1771.00,425.00,126986.02,303.00,11087.92",0
166,T166-24,2654.0,21,28291.19,49505.05,24,"425.00,126986.02,303.00,11087.92,2654.00",0
166,T166-25,2135.0,4,28633.19,49316.91,25,"126986.02,303.00,11087.92,2654.00,2135.00",0
166,T166-26,1285.0,7,3492.98,3880.26,26,"303.00,11087.92,2654.00,2135.00,1285.00",0
167,T167-1,2570.0,8,2570.0,0.0,1,2570.00,0
167,T167-2,383.0,13,1476.5,1093.5,2,"2570.00,383.00",0
167,T167-3,3241.0,15,2064.67,1220.26,3,"2570.00,383.00,3241.00",0
167,T167-4,556.0,10,1687.5,1242.39,4,"2570.00,383.00,3241.00,556.00",0
167,T167-5,2174.0,13,1784.8,1128.14,5,"2570.00,383.00,3241.00,556.00,2174.00",0
167,T167-6,2506.0,5,1772.0,1119.49,6,"383.00,3241.00,556.00,2174.00,2506.00",0
167,T167-7,449.0,4,1785.2,1103.31,7,"3241.00,556.00,2174.00,2506.00,449.00",0
167,T167-8,1350.0,1,1407.0,829.61,8,"556.00,2174.00,2506.00,449.00,1350.00",0
167,T167-9,540.0,2,1403.8,832.92,9,"2174.00,2506.00,449.00,1350.00,540.00",0
167,T167-10,1239.0,1,1216.8,738.63,10,"2506.00,449.00,1350.00,540.00,1239.00",0
167,T167-11,438.0,12,803.2,404.23,11,"449.00,1350.00,540.00,1239.00,438.00",0
167,T167-12,7056.74,14,2124.75,2492.62,12,"1350.00,540.00,1239.00,438.00,7056.74",1
167,T167-13,1590.0,11,2172.75,2479.52,13,"540.00,1239.00,438.00,7056.74,1590.00",0
167,T167-14,3171.0,20,2698.95,2353.14,14,"1239.00,438.00,7056.74,1590.00,3171.00",0
167,T167-15,3118.0,2,3074.75,2237.15,15,"438.00,7056.74,1590.00,3171.00,3118.00",0
167,T167-16,394.0,14,3065.95,2247.57,16,"7056.74,1590.00,3171.00,3118.00,394.00",0
167,T167-17,1130.0,14,1880.6,1100.37,17,"1590.00,3171.00,3118.00,394.00,1130.00",0
167,T167-18,10119.66,17,3586.53,3443.86,18,"3171.00,3118.00,394.00,1130.00,10119.66",1
167,T167-19,639.0,4,3080.13,3647.84,19,"3118.00,394.00,1130.00,10119.66,639.00",0
167,T167-20,2189.0,6,2894.33,3664.8,20,"394.00,1130.00,10119.66,639.00,2189.00",0
167,T167-21,5302.11,6,3875.95,3518.0,21,"1130.00,10119.66,639.00,2189.00,5302.11",0
167,T167-22,709.0,7,3791.75,3587.08,22,"10119.66,639.00,2189.00,5302.11,709.00",0
167,T167-23,9869.29,12,3741.68,3499.06,23,"639.00,2189.00,5302.11,709.00,9869.29",1
168,T168-1,1132.0,4,1132.0,0.0,1,1132.00,0
168,T168-2,1637.0,23,1384.5,252.5,2,"1132.00,1637.00",0
168,T168-3,3460.0,7,2076.33,999.89,3,"1132.00,1637.00,3460.00",0
168,T168-4,3062.0,1,2322.75,965.4,4,"1132.00,1637.00,3460.00,3062.00",0
168,T168-5,967.48,12,2051.7,1019.55,5,"1132.00,1637.00,3460.00,3062.00,967.48",0
168,T168-6,829.0,20,1991.1,1079.64,6,"1637.00,3460.00,3062.00,967.48,829.00",0
168,T168-7,1547.0,18,1973.1,1086.13,7,"3460.00,3062.00,967.48,829.00,1547.00",0
168,T168-8,2065.0,15,1694.1,813.23,8,"3062.00,967.48,829.00,1547.00,2065.00",0
168,T168-9,2093.0,1,1500.3,530.45,9,"967.48,829.00,1547.00,2065.00,2093.00",0
168,T168-10,5935.55,13,2493.91,1780.91,10,"829.00,1547.00,2065.00,2093.00,5935.55",0
168,T168-11,15797.02,16,5487.51,5389.82,11,"1547.00,2065.00,2093.00,5935.55,15797.02",1
168,T168-12,15440.44,2,8266.2,6167.3,12,"2065.00,2093.00,5935.55,15797.02,15440.44",1
168,T168-13,6436.79,17,9140.56,5499.95,13,"2093.00,5935.55,15797.02,15440.44,6436.79",0
168,T168-14,2253.0,6,9172.56,5459.17,14,"5935.55,15797.02,15440.44,6436.79,2253.00",0
168,T168-15,348.0,6,8055.05,6483.26,15,"15797.02,15440.44,6436.79,2253.00,348.00",0
168,T168-16,1513.0,10,5198.25,5517.55,16,"15440.44,6436.79,2253.00,348.00,1513.00",0
168,T168-17,914.0,7,2292.96,2166.37,17,"6436.79,2253.00,348.00,1513.00,914.00",0
168,T168-18,8240.64,14,2653.73,2864.21,18,"2253.00,348.00,1513.00,914.00,8240.64",1
168,T168-19,3560.5,3,2915.23,2875.35,19,"348.00,1513.00,914.00,8240.64,3560.50",0
168,T168-20,2620.0,9,3369.63,2600.09,20,"1513.00,914.00,8240.64,3560.50,2620.00",0
168,T168-21,2429.0,6,3552.83,2492.88,21,"914.00,8240.64,3560.50,2620.00,2429.00",0
168,T168-22,1017.0,18,3573.43,2471.32,22,"8240.64,3560.50,2620.00,2429.00,1017.00",0
168,T168-23,701.0,15,2065.5,1061.68,23,"3560.50,2620.00,2429.00,1017.00,701.00",0
169,T169-1,646.0,10,646.0,0.0,1,646.00,0
169,T169-2,335.0,22,490.5,155.5,2,"646.00,335.00",0
169,T169-3,3045.0,3,1342.0,1210.88,3,"646.00,335.00,3045.00",0
169,T169-4,385.0,11,1102.75,1127.56,4,"646.00,335.00,3045.00,385.00",0
169,T169-5,1299.0,9,1142.0,1011.57,5,"646.00,335.00,3045.00,385.00,1299.00",0
169,T169-6,2566.0,1,1526.0,1110.03,6,"335.00,3045.00,385.00,1299.00,2566.00",0
169,T169-7,57121.45,8,12883.29,22138.91,7,"3045.00,385.00,1299.00,2566.00,57121.45",1
169,T169-8,3083.0,14,12890.89,22135.54,8,"385.00,1299.00,2566.00,57121.45,3083.00",0
169,T169-9,5302.58,16,13874.41,21662.22,9,"1299.00,2566.00,57121.45,3083.00,5302.58",0
169,T169-10,974.0,13,13809.41,21700.31,10,"2566.00,57121.45,3083.00,5302.58,974.00",0
169,T169-11,896.0,8,13475.41,21882.88,11,"57121.45,3083.00,5302.58,974.00,896.00",0
169,T169-12,2030.0,15,2457.12,1631.41,12,"3083.00,5302.58,974.00,896.00,2030.00",0
169,T169-13,3959.71,5,2632.46,1733.2,13,"5302.58,974.00,896.00,2030.00,3959.71",1
169,T169-14,325.0,18,1636.94,1285.26,14,"974.00,896.00,2030.00,3959.71,325.00",0
169,T169-15,1195.0,15,1681.14,1265.34,15,"896.00,2030.00,3959.71,325.00,1195.00",0
169,T169-16,10332.4,4,3568.42,3589.54,16,"2030.00,3959.71,325.00,1195.00,10332.40",1
169,T169-17,3844.43,11,3931.31,3506.43,17,"3959.71,325.00,1195.00,10332.40,3844.43",0
169,T169-18,740.0,9,3287.37,3730.56,18,"325.00,1195.00,10332.40,3844.43,740.00",0
170,T170-1,1289.0,22,1289.0,0.0,1,1289.00,0
170,T170-2,1616.0,12,1452.5,163.5,2,"1289.00,1616.00",0
170,T170-3,2876.0,0,1927.0,684.19,3,"1289.00,1616.00,2876.00",0
170,T170-4,2388.0,22,2042.25,625.25,4,"1289.00,1616.00,2876.00,2388.00",0
170,T170-5,11090.02,15,3851.8,3662.06,5,"1289.00,1616.00,2876.00,2388.00,11090.02",0
170,T170-6,516.0,22,3697.2,3781.36,6,"1616.00,2876.00,2388.00,11090.02,516.00",0
170,T170-7,447.0,17,3463.4,3935.8,7,"2876.00,2388.00,11090.02,516.00,447.00",0
170,T170-8,6597.78,18,4207.76,4102.72,8,"2388.00,11090.02,516.00,447.00,6597.78",0
170,T170-9,1944.0,3,4118.96,4145.73,9,"11090.02,516.00,447.00,6597.78,1944.00",0
170,T170-10,2548.0,16,2410.56,2245.63,10,"516.00,447.00,6597.78,1944.00,2548.00",0
170,T170-11,3275.0,15,2962.36,2042.05,11,"447.00,6597.78,1944.00,2548.00,3275.00",0
170,T170-12,1198.0,4,3112.56,1872.05,12,"6597.78,1944.00,2548.00,3275.00,1198.00",0
170,T170-13,708.0,20,1934.6,918.71,13,"1944.00,2548.00,3275.00,1198.00,708.00",0
170,T170-14,1852.0,11,1916.2,919.26,14,"2548.00,3275.00,1198.00,708.00,1852.00",0
170,T170-15,15980.82,9,4602.76,5754.15,15,"3275.00,1198.00,708.00,1852.00,15980.82",1
170,T170-16,1834.0,5,4314.56,5848.75,16,"1198.00,708.00,1852.00,15980.82,1834.00",0
170,T170-17,1332.0,16,4341.36,5834.69,17,"708.00,1852.00,15980.82,1834.00,1332.00",0
170,T170-18,633.0,2,4326.36,5844.1,18,"1852.00,15980.82,1834.00,1332.00,633.00",0
170,T170-19,3033.0,10,4562.56,5762.62,19,"15980.82,1834.00,1332.00,633.00,3033.00",0
171,T171-1,2830.0,22,2830.0,0.0,1,2830.00,0
171,T171-2,662.0,15,1746.0,1084.0,2,"2830.00,662.00",0
171,T171-3,3238.0,17,2243.33,1130.51,3,"2830.00,662.00,3238.00",0
171,T171-4,3078.0,4,2452.0,1043.63,4,"2830.00,662.00,3238.00,3078.00",0
171,T171-5,1696.0,15,2300.8,981.21,5,"2830.00,662.00,3238.00,3078.00,1696.00",0
171,T171-6,1585.0,22,2051.8,973.26,6,"662.00,3238.00,3078.00,1696.00,1585.00",0
171,T171-7,23573.17,0,6634.03,8496.94,7,"3238.00,3078.00,1696.00,1585.00,23573.17",1
171,T171-8,725.0,8,6131.43,8753.4,8,"3078.00,1696.00,1585.00,23573.17,725.00",0
171,T171-9,16415.12,17,8798.86,9423.01,9,"1696.00,1585.00,23573.17,725.00,16415.12",0
171,T171-10,1922.97,13,8844.25,9389.17,10,"1585.00,23573.17,725.00,16415.12,1922.97",0
171,T171-11,3056.0,0,9138.45,9177.76,11,"23573.17,725.00,16415.12,1922.97,3056.00",0
171,T171-12,1564.0,12,4736.62,5887.06,12,"725.00,16415.12,1922.97,3056.00,1564.00",0
171,T171-13,7588.1,14,6109.24,5583.99,13,"16415.12,1922.97,3056.00,1564.00,7588.10",0
171,T171-14,1343.0,11,3094.81,2322.78,14,"1922.97,3056.00,1564.00,7588.10,1343.00",0
171,T171-15,390.0,21,2788.22,2547.52,15,"3056.00,1564.00,7588.10,1343.00,390.00",0
171,T171-16,464.0,7,2269.82,2699.48,16,"1564.00,7588.10,1343.00,390.00,464.00",0
171,T171-17,2329.0,12,2422.82,2676.73,17,"7588.10,1343.00,390.00,464.00,2329.00",0
171,T171-18,10915.11,19,3088.22,3976.16,18,"1343.00,390.00,464.00,2329.00,10915.11",1
171,T171-19,2439.0,1,3307.42,3903.45,19,"390.00,464.00,2329.00,10915.11,2439.00",0
171,T171-20,2261.0,21,3681.62,3689.67,20,"464.00,2329.00,10915.11,2439.00,2261.00",1
171,T171-21,8163.66,2,5221.55,3631.72,21,"2329.00,10915.11,2439.00,2261.00,8163.66",0
172,T172-1,3433.0,5,3433.0,0.0,1,3433.00,1
172,T172-2,3154.0,15,3293.5,139.5,2,"3433.00,3154.00",0
172,T172-3,1147.0,23,2578.0,1018.26,3,"3433.00,3154.00,1147.00",0
172,T172-4,346.0,6,2020.0,1308.33,4,"3433.00,3154.00,1147.00,346.00",0
172,T172-5,485.0,2,1713.0,1321.51,5,"3433.00,3154.00,1147.00,346.00,485.00",0
172,T172-6,757.94,12,1177.99,1025.13,6,"3154.00,1147.00,346.00,485.00,757.94",0
172,T172-7,3124.0,9,1171.99,1013.57,7,"1147.00,346.00,485.00,757.94,3124.00",0
172,T172-8,2829.0,5,1508.39,1209.62,8,"346.00,485.00,757.94,3124.00,2829.00",0
172,T172-9,1747.0,14,1788.59,1061.05,9,"485.00,757.94,3124.00,2829.00,1747.00",0
172,T172-10,1636.0,20,2018.79,858.84,10,"757.94,3124.00,2829.00,1747.00,1636.00",0
172,T172-11,3280.0,21,2523.2,695.25,11,"3124.00,2829.00,1747.00,1636.00,3280.00",0
172,T172-12,2167.0,3,2331.8,632.39,12,"2829.00,1747.00,1636.00,3280.00,2167.00",0
173,T173-1,415.0,14,415.0,0.0,1,415.00,0
173,T173-2,2758.0,6,1586.5,1171.5,2,"415.00,2758.00",0
173,T173-3,539.0,18,1237.33,1076.46,3,"415.00,2758.00,539.00",0
173,T173-4,863.0,12,1143.75,946.23,4,"415.00,2758.00,539.00,863.00",0
173,T173-5,1738.43,8,1262.69,879.13,5,"415.00,2758.00,539.00,863.00,1738.43",0
173,T173-6,2458.0,18,1671.29,864.84,6,"2758.00,539.00,863.00,1738.43,2458.00",0
173,T173-7,3386.0,19,1796.89,1041.17,7,"539.00,863.00,1738.43,2458.00,3386.00",0
173,T173-8,431.0,20,1775.29,1067.82,8,"863.00,1738.43,2458.00,3386.00,431.00",0
173,T173-9,753.0,11,1753.29,1087.35,9,"1738.43,2458.00,3386.00,431.00,753.00",0
173,T173-10,150.0,18,1435.6,1263.11,10,"2458.00,3386.00,431.00,753.00,150.00",0
173,T173-11,2305.0,23,1405.0,1239.61,11,"3386.00,431.00,753.00,150.00,2305.00",0
173,T173-12,5750.41,9,1877.88,2074.77,12,"431.00,753.00,150.00,2305.00,5750.41",0
173,T173-13,27548.97,23,7301.48,10308.81,13,"753.00,150.00,2305.00,5750.41,27548.97",1
173,T173-14,1847.0,22,7520.28,10178.28,14,"150.00,2305.00,5750.41,27548.97,1847.00",0
173,T173-15,839.0,11,7658.08,10081.77,15,"2305.00,5750.41,27548.97,1847.00,839.00",0
173,T173-16,2653.0,5,7727.68,10045.71,16,"5750.41,27548.97,1847.00,839.00,2653.00",0
173,T173-17,828.0,16,6743.19,10425.27,17,"27548.97,1847.00,839.00,2653.00,828.00",0
173,T173-18,953.0,10,1424.0,722.31,18,"1847.00,839.00,2653.00,828.00,953.00",0
173,T173-19,187.0,13,1092.0,825.68,19,"839.00,2653.00,828.00,953.00,187.00",0
173,T173-20,2022.0,12,1328.6,886.54,20,"2653.00,828.00,953.00,187.00,2022.00",0
173,T173-21,3344.0,6,1466.8,1108.34,21,"828.00,953.00,187.00,2022.00,3344.00",0
173,T173-22,2375.0,12,1776.2,1102.74,22,"953.00,187.00,2022.00,3344.00,2375.00",0
173,T173-23,1978.0,5,1981.2,1023.05,23,"187.00,2022.00,3344.00,2375.00,1978.00",0
173,T173-24,3389.25,23,2621.65,623.81,24,"2022.00,3344.00,2375.00,1978.00,3389.25",0
173,T173-25,2255.0,22,2668.25,584.76,25,"3344.00,2375.00,1978.00,3389.25,2255.00",0
174,T174-1,1221.0,7,1221.0,0.0,1,1221.00,0
174,T174-2,1733.0,6,1477.0,256.0,2,"1221.00,1733.00",0
174,T174-3,1816.0,8,1590.0,263.11,3,"1221.00,1733.00,1816.00",0
174,T174-4,737.0,22,1376.75,433.99,4,"1221.00,1733.00,1816.00,737.00",0
174,T174-5,1927.0,4,1486.8,446.23,5,"1221.00,1733.00,1816.00,737.00,1927.00",0
174,T174-6,1437.0,23,1530.0,428.51,6,"1733.00,1816.00,737.00,1927.00,1437.00",0
174,T174-7,2544.0,21,1692.2,595.58,7,"1816.00,737.00,1927.00,1437.00,2544.00",0
174,T174-8,1610.0,9,1651.0,592.71,8,"737.00,1927.00,1437.00,2544.00,1610.00",0
174,T174-9,1096.82,11,1722.96,490.37,9,"1927.00,1437.00,2544.00,1610.00,1096.82",0
174,T174-10,10044.7,15,3346.51,3383.27,10,"1437.00,2544.00,1610.00,1096.82,10044.70",1
174,T174-11,1502.0,12,3359.51,3376.03,11,"2544.00,1610.00,1096.82,10044.70,1502.00",0
174,T174-12,1233.0,18,3097.31,3478.53,12,"1610.00,1096.82,10044.70,1502.00,1233.00",0
174,T174-13,2767.0,22,3328.71,3409.7,13,"1096.82,10044.70,1502.00,1233.00,2767.00",0
175,T175-1,2621.0,3,2621.0,0.0,1,2621.00,0
175,T175-2,3229.0,0,2925.0,304.0,2,"2621.00,3229.00",0
175,T175-3,833.0,13,2227.67,1016.94,3,"2621.00,3229.00,833.00",0
175,T175-4,2263.0,3,2236.5,880.83,4,"2621.00,3229.00,833.00,2263.00",0
175,T175-5,1201.0,22,2029.4,890.08,5,"2621.00,3229.00,833.00,2263.00,1201.00",0
175,T175-6,4837.14,23,2472.63,1449.99,6,"3229.00,833.00,2263.00,1201.00,4837.14",0
175,T175-7,2811.0,12,2389.03,1415.61,7,"833.00,2263.00,1201.00,4837.14,2811.00",0
175,T175-8,3445.0,7,2911.43,1212.37,8,"2263.00,1201.00,4837.14,2811.00,3445.00",0
175,T175-9,2106.0,18,2880.03,1230.65,9,"1201.00,4837.14,2811.00,3445.00,2106.00",0
175,T175-10,1066.0,15,2853.03,1268.1,10,"4837.14,2811.00,3445.00,2106.00,1066.00",0
175,T175-11,2591.0,13,2403.8,795.41,11,"2811.00,3445.00,2106.00,1066.00,2591.00",0
175,T175-12,15535.45,0,4948.69,5348.94,12,"3445.00,2106.00,1066.00,2591.00,15535.45",1
175,T175-13,1790.0,14,4617.69,5481.31,13,"2106.00,1066.00,2591.00,15535.45,1790.00",0
175,T175-14,1093.0,16,4415.09,5588.09,14,"1066.00,2591.00,15535.45,1790.00,1093.00",0
175,T175-15,5396.81,8,5281.25,5331.6,15,"2591.00,15535.45,1790.00,1093.00,5396.81",0
175,T175-16,496.0,4,4862.25,5602.02,16,"15535.45,1790.00,1093.00,5396.81,496.00",0
175,T175-17,819.0,4,1918.96,1790.48,17,"1790.00,1093.00,5396.81,496.00,819.00",0
176,T176-1,2125.0,7,2125.0,0.0,1,2125.00,0
176,T176-2,534.0,16,1329.5,795.5,2,"2125.00,534.00",0
176,T176-3,2539.0,10,1732.67,864.27,3,"2125.00,534.00,2539.00",0
176,T176-4,2138.0,16,1834.0,768.79,4,"2125.00,534.00,2539.00,2138.00",0
176,T176-5,1303.0,21,1727.8,719.68,5,"2125.00,534.00,2539.00,2138.00,1303.00",0
176,T176-6,1308.0,3,1564.4,703.51,6,"534.00,2539.00,2138.00,1303.00,1308.00",0
176,T176-7,1983.91,4,1854.38,483.42,7,"2539.00,2138.00,1303.00,1308.00,1983.91",0
176,T176-8,9031.97,23,3152.98,2959.25,8,"2138.00,1303.00,1308.00,1983.91,9031.97",1
176,T176-9,531.0,2,2831.58,3134.13,9,"1303.00,1308.00,1983.91,9031.97,531.00",0
176,T176-10,593.0,3,2689.58,3215.21,10,"1308.00,1983.91,9031.97,531.00,593.00",0
176,T176-11,950.0,22,2617.98,3248.99,11,"1983.91,9031.97,531.00,593.00,950.00",0
176,T176-12,914.0,16,2403.99,3318.19,12,"9031.97,531.00,593.00,950.00,914.00",0
176,T176-13,367.0,12,671.0,225.83,13,"531.00,593.00,950.00,914.00,367.00",0
176,T176-14,1556.0,9,876.0,402.12,14,"593.00,950.00,914.00,367.00,1556.00",0
176,T176-15,3221.0,8,1401.6,984.49,15,"950.00,914.00,367.00,1556.00,3221.00",0
176,T176-16,3075.0,15,1826.6,1143.62,16,"914.00,367.00,1556.00,3221.00,3075.00",0
176,T176-17,249.0,12,1693.6,1273.33,17,"367.00,1556.00,3221.00,3075.00,249.00",0
176,T176-18,5651.75,7,2750.55,1812.64,18,"1556.00,3221.00,3075.00,249.00,5651.75",0
176,T176-19,3280.0,2,3095.35,1713.89,19,"3221.00,3075.00,249.00,5651.75,3280.00",0
176,T176-20,3269.0,15,3104.95,1714.71,20,"3075.00,249.00,5651.75,3280.00,3269.00",0
176,T176-21,2302.0,20,2950.35,1745.02,21,"249.00,5651.75,3280.00,3269.00,2302.00",0
176,T176-22,636.0,22,3027.75,1628.15,22,"5651.75,3280.00,3269.00,2302.00,636.00",0
176,T176-23,16322.4,4,5161.88,5662.94,23,"3280.00,3269.00,2302.00,636.00,16322.40",1
176,T176-24,2874.0,1,5080.68,5692.17,24,"3269.00,2302.00,636.00,16322.40,2874.00",0
176,T176-25,688.0,8,4564.48,5944.5,25,"2302.00,636.00,16322.40,2874.00,688.00",0
176,T176-26,2029.0,3,4509.88,5966.24,26,"636.00,16322.40,2874.00,688.00,2029.00",0
176,T176-27,3158.0,7,5014.28,5718.89,27,"16322.40,2874.00,688.00,2029.00,3158.00",0
177,T177-1,2041.0,19,2041.0,0.0,1,2041.00,0
177,T177-2,2560.0,13,2300.5,259.5,2,"2041.00,2560.00",0
177,T177-3,579.0,15,1726.67,838.73,3,"2041.00,2560.00,579.00",0
177,T177-4,1241.0,9,1605.25,756.19,4,"2041.00,2560.00,579.00,1241.00",0
177,T177-5,601.0,5,1404.4,786.65,5,"2041.00,2560.00,579.00,1241.00,601.00",0
177,T177-6,11438.45,18,3283.89,4140.26,6,"2560.00,579.00,1241.00,601.00,11438.45",1
177,T177-7,2184.61,12,3208.81,4156.08,7,"579.00,1241.00,601.00,11438.45,2184.61",0
177,T177-8,485.0,23,3190.01,4168.13,8,"1241.00,601.00,11438.45,2184.61,485.00",0
177,T177-9,2158.0,15,3373.41,4097.92,9,"601.00,11438.45,2184.61,485.00,2158.00",0
177,T177-10,2757.0,4,3804.61,3891.75,10,"11438.45,2184.61,485.00,2158.00,2757.00",0
177,T177-11,5357.39,0,2588.4,1579.13,11,"2184.61,485.00,2158.00,2757.00,5357.39",0
177,T177-12,314.0,4,2214.28,1831.85,12,"485.00,2158.00,2757.00,5357.39,314.00",0
177,T177-13,6283.01,7,3373.88,2173.44,13,"2158.00,2757.00,5357.39,314.00,6283.01",0
177,T177-14,3259.0,13,3594.08,2093.4,14,"2757.00,5357.39,314.00,6283.01,3259.00",0
177,T177-15,12474.61,20,5537.6,4029.6,15,"5357.39,314.00,6283.01,3259.00,12474.61",1
177,T177-16,842.0,18,4634.52,4452.56,16,"314.00,6283.01,3259.00,12474.61,842.00",0
177,T177-17,1132.0,15,4798.12,4303.34,17,"6283.01,3259.00,12474.61,842.00,1132.00",0
177,T177-18,367.0,10,3614.92,4539.24,18,"3259.00,12474.61,842.00,1132.00,367.00",0
177,T177-19,19206.56,11,6804.43,7682.85,19,"12474.61,842.00,1132.00,367.00,19206.56",1
177,T177-20,5479.13,15,5405.34,7140.72,20,"842.00,1132.00,367.00,19206.56,5479.13",0
178,T178-1,1629.0,22,1629.0,0.0,1,1629.00,0
178,T178-2,2654.0,12,2141.5,512.5,2,"1629.00,2654.00",0
178,T178-3,3290.0,13,2524.33,684.27,3,"1629.00,2654.00,3290.00",0
178,T178-4,1871.0,22,2361.0,656.66,4,"1629.00,2654.00,3290.00,1871.00",0
178,T178-5,1858.0,4,2260.4,620.84,5,"1629.00,2654.00,3290.00,1871.00,1858.00",0
178,T178-6,8887.26,19,3712.05,2642.25,6,"2654.00,3290.00,1871.00,1858.00,8887.26",1
178,T178-7,2480.0,17,3677.25,2657.06,7,"3290.00,1871.00,1858.00,8887.26,2480.00",0
178,T178-8,10825.18,22,5184.29,3870.06,8,"1871.00,1858.00,8887.26,2480.00,10825.18",1
178,T178-9,2989.0,18,5407.89,3700.76,9,"1858.00,8887.26,2480.00,10825.18,2989.00",0
178,T178-10,16119.54,5,8260.19,5097.8,10,"8887.26,2480.00,10825.18,2989.00,16119.54",1
178,T178-11,452.0,6,6573.14,5937.71,11,"2480.00,10825.18,2989.00,16119.54,452.00",0
178,T178-12,3783.17,21,6833.78,5778.79,12,"10825.18,2989.00,16119.54,452.00,3783.17",0
178,T178-13,1445.0,9,4957.74,5700.57,13,"2989.00,16119.54,452.00,3783.17,1445.00",0
178,T178-14,15321.99,7,7424.34,6864.45,14,"16119.54,452.00,3783.17,1445.00,15321.99",0
179,T179-1,2994.0,10,2994.0,0.0,1,2994.00,0
179,T179-2,942.0,13,1968.0,1026.0,2,"2994.00,942.00",0
179,T179-3,1667.0,11,1867.67,849.66,3,"2994.00,942.00,1667.00",0
179,T179-4,2921.0,0,2131.0,865.72,4,"2994.00,942.00,1667.00,2921.00",0
179,T179-5,548.0,10,1814.4,1000.26,5,"2994.00,942.00,1667.00,2921.00,548.00",0
179,T179-6,1055.0,9,1426.6,828.96,6,"942.00,1667.00,2921.00,548.00,1055.00",0
179,T179-7,1322.0,13,1502.6,797.89,7,"1667.00,2921.00,548.00,1055.00,1322.00",0
179,T179-8,23875.67,15,5944.33,9000.72,8,"2921.00,548.00,1055.00,1322.00,23875.67",1
179,T179-9,17676.95,23,8895.52,9899.81,9,"548.00,1055.00,1322.00,23875.67,17676.95",1
179,T179-10,1120.0,0,9009.92,9805.55,10,"1055.00,1322.00,23875.67,17676.95,1120.00",0
179,T179-11,1837.0,23,9166.32,9682.88,11,"1322.00,23875.67,17676.95,1120.00,1837.00",0
179,T179-12,2014.0,17,9304.72,9574.11,12,"23875.67,17676.95,1120.00,1837.00,2014.00",0
180,T180-1,1628.0,2,1628.0,0.0,1,1628.00,0
180,T180-2,2062.0,1,1845.0,217.0,2,"1628.00,2062.00",0
180,T180-3,2194.0,14,1961.33,241.78,3,"1628.00,2062.00,2194.00",0
180,T180-4,1482.0,13,1841.5,294.83,4,"1628.00,2062.00,2194.00,1482.00",0
180,T180-5,2421.0,17,1957.4,351.1,5,"1628.00,2062.00,2194.00,1482.00,2421.00",0
180,T180-6,1311.0,7,1894.0,425.58,6,"2062.00,2194.00,1482.00,2421.00,1311.00",0
180,T180-7,2922.0,8,2066.0,597.7,7,"2194.00,1482.00,2421.00,1311.00,2922.00",0
180,T180-8,412.0,19,1709.6,879.82,8,"1482.00,2421.00,1311.00,2922.00,412.00",0
180,T180-9,2737.0,12,1960.6,954.9,9,"2421.00,1311.00,2922.00,412.00,2737.00",0
180,T180-10,1473.0,3,1771.0,938.64,10,"1311.00,2922.00,412.00,2737.00,1473.00",0
180,T180-11,2881.0,7,2085.0,993.25,11,"2922.00,412.00,2737.00,1473.00,2881.00",0
180,T180-12,14545.12,20,4409.62,5147.18,12,"412.00,2737.00,1473.00,2881.00,14545.12",1
180,T180-13,736.0,18,4474.42,5098.25,13,"2737.00,1473.00,2881.00,14545.12,736.00",0
180,T180-14,27558.42,4,9438.71,10359.47,14,"1473.00,2881.00,14545.12,736.00,27558.42",1
180,T180-15,1384.74,19,9421.06,10373.09,15,"2881.00,14545.12,736.00,27558.42,1384.74",0
180,T180-16,19203.05,11,12685.47,10369.55,16,"14545.12,736.00,27558.42,1384.74,19203.05",1
180,T180-17,1014.0,17,9979.24,11258.64,17,"736.00,27558.42,1384.74,19203.05,1014.00",0
180,T180-18,3345.21,21,10501.08,10871.95,18,"27558.42,1384.74,19203.05,1014.00,3345.21",0
180,T180-19,2412.0,10,5471.8,6913.87,19,"1384.74,19203.05,1014.00,3345.21,2412.00",0
180,T180-20,1567.0,9,5508.25,6892.67,20,"19203.05,1014.00,3345.21,2412.00,1567.00",0
180,T180-21,2399.0,13,2147.44,798.69,21,"1014.00,3345.21,2412.00,1567.00,2399.00",0
180,T180-22,1186.0,11,2181.84,751.44,22,"3345.21,2412.00,1567.00,2399.00,1186.00",0
180,T180-23,899.0,10,1692.6,619.48,23,"2412.00,1567.00,2399.00,1186.00,899.00",0
180,T180-24,3343.0,14,1878.8,889.01,24,"1567.00,2399.00,1186.00,899.00,3343.00",0
180,T180-25,2669.0,4,2099.2,920.44,25,"2399.00,1186.00,899.00,3343.00,2669.00",0
180,T180-26,1482.0,4,1915.8,933.69,26,"1186.00,899.00,3343.00,2669.00,1482.00",0
180,T180-27,4752.1,2,2629.02,1365.83,27,"899.00,3343.00,2669.00,1482.00,4752.10",0
181,T181-1,969.0,9,969.0,0.0,1,969.00,0
181,T181-2,170.0,17,569.5,399.5,2,"969.00,170.00",0
181,T181-3,549.0,15,562.67,326.33,3,"969.00,170.00,549.00",0
181,T181-4,165.0,20,463.25,330.94,4,"969.00,170.00,549.00,165.00",0
181,T181-5,3269.0,15,1024.4,1160.68,5,"969.00,170.00,549.00,165.00,3269.00",0
181,T181-6,3465.0,7,1523.6,1512.83,6,"170.00,549.00,165.00,3269.00,3465.00",0
181,T181-7,511.0,10,1591.8,1456.93,7,"549.00,165.00,3269.00,3465.00,511.00",0
181,T181-8,2241.0,1,1930.2,1369.28,8,"165.00,3269.00,3465.00,511.00,2241.00",0
181,T181-9,651.0,14,2027.4,1252.82,9,"3269.00,3465.00,511.00,2241.00,651.00",0
181,T181-10,8302.71,20,3034.14,2850.2,10,"3465.00,511.00,2241.00,651.00,8302.71",1
181,T181-11,1494.0,6,2639.94,2899.23,11,"511.00,2241.00,651.00,8302.71,1494.00",0
181,T181-12,2131.0,0,2963.94,2728.71,12,"2241.00,651.00,8302.71,1494.00,2131.00",1
181,T181-13,22491.07,0,7013.96,8197.59,13,"651.00,8302.71,1494.00,2131.00,22491.07",1
181,T181-14,12092.21,16,9302.2,7682.75,14,"8302.71,1494.00,2131.00,22491.07,12092.21",1
181,T181-15,3054.0,22,8252.46,8095.12,15,"1494.00,2131.00,22491.07,12092.21,3054.00",0
182,T182-1,3257.0,10,3257.0,0.0,1,3257.00,0
182,T182-2,3334.0,6,3295.5,38.5,2,"3257.00,3334.00",0
182,T182-3,356.0,11,2315.67,1386.05,3,"3257.00,3334.00,356.00",0
182,T182-4,1648.0,8,2148.75,1234.68,4,"3257.00,3334.00,356.00,1648.00",0
182,T182-5,2709.0,20,2260.8,1126.84,5,"3257.00,3334.00,356.00,1648.00,2709.00",0
182,T182-6,1662.0,16,1941.8,1020.41,6,"3334.00,356.00,1648.00,2709.00,1662.00",0
182,T182-7,7777.63,9,2830.53,2583.63,7,"356.00,1648.00,2709.00,1662.00,7777.63",1
182,T182-8,7736.84,18,4306.69,2843.55,8,"1648.00,2709.00,1662.00,7777.63,7736.84",1
182,T182-9,3184.0,9,4613.89,2613.39,9,"2709.00,1662.00,7777.63,7736.84,3184.00",0
182,T182-10,1553.0,20,4382.69,2815.03,10,"1662.00,7777.63,7736.84,3184.00,1553.00",0
182,T182-11,19392.05,9,7928.7,6239.07,11,"7777.63,7736.84,3184.00,1553.00,19392.05",1
182,T182-12,1800.0,20,6733.18,6708.53,12,"7736.84,3184.00,1553.00,19392.05,1800.00",0
182,T182-13,15922.29,15,8370.27,7681.84,13,"3184.00,1553.00,19392.05,1800.00,15922.29",0
182,T182-14,3494.0,4,8432.27,7640.88,14,"1553.00,19392.05,1800.00,15922.29,3494.00",0
182,T182-15,2697.0,2,8661.07,7446.1,15,"19392.05,1800.00,15922.29,3494.00,2697.00",0
182,T182-16,24633.47,12,9709.35,9074.04,16,"1800.00,15922.29,3494.00,2697.00,24633.47",1
182,T182-17,1407.0,5,9630.75,9143.65,17,"15922.29,3494.00,2697.00,24633.47,1407.00",0
182,T182-18,18316.74,0,10109.64,9515.75,18,"3494.00,2697.00,24633.47,1407.00,18316.74",1
182,T182-19,8009.03,23,11012.65,9047.83,19,"2697.00,24633.47,1407.00,18316.74,8009.03",0
182,T182-20,1348.0,18,10742.85,9308.15,20,"24633.47,1407.00,18316.74,8009.03,1348.00",0
182,T182-21,1517.0,19,6119.55,6610.61,21,"1407.00,18316.74,8009.03,1348.00,1517.00",0
182,T182-22,7602.1,0,7358.57,6177.62,22,"18316.74,8009.03,1348.00,1517.00,7602.10",0
182,T182-23,416.0,6,3778.43,3311.96,23,"8009.03,1348.00,1517.00,7602.10,416.00",0
182,T182-24,418.0,11,2260.22,2709.8,24,"1348.00,1517.00,7602.10,416.00,418.00",0
182,T182-25,1119.0,20,2214.42,2726.72,25,"1517.00,7602.10,416.00,418.00,1119.00",0
182,T182-26,338.0,12,1978.62,2826.0,26,"7602.10,416.00,418.00,1119.00,338.00",0
182,T182-27,2322.0,11,922.6,754.97,27,"416.00,418.00,1119.00,338.00,2322.00",0
183,T183-1,2146.0,15,2146.0,0.0,1,2146.00,0
183,T183-2,769.0,14,1457.5,688.5,2,"2146.00,769.00",0
183,T183-3,405.0,19,1106.67,749.79,3,"2146.00,769.00,405.00",0
183,T183-4,1095.0,17,1103.75,649.36,4,"2146.00,769.00,405.00,1095.00",0
183,T183-5,763.0,19,1035.6,596.58,5,"2146.00,769.00,405.00,1095.00,763.00",0
183,T183-6,1825.0,10,971.4,479.4,6,"769.00,405.00,1095.00,763.00,1825.00",0
183,T183-7,183.0,12,854.2,576.38,7,"405.00,1095.00,763.00,1825.00,183.00",0
183,T183-8,1937.0,22,1160.6,657.62,8,"1095.00,763.00,1825.00,183.00,1937.00",0
183,T183-9,1462.0,1,1234.0,666.62,9,"763.00,1825.00,183.00,1937.00,1462.00",0
183,T183-10,2584.0,4,1598.2,794.9,10,"1825.00,183.00,1937.00,1462.00,2584.00",0
183,T183-11,21699.04,8,5573.01,8101.31,11,"183.00,1937.00,1462.00,2584.00,21699.04",1
183,T183-12,2199.0,9,5976.21,7869.88,12,"1937.00,1462.00,2584.00,21699.04,2199.00",0
183,T183-13,12410.64,20,8070.93,7909.77,13,"1462.00,2584.00,21699.04,2199.00,12410.64",0
184,T184-1,292.0,4,292.0,0.0,1,292.00,0
184,T184-2,2684.0,10,1488.0,1196.0,2,"292.00,2684.00",0
184,T184-3,2628.0,16,1868.0,1114.63,3,"292.00,2684.00,2628.00",0
184,T184-4,1217.0,17,1705.25,1005.62,4,"292.00,2684.00,2628.00,1217.00",0
184,T184-5,2384.0,2,1841.0,939.54,5,"292.00,2684.00,2628.00,1217.00,2384.00",0
184,T184-6,5279.89,2,2838.58,1331.49,6,"2684.00,2628.00,1217.00,2384.00,5279.89",0
184,T184-7,415.0,3,2384.78,1654.36,7,"2628.00,1217.00,2384.00,5279.89,415.00",0
184,T184-8,325.0,5,1924.18,1833.43,8,"1217.00,2384.00,5279.89,415.00,325.00",0
184,T184-9,2031.0,0,2086.98,1799.23,9,"2384.00,5279.89,415.00,325.00,2031.00",0
184,T184-10,387.0,0,1687.58,1907.36,10,"5279.89,415.00,325.00,2031.00,387.00",0
184,T184-11,2403.0,21,1112.2,910.17,11,"415.00,325.00,2031.00,387.00,2403.00",0
184,T184-12,9405.96,8,2910.39,3354.84,12,"325.00,2031.00,387.00,2403.00,9405.96",1
184,T184-13,2681.0,10,3381.59,3115.55,13,"2031.00,387.00,2403.00,9405.96,2681.00",0
184,T184-14,2158.0,14,3406.99,3104.93,14,"387.00,2403.00,9405.96,2681.00,2158.00",0
184,T184-15,3051.0,22,3939.79,2749.18,15,"2403.00,9405.96,2681.00,2158.00,3051.00",0
184,T184-16,14551.28,13,6369.45,4868.59,16,"9405.96,2681.00,2158.00,3051.00,14551.28",1
184,T184-17,1140.0,5,4716.26,4959.38,17,"2681.00,2158.00,3051.00,14551.28,1140.00",0
184,T184-18,808.0,23,4341.66,5165.42,18,"2158.00,3051.00,14551.28,1140.00,808.00",0
184,T184-19,2128.0,12,4335.66,5167.97,19,"3051.00,14551.28,1140.00,808.00,2128.00",1
184,T184-20,3278.0,6,4381.06,5157.47,20,"14551.28,1140.00,808.00,2128.00,3278.00",0
185,T185-1,2354.0,11,2354.0,0.0,1,2354.00,0
185,T185-2,3144.0,2,2749.0,395.0,2,"2354.00,3144.00",0
185,T185-3,3133.0,15,2877.0,369.84,3,"2354.00,3144.00,3133.00",0
185,T185-4,839.0,21,2367.5,938.81,4,"2354.00,3144.00,3133.00,839.00",0
185,T185-5,2723.48,11,2438.7,851.68,5,"2354.00,3144.00,3133.00,839.00,2723.48",0
185,T185-6,15730.5,11,5114.0,5375.98,6,"3144.00,3133.00,839.00,2723.48,15730.50",1
185,T185-7,736.0,10,4632.4,5632.62,7,"3133.00,839.00,2723.48,15730.50,736.00",0
185,T185-8,76366.91,14,19279.18,29084.65,8,"839.00,2723.48,15730.50,736.00,76366.91",1
185,T185-9,3445.0,9,19800.38,28771.19,9,"2723.48,15730.50,736.00,76366.91,3445.00",0
185,T185-10,4879.26,10,20231.53,28527.17,10,"15730.50,736.00,76366.91,3445.00,4879.26",0
185,T185-11,1678.0,23,17421.03,29507.54,11,"736.00,76366.91,3445.00,4879.26,1678.00",0
185,T185-12,528.0,20,17379.43,29531.17,12,"76366.91,3445.00,4879.26,1678.00,528.00",0
185,T185-13,4561.93,15,3018.44,1674.87,13,"3445.00,4879.26,1678.00,528.00,4561.93",0
185,T185-14,2924.0,6,2914.24,1661.25,14,"4879.26,1678.00,528.00,4561.93,2924.00",0
185,T185-15,2623.0,3,2462.99,1341.94,15,"1678.00,528.00,4561.93,2924.00,2623.00",0
185,T185-16,2843.0,10,2695.99,1285.37,16,"528.00,4561.93,2924.00,2623.00,2843.00",0
185,T185-17,22747.59,9,7139.9,7834.35,17,"4561.93,2924.00,2623.00,2843.00,22747.59",1
185,T185-18,3399.0,7,6907.32,7924.18,18,"2924.00,2623.00,2843.00,22747.59,3399.00",0
185,T185-19,1159.0,21,6554.32,8130.4,19,"2623.00,2843.00,22747.59,3399.00,1159.00",0
186,T186-1,2466.0,0,2466.0,0.0,1,2466.00,0
186,T186-2,1384.0,22,1925.0,541.0,2,"2466.00,1384.00",0
186,T186-3,2902.0,4,2250.67,638.15,3,"2466.00,1384.00,2902.00",0
186,T186-4,785.0,19,1884.25,841.55,4,"2466.00,1384.00,2902.00,785.00",0
186,T186-5,730.0,6,1653.4,883.03,5,"2466.00,1384.00,2902.00,785.00,730.00",0
186,T186-6,2513.0,0,1662.8,891.83,6,"1384.00,2902.00,785.00,730.00,2513.00",0
186,T186-7,2180.0,5,1822.0,898.87,7,"2902.00,785.00,730.00,2513.00,2180.00",0
186,T186-8,2590.0,19,1759.6,829.92,8,"785.00,730.00,2513.00,2180.00,2590.00",0
186,T186-9,481.0,1,1698.8,906.68,9,"730.00,2513.00,2180.00,2590.00,481.00",0
186,T186-10,1560.1,14,1864.82,781.43,10,"2513.00,2180.00,2590.00,481.00,1560.10",0
186,T186-11,2602.9,16,1882.8,797.02,11,"2180.00,2590.00,481.00,1560.10,2602.90",0
186,T186-12,11445.12,2,3735.82,3933.38,12,"2590.00,481.00,1560.10,2602.90,11445.12",1
186,T186-13,601.0,17,3338.02,4125.05,13,"481.00,1560.10,2602.90,11445.12,601.00",0
186,T186-14,471.0,21,3336.02,4126.44,14,"1560.10,2602.90,11445.12,601.00,471.00",0
186,T186-15,2161.0,9,3456.2,4081.47,15,"2602.90,11445.12,601.00,471.00,2161.00",0
186,T186-16,1567.0,10,3249.02,4145.32,16,"11445.12,601.00,471.00,2161.00,1567.00",0
186,T186-17,873.0,4,1134.6,637.81,17,"601.00,471.00,2161.00,1567.00,873.00",0
186,T186-18,3168.0,8,1648.0,955.62,18,"471.00,2161.00,1567.00,873.00,3168.00",0
186,T186-19,2376.0,7,2029.0,772.65,19,"2161.00,1567.00,873.00,3168.00,2376.00",0
186,T186-20,2631.25,18,2123.05,810.68,20,"1567.00,873.00,3168.00,2376.00,2631.25",0
187,T187-1,1137.0,22,1137.0,0.0,1,1137.00,0
187,T187-2,573.0,9,855.0,282.0,2,"1137.00,573.00",0
187,T187-3,357.0,13,689.0,328.83,3,"1137.00,573.00,357.00",0
187,T187-4,2266.0,6,1083.25,739.86,4,"1137.00,573.00,357.00,2266.00",0
187,T187-5,10115.56,1,2889.71,3673.03,5,"1137.00,573.00,357.00,2266.00,10115.56",0
187,T187-6,2816.0,6,3225.51,3572.82,6,"573.00,357.00,2266.00,10115.56,2816.00",0
187,T187-7,333.0,6,3177.51,3609.56,7,"357.00,2266.00,10115.56,2816.00,333.00",0
187,T187-8,7383.11,20,4582.74,3605.64,8,"2266.00,10115.56,2816.00,333.00,7383.11",0
187,T187-9,972.0,22,4323.94,3803.64,9,"10115.56,2816.00,333.00,7383.11,972.00",0
187,T187-10,574.0,8,2415.62,2632.46,10,"2816.00,333.00,7383.11,972.00,574.00",0
187,T187-11,2317.0,13,2315.82,2624.84,11,"333.00,7383.11,972.00,574.00,2317.00",0
187,T187-12,696.0,14,2388.42,2573.51,12,"7383.11,972.00,574.00,2317.00,696.00",0
187,T187-13,3073.0,0,1526.4,992.07,13,"972.00,574.00,2317.00,696.00,3073.00",0
187,T187-14,22460.76,23,5824.15,8372.67,14,"574.00,2317.00,696.00,3073.00,22460.76",1
187,T187-15,1494.0,12,6008.15,8264.68,15,"2317.00,696.00,3073.00,22460.76,1494.00",0
188,T188-1,1682.0,2,1682.0,0.0,1,1682.00,0
188,T188-2,3228.0,19,2455.0,773.0,2,"1682.00,3228.00",0
188,T188-3,2340.0,13,2416.67,633.48,3,"1682.00,3228.00,2340.00",0
188,T188-4,235.0,3,1871.25,1092.43,4,"1682.00,3228.00,2340.00,235.00",0
188,T188-5,641.0,3,1625.2,1094.02,5,"1682.00,3228.00,2340.00,235.00,641.00",0
188,T188-6,1102.0,19,1509.2,1112.45,6,"3228.00,2340.00,235.00,641.00,1102.00",0
188,T188-7,1345.0,18,1132.6,714.31,7,"2340.00,235.00,641.00,1102.00,1345.00",0
188,T188-8,4918.93,8,1648.39,1679.26,8,"235.00,641.00,1102.00,1345.00,4918.93",0
188,T188-9,3034.0,20,2208.19,1578.28,9,"641.00,1102.00,1345.00,4918.93,3034.00",0
188,T188-10,2943.0,2,2668.59,1376.88,10,"1102.00,1345.00,4918.93,3034.00,2943.00",0
188,T188-11,13147.33,14,5077.65,4190.72,11,"1345.00,4918.93,3034.00,2943.00,13147.33",1
188,T188-12,3454.0,21,5499.45,3889.08,12,"4918.93,3034.00,2943.00,13147.33,3454.00",0
188,T188-13,391.0,21,4593.87,4410.98,13,"3034.00,2943.00,13147.33,3454.00,391.00",0
188,T188-14,10222.83,23,6031.63,4820.79,14,"2943.00,13147.33,3454.00,391.00,10222.83",0
188,T188-15,631.0,23,5569.23,5191.49,15,"13147.33,3454.00,391.00,10222.83,631.00",0
188,T188-16,36409.97,3,10221.76,13566.51,16,"3454.00,391.00,10222.83,631.00,36409.97",1
188,T188-17,14742.3,22,12479.42,13186.35,17,"391.00,10222.83,631.00,36409.97,14742.30",0
188,T188-18,2245.63,17,12850.35,12863.22,18,"10222.83,631.00,36409.97,14742.30,2245.63",0
189,T189-1,2389.0,8,2389.0,0.0,1,2389.00,0
189,T189-2,1564.0,6,1976.5,412.5,2,"2389.00,1564.00",0
189,T189-3,1445.0,2,1799.33,419.78,3,"2389.00,1564.00,1445.00",0
189,T189-4,1259.0,8,1664.25,432.32,4,"2389.00,1564.00,1445.00,1259.00",0
189,T189-5,3363.0,20,2004.0,781.82,5,"2389.00,1564.00,1445.00,1259.00,3363.00",0
189,T189-6,2927.0,23,2111.6,860.47,6,"1564.00,1445.00,1259.00,3363.00,2927.00",0
189,T189-7,3022.0,22,2403.2,872.45,7,"1445.00,1259.00,3363.00,2927.00,3022.00",0
189,T189-8,2358.0,10,2585.8,737.97,8,"1259.00,3363.00,2927.00,3022.00,2358.00",0
189,T189-9,1732.0,19,2680.4,573.91,9,"3363.00,2927.00,3022.00,2358.00,1732.00",0
189,T189-10,291.0,13,2066.0,1000.27,10,"2927.00,3022.00,2358.00,1732.00,291.00",0
189,T189-11,2816.0,10,2043.8,981.98,11,"3022.00,2358.00,1732.00,291.00,2816.00",0
189,T189-12,1300.0,23,1699.4,874.61,12,"2358.00,1732.00,291.00,2816.00,1300.00",0
189,T189-13,1566.0,14,1541.0,810.35,13,"1732.00,291.00,2816.00,1300.00,1566.00",0
189,T189-14,188.0,21,1232.2,959.23,14,"291.00,2816.00,1300.00,1566.00,188.00",0
189,T189-15,3231.0,23,1820.2,1093.73,15,"2816.00,1300.00,1566.00,188.00,3231.00",0
189,T189-16,7027.76,10,2662.55,2390.0,16,"1300.00,1566.00,188.00,3231.00,7027.76",1
190,T190-1,3417.0,16,3417.0,0.0,1,3417.00,0
190,T190-2,2201.0,13,2809.0,608.0,2,"3417.00,2201.00",0
190,T190-3,1017.0,23,2211.67,979.82,3,"3417.00,2201.00,1017.00",0
190,T190-4,1145.0,14,1945.0,966.11,4,"3417.00,2201.00,1017.00,1145.00",0
190,T190-5,2073.0,7,1970.6,865.63,5,"3417.00,2201.00,1017.00,1145.00,2073.00",0
190,T190-6,3432.0,3,1973.6,870.65,6,"2201.00,1017.00,1145.00,2073.00,3432.00",0
190,T190-7,3023.0,2,2138.0,970.01,7,"1017.00,1145.00,2073.00,3432.00,3023.00",1
190,T190-8,747.0,6,2084.0,1036.17,8,"1145.00,2073.00,3432.00,3023.00,747.00",0
190,T190-9,1200.0,17,2095.0,1026.39,9,"2073.00,3432.00,3023.00,747.00,1200.00",0
190,T190-10,658.0,19,1812.0,1177.4,10,"3432.00,3023.00,747.00,1200.00,658.00",0
190,T190-11,3490.0,10,1823.6,1193.48,11,"3023.00,747.00,1200.00,658.00,3490.00",0
190,T190-12,432.0,9,1305.4,1120.48,12,"747.00,1200.00,658.00,3490.00,432.00",0
191,T191-1,1768.0,9,1768.0,0.0,1,1768.00,0
191,T191-2,555.0,1,1161.5,606.5,2,"1768.00,555.00",0
191,T191-3,2010.0,4,1444.33,636.57,3,"1768.00,555.00,2010.00",0
191,T191-4,1531.0,13,1466.0,552.56,4,"1768.00,555.00,2010.00,1531.00",0
191,T191-5,1169.0,9,1406.6,508.3,5,"1768.00,555.00,2010.00,1531.00,1169.00",0
191,T191-6,2243.0,7,1501.6,602.61,6,"555.00,2010.00,1531.00,1169.00,2243.00",0
191,T191-7,9668.84,20,3324.37,3194.09,7,"2010.00,1531.00,1169.00,2243.00,9668.84",1
191,T191-8,3484.0,19,3619.17,3126.48,8,"1531.00,1169.00,2243.00,9668.84,3484.00",0
191,T191-9,8848.13,23,5082.6,3497.08,9,"1169.00,2243.00,9668.84,3484.00,8848.13",0
191,T191-10,714.0,3,4991.6,3602.08,10,"2243.00,9668.84,3484.00,8848.13,714.00",0
191,T191-11,7157.48,23,5974.49,3381.74,11,"9668.84,3484.00,8848.13,714.00,7157.48",0
191,T191-12,787.0,12,4198.12,3306.52,12,"3484.00,8848.13,714.00,7157.48,787.00",0
191,T191-13,6770.54,14,4855.43,3423.81,13,"8848.13,714.00,7157.48,787.00,6770.54",0
191,T191-14,81610.22,22,19407.85,31225.32,14,"714.00,7157.48,787.00,6770.54,81610.22",1
191,T191-15,9960.19,12,21257.08,30324.26,15,"7157.48,787.00,6770.54,81610.22,9960.19",0
191,T191-16,1442.0,22,20113.99,30935.77,16,"787.00,6770.54,81610.22,9960.19,1442.00",0
191,T191-17,996.0,0,20155.79,30909.76,17,"6770.54,81610.22,9960.19,1442.00,996.00",0
192,T192-1,814.0,16,814.0,0.0,1,814.00,0
192,T192-2,482.0,20,648.0,166.0,2,"814.00,482.00",0
192,T192-3,3070.0,11,1455.33,1149.76,3,"814.00,482.00,3070.00",0
192,T192-4,2741.0,0,1776.75,1140.78,4,"814.00,482.00,3070.00,2741.00",0
192,T192-5,2767.0,14,1974.8,1094.53,5,"814.00,482.00,3070.00,2741.00,2767.00",0
192,T192-6,2254.0,18,2262.8,927.99,6,"482.00,3070.00,2741.00,2767.00,2254.00",0
192,T192-7,2416.0,12,2649.6,286.34,7,"3070.00,2741.00,2767.00,2254.00,2416.00",0
192,T192-8,3463.0,13,2728.2,415.68,8,"2741.00,2767.00,2254.00,2416.00,3463.00",0
192,T192-9,2995.0,13,2779.0,429.43,9,"2767.00,2254.00,2416.00,3463.00,2995.00",0
192,T192-10,2743.0,4,2774.2,429.67,10,"2254.00,2416.00,3463.00,2995.00,2743.00",0
192,T192-11,7077.22,21,3738.84,1703.86,11,"2416.00,3463.00,2995.00,2743.00,7077.22",1
192,T192-12,3022.0,22,3860.04,1625.19,12,"3463.00,2995.00,2743.00,7077.22,3022.00",0
192,T192-13,2257.0,10,3618.84,1750.86,13,"2995.00,2743.00,7077.22,3022.00,2257.00",0
192,T192-14,1133.0,15,3246.44,2021.1,14,"2743.00,7077.22,3022.00,2257.00,1133.00",0
192,T192-15,3073.0,8,3312.44,2008.94,15,"7077.22,3022.00,2257.00,1133.00,3073.00",0
193,T193-1,2180.0,17,2180.0,0.0,1,2180.00,0
193,T193-2,3085.0,5,2632.5,452.5,2,"2180.00,3085.00",0
193,T193-3,1604.0,7,2289.67,609.57,3,"2180.00,3085.00,1604.00",0
193,T193-4,689.0,5,1889.5,871.25,4,"2180.00,3085.00,1604.00,689.00",0
193,T193-5,1489.0,12,1809.4,795.57,5,"2180.00,3085.00,1604.00,689.00,1489.00",0
193,T193-6,185.0,18,1410.4,986.91,6,"3085.00,1604.00,689.00,1489.00,185.00",0
193,T193-7,2029.0,22,1199.2,667.13,7,"1604.00,689.00,1489.00,185.00,2029.00",0
193,T193-8,1623.0,6,1203.0,669.48,8,"689.00,1489.00,185.00,2029.00,1623.00",0
193,T193-9,5922.94,7,2249.79,1937.82,9,"1489.00,185.00,2029.00,1623.00,5922.94",0
193,T193-10,2179.0,0,2387.79,1902.99,10,"185.00,2029.00,1623.00,5922.94,2179.00",0
193,T193-11,5684.45,1,3487.68,1901.25,11,"2029.00,1623.00,5922.94,2179.00,5684.45",0
193,T193-12,2190.0,22,3519.88,1877.48,12,"1623.00,5922.94,2179.00,5684.45,2190.00",0
193,T193-13,2470.0,18,3689.28,1731.21,13,"5922.94,2179.00,5684.45,2190.00,2470.00",0
193,T193-14,1830.0,5,2870.69,1421.45,14,"2179.00,5684.45,2190.00,2470.00,1830.00",0
193,T193-15,3488.0,2,3132.49,1390.15,15,"5684.45,2190.00,2470.00,1830.00,3488.00",0
193,T193-16,469.0,8,2089.4,980.21,16,"2190.00,2470.00,1830.00,3488.00,469.00",0
193,T193-17,30967.64,19,7844.93,11602.72,17,"2470.00,1830.00,3488.00,469.00,30967.64",1
194,T194-1,1329.0,17,1329.0,0.0,1,1329.00,0
194,T194-2,3362.0,19,2345.5,1016.5,2,"1329.00,3362.00",0
194,T194-3,514.0,12,1735.0,1197.61,3,"1329.00,3362.00,514.00",0
194,T194-4,3061.0,2,2066.5,1185.49,4,"1329.00,3362.00,514.00,3061.00",0
194,T194-5,307.0,17,1714.6,1272.65,5,"1329.00,3362.00,514.00,3061.00,307.00",0
194,T194-6,1410.0,2,1730.8,1268.15,6,"3362.00,514.00,3061.00,307.00,1410.00",0
194,T194-7,1327.0,21,1323.8,971.08,7,"514.00,3061.00,307.00,1410.00,1327.00",0
194,T194-8,2169.0,6,1654.8,919.32,8,"3061.00,307.00,1410.00,1327.00,2169.00",0
194,T194-9,614.0,21,1165.4,653.31,9,"307.00,1410.00,1327.00,2169.00,614.00",0
194,T194-10,491.0,10,1202.2,607.49,10,"1410.00,1327.00,2169.00,614.00,491.00",0
194,T194-11,4200.18,3,1760.24,1358.89,11,"1327.00,2169.00,614.00,491.00,4200.18",0
194,T194-12,2887.0,21,2072.24,1402.01,12,"2169.00,614.00,491.00,4200.18,2887.00",0
194,T194-13,2331.0,21,2104.64,1405.73,13,"614.00,491.00,4200.18,2887.00,2331.00",0
194,T194-14,3367.0,6,2655.24,1243.88,14,"491.00,4200.18,2887.00,2331.00,3367.00",0
194,T194-15,2974.0,4,3151.84,619.81,15,"4200.18,2887.00,2331.00,3367.00,2974.00",0
194,T194-16,188.0,13,2349.4,1130.19,16,"2887.00,2331.00,3367.00,2974.00,188.00",0
194,T194-17,3170.0,3,2406.0,1162.32,17,"2331.00,3367.00,2974.00,188.00,3170.00",0
194,T194-18,14272.4,11,4794.28,4879.37,18,"3367.00,2974.00,188.00,3170.00,14272.40",1
194,T194-19,1713.0,8,4463.48,5018.99,19,"2974.00,188.00,3170.00,14272.40,1713.00",0
194,T194-20,395.0,16,3947.68,5271.72,20,"188.00,3170.00,14272.40,1713.00,395.00",0
194,T194-21,459.0,22,4001.88,5234.05,21,"3170.00,14272.40,1713.00,395.00,459.00",0
194,T194-22,27924.44,8,8952.77,10826.05,22,"14272.40,1713.00,395.00,459.00,27924.44",1
194,T194-23,1379.0,2,6374.09,10787.33,23,"1713.00,395.00,459.00,27924.44,1379.00",0
194,T194-24,1143.0,13,6260.09,10838.87,24,"395.00,459.00,27924.44,1379.00,1143.00",0
194,T194-25,1614.0,12,6503.89,10717.23,25,"459.00,27924.44,1379.00,1143.00,1614.00",0
195,T195-1,1871.0,13,1871.0,0.0,1,1871.00,0
195,T195-2,1237.0,7,1554.0,317.0,2,"1871.00,1237.00",0
195,T195-3,2119.0,22,1742.33,371.39,3,"1871.00,1237.00,2119.00",0
195,T195-4,2004.0,21,1807.75,341.01,4,"1871.00,1237.00,2119.00,2004.00",0
195,T195-5,1749.0,11,1796.0,305.91,5,"1871.00,1237.00,2119.00,2004.00,1749.00",0
195,T195-6,3003.0,21,2022.4,576.69,6,"1237.00,2119.00,2004.00,1749.00,3003.00",0
195,T195-7,3141.0,12,2403.2,560.75,7,"2119.00,2004.00,1749.00,3003.00,3141.00",0
195,T195-8,5520.21,21,3083.44,1333.68,8,"2004.00,1749.00,3003.00,3141.00,5520.21",1
195,T195-9,3325.0,23,3347.64,1219.65,9,"1749.00,3003.00,3141.00,5520.21,3325.00",0
195,T195-10,3167.0,19,3631.24,950.0,10,"3003.00,3141.00,5520.21,3325.00,3167.00",0
195,T195-11,911.0,7,3212.84,1458.92,11,"3141.00,5520.21,3325.00,3167.00,911.00",0
195,T195-12,23030.29,14,7190.7,8052.97,12,"5520.21,3325.00,3167.00,911.00,23030.29",1
196,T196-1,2041.0,22,2041.0,0.0,1,2041.00,0
196,T196-2,1783.0,16,1912.0,129.0,2,"2041.00,1783.00",0
196,T196-3,948.0,19,1590.67,466.48,3,"2041.00,1783.00,948.00",0
196,T196-4,502.0,7,1318.5,620.83,4,"2041.00,1783.00,948.00,502.00",0
196,T196-5,6798.55,10,2414.51,2261.26,5,"2041.00,1783.00,948.00,502.00,6798.55",0
196,T196-6,1685.0,22,2343.31,2277.45,6,"1783.00,948.00,502.00,6798.55,1685.00",0
196,T196-7,3353.0,14,2657.31,2286.76,7,"948.00,502.00,6798.55,1685.00,3353.00",0
196,T196-8,12002.32,23,4868.18,4150.04,8,"502.00,6798.55,1685.00,3353.00,12002.32",1
196,T196-9,2883.0,20,5344.38,3737.86,9,"6798.55,1685.00,3353.00,12002.32,2883.00",1
196,T196-10,225.0,13,4029.66,4130.59,10,"1685.00,3353.00,12002.32,2883.00,225.00",0
196,T196-11,2184.0,6,4129.46,4078.43,11,"3353.00,12002.32,2883.00,225.00,2184.00",0
196,T196-12,1055.0,13,3669.86,4265.24,12,"12002.32,2883.00,225.00,2184.00,1055.00",0
196,T196-13,928.0,0,1455.0,950.92,13,"2883.00,225.00,2184.00,1055.00,928.00",0
196,T196-14,3240.0,23,1526.4,1062.34,14,"225.00,2184.00,1055.00,928.00,3240.00",0
196,T196-15,2140.0,18,1909.4,847.61,15,"2184.00,1055.00,928.00,3240.00,2140.00",0
196,T196-16,3209.0,9,2114.4,999.57,16,"1055.00,928.00,3240.00,2140.00,3209.00",0
196,T196-17,2720.0,16,2447.4,858.56,17,"928.00,3240.00,2140.00,3209.00,2720.00",0
196,T196-18,1256.0,13,2513.0,744.98,18,"3240.00,2140.00,3209.00,2720.00,1256.00",0
196,T196-19,1886.0,17,2242.2,674.23,19,"2140.00,3209.00,2720.00,1256.00,1886.00",0
196,T196-20,954.0,5,2005.0,853.3,20,"3209.00,2720.00,1256.00,1886.00,954.00",0
196,T196-21,2386.0,21,1840.4,663.43,21,"2720.00,1256.00,1886.00,954.00,2386.00",0
196,T196-22,522.0,13,1400.8,663.16,22,"1256.00,1886.00,954.00,2386.00,522.00",0
196,T196-23,3444.0,19,1838.4,1038.76,23,"1886.00,954.00,2386.00,522.00,3444.00",0
196,T196-24,10095.29,10,3480.26,3466.72,24,"954.00,2386.00,522.00,3444.00,10095.29",1
196,T196-25,1762.0,22,3641.86,3362.46,25,"2386.00,522.00,3444.00,10095.29,1762.00",0
197,T197-1,1883.0,5,1883.0,0.0,1,1883.00,0
197,T197-2,561.0,9,1222.0,661.0,2,"1883.00,561.00",0
197,T197-3,662.0,9,1035.33,600.81,3,"1883.00,561.00,662.00",0
197,T197-4,2675.0,13,1445.25,880.24,4,"1883.00,561.00,662.00,2675.00",0
197,T197-5,1613.0,11,1478.8,790.16,5,"1883.00,561.00,662.00,2675.00,1613.00",0
197,T197-6,2684.0,11,1639.0,925.48,6,"561.00,662.00,2675.00,1613.00,2684.00",0
197,T197-7,2559.0,18,2038.6,796.06,7,"662.00,2675.00,1613.00,2684.00,2559.00",0
197,T197-8,1695.0,17,2245.2,485.42,8,"2675.00,1613.00,2684.00,2559.00,1695.00",0
197,T197-9,1585.0,16,2027.2,488.19,9,"1613.00,2684.00,2559.00,1695.00,1585.00",0
197,T197-10,1288.0,17,1962.2,555.95,10,"2684.00,2559.00,1695.00,1585.00,1288.00",0
197,T197-11,841.63,7,1593.73,565.9,11,"2559.00,1695.00,1585.00,1288.00,841.63",0
197,T197-12,2073.0,14,1496.53,412.77,12,"1695.00,1585.00,1288.00,841.63,2073.00",0
197,T197-13,1425.0,12,1442.53,400.76,13,"1585.00,1288.00,841.63,2073.00,1425.00",0
197,T197-14,6246.54,12,2374.83,1975.62,14,"1288.00,841.63,2073.00,1425.00,6246.54",0
197,T197-15,3041.0,4,2725.43,1905.95,15,"841.63,2073.00,1425.00,6246.54,3041.00",0
197,T197-16,1438.0,12,2844.71,1800.05,16,"2073.00,1425.00,6246.54,3041.00,1438.00",0
197,T197-17,1811.0,12,2792.31,1825.39,17,"1425.00,6246.54,3041.00,1438.00,1811.00",0
197,T197-18,17856.87,21,6078.68,6127.49,18,"6246.54,3041.00,1438.00,1811.00,17856.87",1
197,T197-19,1744.0,7,5178.17,6362.97,19,"3041.00,1438.00,1811.00,17856.87,1744.00",0
197,T197-20,2296.0,8,5029.17,6419.74,20,"1438.00,1811.00,17856.87,1744.00,2296.00",0
197,T197-21,3170.0,5,5375.57,6261.4,21,"1811.00,17856.87,1744.00,2296.00,3170.00",0
197,T197-22,2989.0,10,5611.17,6143.9,22,"17856.87,1744.00,2296.00,3170.00,2989.00",0
197,T197-23,2150.0,8,2469.8,532.75,23,"1744.00,2296.00,3170.00,2989.00,2150.00",0
197,T197-24,10444.94,9,4209.99,3141.78,24,"2296.00,3170.00,2989.00,2150.00,10444.94",1
197,T197-25,2055.0,18,4161.79,3172.47,25,"3170.00,2989.00,2150.00,10444.94,2055.00",0
197,T197-26,2321.0,7,3991.99,3242.95,26,"2989.00,2150.00,10444.94,2055.00,2321.00",0
197,T197-27,13503.78,14,6094.94,4897.75,27,"2150.00,10444.94,2055.00,2321.00,13503.78",1
198,T198-1,2432.0,20,2432.0,0.0,1,2432.00,0
198,T198-2,3430.0,22,2931.0,499.0,2,"2432.00,3430.00",0
198,T198-3,1858.0,14,2573.33,649.5,3,"2432.00,3430.00,1858.00",0
198,T198-4,1932.0,16,2413.0,627.3,4,"2432.00,3430.00,1858.00,1932.00",0
198,T198-5,2302.0,8,2390.8,562.83,5,"2432.00,3430.00,1858.00,1932.00,2302.00",0
198,T198-6,960.0,13,2096.4,799.5,6,"3430.00,1858.00,1932.00,2302.00,960.00",0
198,T198-7,695.0,6,1549.4,614.07,7,"1858.00,1932.00,2302.00,960.00,695.00",0
198,T198-8,1152.0,11,1408.2,608.02,8,"1932.00,2302.00,960.00,695.00,1152.00",0
198,T198-9,1684.0,1,1358.6,572.33,9,"2302.00,960.00,695.00,1152.00,1684.00",0
198,T198-10,2872.0,7,1472.6,771.13,10,"960.00,695.00,1152.00,1684.00,2872.00",0
198,T198-11,823.0,10,1445.2,791.04,11,"695.00,1152.00,1684.00,2872.00,823.00",0
198,T198-12,658.0,19,1437.8,798.16,12,"1152.00,1684.00,2872.00,823.00,658.00",0
198,T198-13,3646.4,18,1936.68,1160.78,13,"1684.00,2872.00,823.00,658.00,3646.40",0
198,T198-14,2062.0,12,2012.28,1154.16,14,"2872.00,823.00,658.00,3646.40,2062.00",0
198,T198-15,4898.54,21,2417.59,1638.93,15,"823.00,658.00,3646.40,2062.00,4898.54",0
198,T198-16,3351.0,5,2923.19,1447.81,16,"658.00,3646.40,2062.00,4898.54,3351.00",0
198,T198-17,3251.0,6,3441.79,906.91,17,"3646.40,2062.00,4898.54,3351.00,3251.00",0
198,T198-18,3338.84,15,3380.28,901.36,18,"2062.00,4898.54,3351.00,3251.00,3338.84",0
198,T198-19,998.0,20,3167.48,1246.86,19,"4898.54,3351.00,3251.00,3338.84,998.00",0
198,T198-20,2711.0,0,2729.97,897.55,20,"3351.00,3251.00,3338.84,998.00,2711.00",0
198,T198-21,19064.6,22,5872.69,6649.5,21,"3251.00,3338.84,998.00,2711.00,19064.60",1
198,T198-22,1106.0,4,5443.69,6870.33,22,"3338.84,998.00,2711.00,19064.60,1106.00",0
198,T198-23,29079.36,15,10591.79,11469.15,23,"998.00,2711.00,19064.60,1106.00,29079.36",1
199,T199-1,943.0,7,943.0,0.0,1,943.00,0
199,T199-2,2193.0,2,1568.0,625.0,2,"943.00,2193.00",0
199,T199-3,1525.0,0,1553.67,510.71,3,"943.00,2193.00,1525.00",0
199,T199-4,1656.0,1,1579.25,444.5,4,"943.00,2193.00,1525.00,1656.00",0
199,T199-5,938.0,1,1451.0,473.14,5,"943.00,2193.00,1525.00,1656.00,938.00",0
199,T199-6,3191.0,19,1900.6,758.7,6,"2193.00,1525.00,1656.00,938.00,3191.00",1
199,T199-7,1683.0,6,1798.6,746.72,7,"1525.00,1656.00,938.00,3191.00,1683.00",0
199,T199-8,4972.73,23,2488.15,1442.97,8,"1656.00,938.00,3191.00,1683.00,4972.73",0
199,T199-9,2938.0,16,2744.55,1385.07,9,"938.00,3191.00,1683.00,4972.73,2938.00",0
199,T199-10,3211.0,4,3199.15,1050.02,10,"3191.00,1683.00,4972.73,2938.00,3211.00",0
199,T199-11,1501.0,23,2861.15,1251.01,11,"1683.00,4972.73,2938.00,3211.00,1501.00",0
199,T199-12,2282.0,16,2980.95,1157.65,12,"4972.73,2938.00,3211.00,1501.00,2282.00",0
199,T199-13,2644.0,9,2515.2,593.71,13,"2938.00,3211.00,1501.00,2282.00,2644.00",0
199,T199-14,7730.01,10,3473.6,2199.33,14,"3211.00,1501.00,2282.00,2644.00,7730.01",1
199,T199-15,3109.0,10,3453.2,2202.14,15,"1501.00,2282.00,2644.00,7730.01,3109.00",0
199,T199-16,1576.0,18,3468.2,2189.01,16,"2282.00,2644.00,7730.01,3109.00,1576.00",0
199,T199-17,467.0,8,3105.2,2485.97,17,"2644.00,7730.01,3109.00,1576.00,467.00",0
199,T199-18,2247.0,19,3025.8,2505.69,18,"7730.01,3109.00,1576.00,467.00,2247.00",0
199,T199-19,1044.0,16,1688.6,921.94,19,"3109.00,1576.00,467.00,2247.00,1044.00",0
199,T199-20,1776.92,10,1422.18,614.04,20,"1576.00,467.00,2247.00,1044.00,1776.92",0
199,T199-21,431.0,14,1193.18,718.58,21,"467.00,2247.00,1044.00,1776.92,431.00",0
199,T199-22,1925.0,9,1484.78,658.01,22,"2247.00,1044.00,1776.92,431.00,1925.00",0
199,T199-23,1276.0,7,1290.58,536.45,23,"1044.00,1776.92,431.00,1925.00,1276.00",0
199,T199-24,748.0,1,1231.38,575.32,24,"1776.92,431.00,1925.00,1276.00,748.00",0
199,T199-25,16074.43,9,4090.89,6013.14,25,"431.00,1925.00,1276.00,748.00,16074.43",1
199,T199-26,1587.0,2,4322.09,5888.92,26,"1925.00,1276.00,748.00,16074.43,1587.00",0
199,T199-27,2160.0,10,4369.09,5870.51,27,"1276.00,748.00,16074.43,1587.00,2160.00",0
200,T200-1,3215.0,9,3215.0,0.0,1,3215.00,1
200,T200-2,1199.0,21,2207.0,1008.0,2,"3215.00,1199.00",0
200,T200-3,340.0,20,1584.67,1204.98,3,"3215.00,1199.00,340.00",0
200,T200-4,459.0,18,1303.25,1151.77,4,"3215.00,1199.00,340.00,459.00",0
200,T200-5,3104.0,2,1663.4,1257.01,5,"3215.00,1199.00,340.00,459.00,3104.00",0
200,T200-6,1908.0,3,1402.0,1020.9,6,"1199.00,340.00,459.00,3104.00,1908.00",0
200,T200-7,3541.2,10,1870.44,1315.21,7,"340.00,459.00,3104.00,1908.00,3541.20",0
200,T200-8,1607.0,6,2123.84,1100.46,8,"459.00,3104.00,1908.00,3541.20,1607.00",0
200,T200-9,3373.0,22,2706.64,793.15,9,"3104.00,1908.00,3541.20,1607.00,3373.00",0
200,T200-10,8286.51,22,3743.14,2397.95,10,"1908.00,3541.20,1607.00,3373.00,8286.51",1
200,T200-11,2921.0,6,3945.74,2273.93,11,"3541.20,1607.00,3373.00,8286.51,2921.00",0
200,T200-12,3328.0,13,3903.1,2283.09,12,"1607.00,3373.00,8286.51,2921.00,3328.00",0
200,T200-13,3402.0,1,4262.1,2019.76,13,"3373.00,8286.51,2921.00,3328.00,3402.00",0
200,T200-14,20109.25,8,7609.35,6553.14,14,"8286.51,2921.00,3328.00,3402.00,20109.25",1
200,T200-15,2464.0,10,6444.85,6840.38,15,"2921.00,3328.00,3402.00,20109.25,2464.00",0
200,T200-16,6281.53,15,7116.95,6622.76,16,"3328.00,3402.00,20109.25,2464.00,6281.53",0
200,T200-17,2412.0,6,6933.75,6736.72,17,"3402.00,20109.25,2464.00,6281.53,2412.00",0
201,T201-1,3104.0,19,3104.0,0.0,1,3104.00,0
201,T201-2,2268.0,5,2686.0,418.0,2,"3104.00,2268.00",0
201,T201-3,2485.0,3,2619.0,354.2,3,"3104.00,2268.00,2485.00",0
201,T201-4,154.0,22,2002.75,1110.58,4,"3104.00,2268.00,2485.00,154.00",0
201,T201-5,14743.34,6,4550.87,5192.14,5,"3104.00,2268.00,2485.00,154.00,14743.34",0
201,T201-6,2632.0,4,4456.47,5221.79,6,"2268.00,2485.00,154.00,14743.34,2632.00",0
201,T201-7,3240.0,23,4650.87,5154.36,7,"2485.00,154.00,14743.34,2632.00,3240.00",0
201,T201-8,870.0,19,4327.87,5327.65,8,"154.00,14743.34,2632.00,3240.00,870.00",0
201,T201-9,1485.0,11,4594.07,5142.49,9,"14743.34,2632.00,3240.00,870.00,1485.00",0
201,T201-10,26942.83,19,7033.97,9989.19,10,"2632.00,3240.00,870.00,1485.00,26942.83",1
201,T201-11,642.0,6,6635.97,10194.19,11,"3240.00,870.00,1485.00,26942.83,642.00",0
201,T201-12,866.0,5,6161.17,10394.62,12,"870.00,1485.00,26942.83,642.00,866.00",0
201,T201-13,2208.0,5,6428.77,10271.45,13,"1485.00,26942.83,642.00,866.00,2208.00",0
201,T201-14,2232.0,10,6578.17,10203.66,14,"26942.83,642.00,866.00,2208.00,2232.00",0
201,T201-15,419.0,14,1273.4,785.75,15,"642.00,866.00,2208.00,2232.00,419.00",0
202,T202-1,547.0,6,547.0,0.0,1,547.00,0
202,T202-2,1214.0,8,880.5,333.5,2,"547.00,1214.00",0
202,T202-3,2741.0,14,1500.67,918.35,3,"547.00,1214.00,2741.00",0
202,T202-4,1490.0,6,1498.0,795.33,4,"547.00,1214.00,2741.00,1490.00",0
202,T202-5,9828.4,15,3164.08,3407.24,5,"547.00,1214.00,2741.00,1490.00,9828.40",0
202,T202-6,3050.0,22,3664.68,3160.93,6,"1214.00,2741.00,1490.00,9828.40,3050.00",1
202,T202-7,7928.03,3,5007.48,3259.21,7,"2741.00,1490.00,9828.40,3050.00,7928.03",0
202,T202-8,7998.96,20,6059.08,3206.08,8,"1490.00,9828.40,3050.00,7928.03,7998.96",0
202,T202-9,859.0,20,5932.88,3390.56,9,"9828.40,3050.00,7928.03,7998.96,859.00",0
202,T202-10,1511.0,4,4269.4,3099.09,10,"3050.00,7928.03,7998.96,859.00,1511.00",0
202,T202-11,3446.0,18,4348.6,3071.85,11,"7928.03,7998.96,859.00,1511.00,3446.00",0
202,T202-12,3066.0,6,3376.19,2501.45,12,"7998.96,859.00,1511.00,3446.00,3066.00",0
202,T202-13,1827.0,11,2141.8,969.3,13,"859.00,1511.00,3446.00,3066.00,1827.00",0
202,T202-14,157.0,11,2001.4,1174.13,14,"1511.00,3446.00,3066.00,1827.00,157.00",0
202,T202-15,13087.1,18,4316.62,4533.08,15,"3446.00,3066.00,1827.00,157.00,13087.10",1
202,T202-16,1281.0,22,3883.62,4696.03,16,"3066.00,1827.00,157.00,13087.10,1281.00",0
203,T203-1,2000.0,6,2000.0,0.0,1,2000.00,0
203,T203-2,2200.0,15,2100.0,100.0,2,"2000.00,2200.00",0
203,T203-3,447.0,21,1549.0,783.5,3,"2000.00,2200.00,447.00",0
203,T203-4,1202.0,13,1462.25,694.97,4,"2000.00,2200.00,447.00,1202.00",0
203,T203-5,798.0,12,1329.4,676.0,5,"2000.00,2200.00,447.00,1202.00,798.00",0
203,T203-6,2252.0,6,1379.8,731.26,6,"2200.00,447.00,1202.00,798.00,2252.00",0
203,T203-7,2701.18,4,1480.04,859.86,7,"447.00,1202.00,798.00,2252.00,2701.18",0
203,T203-8,1096.0,14,1609.84,733.87,8,"1202.00,798.00,2252.00,2701.18,1096.00",0
203,T203-9,3448.0,6,2059.04,989.59,9,"798.00,2252.00,2701.18,1096.00,3448.00",0
203,T203-10,3423.0,23,2584.04,870.46,10,"2252.00,2701.18,1096.00,3448.00,3423.00",0
203,T203-11,6584.83,19,3450.6,1784.93,11,"2701.18,1096.00,3448.00,3423.00,6584.83",1
203,T203-12,4920.38,16,3894.44,1818.99,12,"1096.00,3448.00,3423.00,6584.83,4920.38",0
203,T203-13,16457.04,15,6966.65,4885.47,13,"3448.00,3423.00,6584.83,4920.38,16457.04",1
203,T203-14,1163.0,0,6509.65,5283.86,14,"3423.00,6584.83,4920.38,16457.04,1163.00",0
203,T203-15,2771.0,5,6379.25,5365.84,15,"6584.83,4920.38,16457.04,1163.00,2771.00",0
203,T203-16,633.0,14,5188.88,5828.44,16,"4920.38,16457.04,1163.00,2771.00,633.00",0
203,T203-17,1231.0,3,4451.01,6045.23,17,"16457.04,1163.00,2771.00,633.00,1231.00",0
203,T203-18,3086.35,20,1776.87,968.12,18,"1163.00,2771.00,633.00,1231.00,3086.35",0
203,T203-19,2754.0,11,2095.07,975.5,19,"2771.00,633.00,1231.00,3086.35,2754.00",0
203,T203-20,2791.0,7,2099.07,978.3,20,"633.00,1231.00,3086.35,2754.00,2791.00",0
203,T203-21,2308.0,14,2434.07,650.92,21,"1231.00,3086.35,2754.00,2791.00,2308.00",0
203,T203-22,2743.0,15,2736.47,248.73,22,"3086.35,2754.00,2791.00,2308.00,2743.00",0
203,T203-23,814.0,22,2282.0,754.99,23,"2754.00,2791.00,2308.00,2743.00,814.00",0
203,T203-24,2567.0,23,2244.6,735.06,24,"2791.00,2308.00,2743.00,814.00,2567.00",0
203,T203-25,3124.0,10,2311.2,794.25,25,"2308.00,2743.00,814.00,2567.00,3124.00",0
203,T203-26,14241.58,15,4697.92,4837.48,26,"2743.00,814.00,2567.00,3124.00,14241.58",1
203,T203-27,1296.0,7,4408.52,4986.76,27,"814.00,2567.00,3124.00,14241.58,1296.00",0
204,T204-1,2200.0,17,2200.0,0.0,1,2200.00,0
204,T204-2,1834.0,3,2017.0,183.0,2,"2200.00,1834.00",0
204,T204-3,3049.0,12,2361.0,508.92,3,"2200.00,1834.00,3049.00",0
204,T204-4,1235.0,17,2079.5,657.25,4,"2200.00,1834.00,3049.00,1235.00",0
204,T204-5,540.0,4,1771.6,851.35,5,"2200.00,1834.00,3049.00,1235.00,540.00",0
204,T204-6,681.0,17,1467.8,913.06,6,"1834.00,3049.00,1235.00,540.00,681.00",0
204,T204-7,2866.0,1,1674.2,1074.82,7,"3049.00,1235.00,540.00,681.00,2866.00",0
204,T204-8,1974.0,15,1459.2,865.44,8,"1235.00,540.00,681.00,2866.00,1974.00",0
204,T204-9,1601.0,21,1532.4,858.83,9,"540.00,681.00,2866.00,1974.00,1601.00",0
204,T204-10,11744.24,17,3773.25,4046.67,10,"681.00,2866.00,1974.00,1601.00,11744.24",1
204,T204-11,1297.0,20,3896.45,3959.08,11,"2866.00,1974.00,1601.00,11744.24,1297.00",0
204,T204-12,2391.0,2,3801.45,3988.26,12,"1974.00,1601.00,11744.24,1297.00,2391.00",0
204,T204-13,292.0,2,3465.05,4193.85,13,"1601.00,11744.24,1297.00,2391.00,292.00",0
204,T204-14,2887.0,6,3722.25,4110.25,14,"11744.24,1297.00,2391.00,292.00,2887.00",0
204,T204-15,36647.36,12,8702.87,14001.06,15,"1297.00,2391.00,292.00,2887.00,36647.36",1
204,T204-16,14969.8,2,11437.43,13617.54,16,"2391.00,292.00,2887.00,36647.36,14969.80",0
204,T204-17,1213.0,11,11201.83,13781.22,17,"292.00,2887.00,36647.36,14969.80,1213.00",0
205,T205-1,2563.0,20,2563.0,0.0,1,2563.00,0
205,T205-2,2282.0,7,2422.5,140.5,2,"2563.00,2282.00",0
205,T205-3,2788.0,11,2544.33,206.99,3,"2563.00,2282.00,2788.00",0
205,T205-4,2563.0,9,2549.0,179.44,4,"2563.00,2282.00,2788.00,2563.00",0
205,T205-5,3233.0,2,2685.8,317.2,5,"2563.00,2282.00,2788.00,2563.00,3233.00",0
205,T205-6,2714.0,11,2716.0,311.2,6,"2282.00,2788.00,2563.00,3233.00,2714.00",0
205,T205-7,434.0,7,2346.4,981.87,7,"2788.00,2563.00,3233.00,2714.00,434.00",0
205,T205-8,16972.06,3,5183.21,5971.56,8,"2563.00,3233.00,2714.00,434.00,16972.06",1
205,T205-9,1971.0,2,5064.81,6027.94,9,"3233.00,2714.00,434.00,16972.06,1971.00",0
205,T205-10,403.63,10,4498.94,6300.01,10,"2714.00,434.00,16972.06,1971.00,403.63",0
205,T205-11,1926.0,7,4341.34,6352.33,11,"434.00,16972.06,1971.00,403.63,1926.00",0
205,T205-12,134943.33,23,31243.21,52201.19,12,"16972.06,1971.00,403.63,1926.00,134943.33",1
205,T205-13,10014.45,5,29851.68,52653.84,13,"1971.00,403.63,1926.00,134943.33,10014.45",0
205,T205-14,2571.0,21,29971.68,52590.81,14,"403.63,1926.00,134943.33,10014.45,2571.00",0
205,T205-15,14482.71,18,32787.5,51293.2,15,"1926.00,134943.33,10014.45,2571.00,14482.71",0
205,T205-16,5491.85,2,33500.67,50882.29,16,"134943.33,10014.45,2571.00,14482.71,5491.85",0
205,T205-17,2650.0,10,7042.0,4601.78,17,"10014.45,2571.00,14482.71,5491.85,2650.00",0
205,T205-18,2216.0,14,5482.31,4651.32,18,"2571.00,14482.71,5491.85,2650.00,2216.00",0
205,T205-19,3294.0,10,5626.91,4569.08,19,"14482.71,5491.85,2650.00,2216.00,3294.00",0
206,T206-1,3082.0,21,3082.0,0.0,1,3082.00,0
206,T206-2,631.0,6,1856.5,1225.5,2,"3082.00,631.00",0
206,T206-3,2344.0,21,2019.0,1026.67,3,"3082.00,631.00,2344.00",0
206,T206-4,1864.0,19,1980.25,891.65,4,"3082.00,631.00,2344.00,1864.00",0
206,T206-5,14172.73,21,4418.75,4941.77,5,"3082.00,631.00,2344.00,1864.00,14172.73",0
206,T206-6,3111.0,12,4424.55,4940.21,6,"631.00,2344.00,1864.00,14172.73,3111.00",0
206,T206-7,16731.31,4,7644.61,6438.17,7,"2344.00,1864.00,14172.73,3111.00,16731.31",1
206,T206-8,2605.0,4,7696.81,6395.9,8,"1864.00,14172.73,3111.00,16731.31,2605.00",0
206,T206-9,1665.0,10,7657.01,6432.59,9,"14172.73,3111.00,16731.31,2605.00,1665.00",0
206,T206-10,989.0,18,5020.26,5901.46,10,"3111.00,16731.31,2605.00,1665.00,989.00",0
206,T206-11,2965.0,13,4991.06,5911.19,11,"16731.31,2605.00,1665.00,989.00,2965.00",0
206,T206-12,1852.0,2,2015.2,700.33,12,"2605.00,1665.00,989.00,2965.00,1852.00",0
206,T206-13,334.0,11,1561.0,883.11,13,"1665.00,989.00,2965.00,1852.00,334.00",0
206,T206-14,2048.0,21,1637.6,905.15,14,"989.00,2965.00,1852.00,334.00,2048.00",0
206,T206-15,18824.05,11,5204.61,6861.95,15,"2965.00,1852.00,334.00,2048.00,18824.05",1
206,T206-16,1303.0,1,4872.21,7001.23,16,"1852.00,334.00,2048.00,18824.05,1303.00",0
206,T206-17,2435.0,14,4988.81,6954.66,17,"334.00,2048.00,18824.05,1303.00,2435.00",1
206,T206-18,20706.68,13,9063.35,8765.97,18,"2048.00,18824.05,1303.00,2435.00,20706.68",1
206,T206-19,5305.22,20,9714.79,8330.64,19,"18824.05,1303.00,2435.00,20706.68,5305.22",0
206,T206-20,526.0,22,6055.18,7503.19,20,"1303.00,2435.00,20706.68,5305.22,526.00",0
206,T206-21,1768.0,14,6148.18,7446.38,21,"2435.00,20706.68,5305.22,526.00,1768.00",0
206,T206-22,1370.0,18,5935.18,7563.85,22,"20706.68,5305.22,526.00,1768.00,1370.00",0
206,T206-23,361.0,21,1866.04,1796.91,23,"5305.22,526.00,1768.00,1370.00,361.00",0
206,T206-24,458.0,5,896.6,565.69,24,"526.00,1768.00,1370.00,361.00,458.00",0
206,T206-25,3250.97,7,1441.59,1050.78,25,"1768.00,1370.00,361.00,458.00,3250.97",0
206,T206-26,12411.92,8,3570.38,4541.0,26,"1370.00,361.00,458.00,3250.97,12411.92",1
206,T206-27,2752.0,5,3846.78,4439.59,27,"361.00,458.00,3250.97,12411.92,2752.00",0
207,T207-1,2151.0,21,2151.0,0.0,1,2151.00,0
207,T207-2,2445.0,10,2298.0,147.0,2,"2151.00,2445.00",0
207,T207-3,3012.0,18,2536.0,357.34,3,"2151.00,2445.00,3012.00",0
207,T207-4,2209.0,18,2454.25,340.32,4,"2151.00,2445.00,3012.00,2209.00",0
207,T207-5,961.0,7,2155.6,670.39,5,"2151.00,2445.00,3012.00,2209.00,961.00",0
207,T207-6,2455.0,13,2216.4,680.92,6,"2445.00,3012.00,2209.00,961.00,2455.00",0
207,T207-7,21524.72,5,6032.34,7775.22,7,"3012.00,2209.00,961.00,2455.00,21524.72",1
207,T207-8,1149.0,23,5659.74,7953.62,8,"2209.00,961.00,2455.00,21524.72,1149.00",0
207,T207-9,2081.0,15,5634.14,7964.88,9,"961.00,2455.00,21524.72,1149.00,2081.00",0
207,T207-10,107358.99,13,26913.74,40937.02,10,"2455.00,21524.72,1149.00,2081.00,107358.99",1
207,T207-11,2816.76,6,26986.09,40894.02,11,"21524.72,1149.00,2081.00,107358.99,2816.76",0
207,T207-12,2898.0,10,23260.75,42053.83,12,"1149.00,2081.00,107358.99,2816.76,2898.00",0
207,T207-13,9261.78,4,24883.31,41319.49,13,"2081.00,107358.99,2816.76,2898.00,9261.78",0
207,T207-14,722.74,23,24611.65,41472.69,14,"107358.99,2816.76,2898.00,9261.78,722.74",0
207,T207-15,6053.14,17,4350.48,2988.06,15,"2816.76,2898.00,9261.78,722.74,6053.14",0
207,T207-16,10085.36,16,5804.2,3594.78,16,"2898.00,9261.78,722.74,6053.14,10085.36",1
207,T207-17,1017.0,14,5428.0,3959.19,17,"9261.78,722.74,6053.14,10085.36,1017.00",0
207,T207-18,253.0,9,3626.25,3852.98,18,"722.74,6053.14,10085.36,1017.00,253.00",0
207,T207-19,2889.0,4,4059.5,3616.68,19,"6053.14,10085.36,1017.00,253.00,2889.00",0
207,T207-20,1434.0,9,3135.67,3579.2,20,"10085.36,1017.00,253.00,2889.00,1434.00",0
207,T207-21,1724.0,10,1463.4,867.81,21,"1017.00,253.00,2889.00,1434.00,1724.00",0
207,T207-22,7806.8,14,2821.36,2630.0,22,"253.00,2889.00,1434.00,1724.00,7806.80",1
207,T207-23,148924.16,1,32555.59,58229.53,23,"2889.00,1434.00,1724.00,7806.80,148924.16",1
207,T207-24,858.0,18,32149.39,58441.76,24,"1434.00,1724.00,7806.80,148924.16,858.00",0
207,T207-25,747.0,10,32011.99,58514.58,25,"1724.00,7806.80,148924.16,858.00,747.00",0
208,T208-1,1312.0,19,1312.0,0.0,1,1312.00,0
208,T208-2,755.0,18,1033.5,278.5,2,"1312.00,755.00",0
208,T208-3,510.0,10,859.0,335.57,3,"1312.00,755.00,510.00",0
208,T208-4,3316.0,17,1473.25,1102.89,4,"1312.00,755.00,510.00,3316.00",0
208,T208-5,3067.0,4,1792.0,1174.52,5,"1312.00,755.00,510.00,3316.00,3067.00",0
208,T208-6,2403.0,6,2010.2,1166.39,6,"755.00,510.00,3316.00,3067.00,2403.00",0
208,T208-7,3105.0,1,2480.2,1031.59,7,"510.00,3316.00,3067.00,2403.00,3105.00",0
208,T208-8,3424.0,18,3063.0,355.45,8,"3316.00,3067.00,2403.00,3105.00,3424.00",0
208,T208-9,831.0,17,2566.0,928.92,9,"3067.00,2403.00,3105.00,3424.00,831.00",0
208,T208-10,2887.0,2,2530.0,912.14,10,"2403.00,3105.00,3424.00,831.00,2887.00",0
208,T208-11,8004.06,21,3650.21,2359.44,11,"3105.00,3424.00,831.00,2887.00,8004.06",1
208,T208-12,1246.0,22,3278.41,2554.47,12,"3424.00,831.00,2887.00,8004.06,1246.00",0
208,T208-13,2539.0,20,3101.41,2568.87,13,"831.00,2887.00,8004.06,1246.00,2539.00",0
208,T208-14,6778.05,21,4290.82,2618.59,14,"2887.00,8004.06,1246.00,2539.00,6778.05",0
208,T208-15,280.0,20,3769.42,3067.3,15,"8004.06,1246.00,2539.00,6778.05,280.00",0
208,T208-16,2632.0,20,2695.01,2219.52,16,"1246.00,2539.00,6778.05,280.00,2632.00",0
208,T208-17,2170.0,19,2879.81,2127.75,17,"2539.00,6778.05,280.00,2632.00,2170.00",0
208,T208-18,1074.0,22,2586.81,2251.77,18,"6778.05,280.00,2632.00,2170.00,1074.00",0
208,T208-19,734.0,7,1378.0,884.59,19,"280.00,2632.00,2170.00,1074.00,734.00",0
209,T209-1,3143.0,7,3143.0,0.0,1,3143.00,0
209,T209-2,3045.0,17,3094.0,49.0,2,"3143.00,3045.00",0
209,T209-3,1313.0,2,2500.33,840.52,3,"3143.00,3045.00,1313.00",0
209,T209-4,3169.0,6,2667.5,783.39,4,"3143.00,3045.00,1313.00,3169.00",0
209,T209-5,2394.0,9,2612.8,709.17,5,"3143.00,3045.00,1313.00,3169.00,2394.00",0
209,T209-6,1001.0,7,2184.4,884.73,6,"3045.00,1313.00,3169.00,2394.00,1001.00",0
209,T209-7,2119.0,23,1999.2,775.36,7,"1313.00,3169.00,2394.00,1001.00,2119.00",0
209,T209-8,8959.65,17,3528.53,2803.16,8,"3169.00,2394.00,1001.00,2119.00,8959.65",1
209,T209-9,336.0,7,2961.93,3090.19,9,"2394.00,1001.00,2119.00,8959.65,336.00",0
209,T209-10,14140.31,4,5311.19,5381.17,10,"1001.00,2119.00,8959.65,336.00,14140.31",1
209,T209-11,12008.25,10,7512.64,5418.96,11,"2119.00,8959.65,336.00,14140.31,12008.25",0
209,T209-12,2991.0,1,7687.04,5254.1,12,"8959.65,336.00,14140.31,12008.25,2991.00",0
209,T209-13,3026.0,23,6500.31,5497.12,13,"336.00,14140.31,12008.25,2991.00,3026.00",0
209,T209-14,11008.87,19,8634.89,4704.0,14,"14140.31,12008.25,2991.00,3026.00,11008.87",0
209,T209-15,741.0,20,5955.02,4620.25,15,"12008.25,2991.00,3026.00,11008.87,741.00",0
209,T209-16,136159.28,22,30785.23,52802.55,16,"2991.00,3026.00,11008.87,741.00,136159.28",1
209,T209-17,732.0,2,30333.43,53047.53,17,"3026.00,11008.87,741.00,136159.28,732.00",0
209,T209-18,2037.0,19,30135.63,53150.73,18,"11008.87,741.00,136159.28,732.00,2037.00",0
209,T209-19,1378.0,15,28209.46,53977.06,19,"741.00,136159.28,732.00,2037.00,1378.00",0
209,T209-20,1214.0,2,28304.06,53929.23,20,"136159.28,732.00,2037.00,1378.00,1214.00",0
209,T209-21,764.0,19,1225.0,477.17,21,"732.00,2037.00,1378.00,1214.00,764.00",0
209,T209-22,862.0,22,1251.0,452.5,22,"2037.00,1378.00,1214.00,764.00,862.00",0
209,T209-23,2534.0,4,1350.4,632.88,23,"1378.00,1214.00,764.00,862.00,2534.00",0
209,T209-24,2269.0,16,1528.6,733.07,24,"1214.00,764.00,862.00,2534.00,2269.00",1
209,T209-25,1582.0,21,1602.2,716.07,25,"764.00,862.00,2534.00,2269.00,1582.00",0
209,T209-26,1705.0,21,1790.4,582.18,26,"862.00,2534.00,2269.00,1582.00,1705.00",0
209,T209-27,25215.45,1,6661.09,9283.83,27,"2534.00,2269.00,1582.00,1705.00,25215.45",1
210,T210-1,2572.0,22,2572.0,0.0,1,2572.00,0
210,T210-2,1178.0,10,1875.0,697.0,2,"2572.00,1178.00",0
210,T210-3,580.0,13,1443.33,834.59,3,"2572.00,1178.00,580.00",0
210,T210-4,1074.0,19,1351.0,740.26,4,"2572.00,1178.00,580.00,1074.00",0
210,T210-5,2132.0,13,1507.2,732.11,5,"2572.00,1178.00,580.00,1074.00,2132.00",0
210,T210-6,2887.0,4,1570.2,828.26,6,"1178.00,580.00,1074.00,2132.00,2887.00",0
210,T210-7,2479.0,1,1830.4,867.6,7,"580.00,1074.00,2132.00,2887.00,2479.00",0
210,T210-8,3047.93,13,2323.99,702.06,8,"1074.00,2132.00,2887.00,2479.00,3047.93",0
210,T210-9,14672.1,13,5043.61,4824.86,9,"2132.00,2887.00,2479.00,3047.93,14672.10",1
210,T210-10,12998.25,8,7216.86,5432.87,10,"2887.00,2479.00,3047.93,14672.10,12998.25",0
210,T210-11,13756.82,22,9390.82,5440.09,11,"2479.00,3047.93,14672.10,12998.25,13756.82",0
210,T210-12,2022.0,14,9299.42,5558.01,12,"3047.93,14672.10,12998.25,13756.82,2022.00",0
210,T210-13,2441.51,15,9178.14,5697.96,13,"14672.10,12998.25,13756.82,2022.00,2441.51",0
211,T211-1,1378.0,11,1378.0,0.0,1,1378.00,0
211,T211-2,804.0,1,1091.0,287.0,2,"1378.00,804.00",0
211,T211-3,2329.0,7,1503.67,628.89,3,"1378.00,804.00,2329.00",0
211,T211-4,2387.0,17,1724.5,665.53,4,"1378.00,804.00,2329.00,2387.00",0
211,T211-5,2398.0,20,1859.2,653.39,5,"1378.00,804.00,2329.00,2387.00,2398.00",0
211,T211-6,336.0,12,1650.8,895.1,6,"804.00,2329.00,2387.00,2398.00,336.00",0
211,T211-7,292.0,3,1548.4,1008.25,7,"2329.00,2387.00,2398.00,336.00,292.00",0
211,T211-8,2837.0,13,1650.0,1102.94,8,"2387.00,2398.00,336.00,292.00,2837.00",0
211,T211-9,11438.29,22,3460.26,4122.25,9,"2398.00,336.00,292.00,2837.00,11438.29",1
211,T211-10,2787.88,12,3538.23,4105.07,10,"336.00,292.00,2837.00,11438.29,2787.88",0
211,T211-11,2137.0,10,3898.43,3881.19,11,"292.00,2837.00,11438.29,2787.88,2137.00",0
211,T211-12,653.0,20,3970.63,3816.25,12,"2837.00,11438.29,2787.88,2137.00,653.00",0
211,T211-13,2242.0,7,3851.63,3858.78,13,"11438.29,2787.88,2137.00,653.00,2242.00",0
211,T211-14,2313.0,8,2026.58,722.07,14,"2787.88,2137.00,653.00,2242.00,2313.00",0
212,T212-1,934.0,5,934.0,0.0,1,934.00,0
212,T212-2,267.0,16,600.5,333.5,2,"934.00,267.00",0
212,T212-3,1570.0,10,923.67,532.0,3,"934.00,267.00,1570.00",0
212,T212-4,1143.0,18,978.5,470.41,4,"934.00,267.00,1570.00,1143.00",0
212,T212-5,12878.94,12,3358.59,4778.74,5,"934.00,267.00,1570.00,1143.00,12878.94",0
212,T212-6,3491.0,12,3869.99,4626.29,6,"267.00,1570.00,1143.00,12878.94,3491.00",0
212,T212-7,2462.0,7,4308.99,4360.05,7,"1570.00,1143.00,12878.94,3491.00,2462.00",0
212,T212-8,1587.0,15,4312.39,4357.92,8,"1143.00,12878.94,3491.00,2462.00,1587.00",0
212,T212-9,3181.0,0,4719.99,4131.87,9,"12878.94,3491.00,2462.00,1587.00,3181.00",0
212,T212-10,1388.0,17,2421.8,835.08,10,"3491.00,2462.00,1587.00,3181.00,1388.00",0
212,T212-11,198.0,2,1763.2,1011.94,11,"2462.00,1587.00,3181.00,1388.00,198.00",0
212,T212-12,354.0,19,1341.6,1070.41,12,"1587.00,3181.00,1388.00,198.00,354.00",0
212,T212-13,6601.89,18,2344.58,2379.48,13,"3181.00,1388.00,198.00,354.00,6601.89",0
212,T212-14,807.0,1,1869.78,2401.95,14,"1388.00,198.00,354.00,6601.89,807.00",0
212,T212-15,2940.0,4,2180.18,2419.85,15,"198.00,354.00,6601.89,807.00,2940.00",0
212,T212-16,3914.83,6,2923.54,2262.54,16,"354.00,6601.89,807.00,2940.00,3914.83",0
212,T212-17,12970.4,0,5446.82,4197.56,17,"6601.89,807.00,2940.00,3914.83,12970.40",1
212,T212-18,319.0,1,4190.25,4586.13,18,"807.00,2940.00,3914.83,12970.40,319.00",0
212,T212-19,1075.0,4,4243.85,4547.68,19,"2940.00,3914.83,12970.40,319.00,1075.00",0
212,T212-20,23533.32,19,8362.51,8820.13,20,"3914.83,12970.40,319.00,1075.00,23533.32",1
212,T212-21,9807.24,5,9540.99,8536.22,21,"12970.40,319.00,1075.00,23533.32,9807.24",0
212,T212-22,1696.0,9,7286.11,8816.98,22,"319.00,1075.00,23533.32,9807.24,1696.00",0
212,T212-23,269.0,12,7276.11,8824.9,23,"1075.00,23533.32,9807.24,1696.00,269.00",0
212,T212-24,21829.13,4,11426.94,9763.04,24,"23533.32,9807.24,1696.00,269.00,21829.13",1
213,T213-1,2862.0,5,2862.0,0.0,1,2862.00,0
213,T213-2,894.0,12,1878.0,984.0,2,"2862.00,894.00",0
213,T213-3,1485.0,15,1747.0,824.52,3,"2862.00,894.00,1485.00",0
213,T213-4,2288.0,7,1882.25,751.5,4,"2862.00,894.00,1485.00,2288.00",0
213,T213-5,2153.0,9,1936.4,680.83,5,"2862.00,894.00,1485.00,2288.00,2153.00",0
213,T213-6,2617.0,11,1887.4,618.4,6,"894.00,1485.00,2288.00,2153.00,2617.00",0
213,T213-7,11808.92,22,4070.38,3886.77,7,"1485.00,2288.00,2153.00,2617.00,11808.92",1
213,T213-8,2578.0,23,4288.98,3764.01,8,"2288.00,2153.00,2617.00,11808.92,2578.00",0
213,T213-9,3251.0,7,4481.58,3680.4,9,"2153.00,2617.00,11808.92,2578.00,3251.00",0
213,T213-10,2084.0,10,4467.78,3689.23,10,"2617.00,11808.92,2578.00,3251.00,2084.00",0
213,T213-11,163.0,5,3976.98,4048.54,11,"11808.92,2578.00,3251.00,2084.00,163.00",0
213,T213-12,16007.94,1,4816.79,5689.14,12,"2578.00,3251.00,2084.00,163.00,16007.94",1
213,T213-13,850.0,23,4471.19,5864.43,13,"3251.00,2084.00,163.00,16007.94,850.00",0
213,T213-14,1882.0,6,4197.39,5946.39,14,"2084.00,163.00,16007.94,850.00,1882.00",0
213,T213-15,1694.0,23,4119.39,5976.09,15,"163.00,16007.94,850.00,1882.00,1694.00",0
213,T213-16,3145.0,23,4715.79,5693.61,16,"16007.94,850.00,1882.00,1694.00,3145.00",0
213,T213-17,167.0,21,1547.6,1007.73,17,"850.00,1882.00,1694.00,3145.00,167.00",0
213,T213-18,2965.0,0,1970.6,1068.21,18,"1882.00,1694.00,3145.00,167.00,2965.00",0
213,T213-19,2437.0,20,2081.6,1081.98,19,"1694.00,3145.00,167.00,2965.00,2437.00",0
213,T213-20,1145.0,19,1971.8,1141.94,20,"3145.00,167.00,2965.00,2437.00,1145.00",0
213,T213-21,3303.0,23,2003.4,1175.66,21,"167.00,2965.00,2437.00,1145.00,3303.00",0
214,T214-1,2416.0,0,2416.0,0.0,1,2416.00,0
214,T214-2,1945.0,20,2180.5,235.5,2,"2416.00,1945.00",0
214,T214-3,514.0,6,1625.0,808.79,3,"2416.00,1945.00,514.00",0
214,T214-4,197.0,19,1268.0,934.32,4,"2416.00,1945.00,514.00,197.00",0
214,T214-5,2444.0,13,1503.2,958.98,5,"2416.00,1945.00,514.00,197.00,2444.00",0
214,T214-6,9648.41,14,2949.68,3453.92,6,"1945.00,514.00,197.00,2444.00,9648.41",1
214,T214-7,1037.0,6,2768.08,3525.11,7,"514.00,197.00,2444.00,9648.41,1037.00",0
214,T214-8,1179.0,22,2901.08,3449.28,8,"197.00,2444.00,9648.41,1037.00,1179.00",0
214,T214-9,3471.0,6,3555.88,3173.54,9,"2444.00,9648.41,1037.00,1179.00,3471.00",0
214,T214-10,2145.0,16,3496.08,3196.66,10,"9648.41,1037.00,1179.00,3471.00,2145.00",0
214,T214-11,2537.0,4,2073.8,899.71,11,"1037.00,1179.00,3471.00,2145.00,2537.00",0
214,T214-12,2419.0,17,2350.2,736.16,12,"1179.00,3471.00,2145.00,2537.00,2419.00",0
214,T214-13,1028.0,3,2320.0,785.06,13,"3471.00,2145.00,2537.00,2419.00,1028.00",0
214,T214-14,565.0,0,1738.8,793.45,14,"2145.00,2537.00,2419.00,1028.00,565.00",0
214,T214-15,896.0,0,1489.0,822.33,15,"2537.00,2419.00,1028.00,565.00,896.00",0
214,T214-16,10034.5,17,2988.5,3579.55,16,"2419.00,1028.00,565.00,896.00,10034.50",1
214,T214-17,3315.0,15,3167.7,3568.97,17,"1028.00,565.00,896.00,10034.50,3315.00",0
214,T214-18,494.0,9,3060.9,3638.71,18,"565.00,896.00,10034.50,3315.00,494.00",0
214,T214-19,3346.0,14,3617.1,3420.7,19,"896.00,10034.50,3315.00,494.00,3346.00",0
214,T214-20,1683.0,6,3774.5,3308.12,20,"10034.50,3315.00,494.00,3346.00,1683.00",0
214,T214-21,2607.0,11,2289.0,1082.62,21,"3315.00,494.00,3346.00,1683.00,2607.00",0
214,T214-22,2009.0,15,2027.8,953.41,22,"494.00,3346.00,1683.00,2607.00,2009.00",0
214,T214-23,2662.0,22,2461.4,575.24,23,"3346.00,1683.00,2607.00,2009.00,2662.00",0
214,T214-24,3085.0,11,2409.2,499.45,24,"1683.00,2607.00,2009.00,2662.00,3085.00",0
214,T214-25,9417.18,1,3956.04,2752.02,25,"2607.00,2009.00,2662.00,3085.00,9417.18",1
214,T214-26,2595.88,1,3953.81,2753.12,26,"2009.00,2662.00,3085.00,9417.18,2595.88",0
214,T214-27,2342.0,15,4020.41,2708.94,27,"2662.00,3085.00,9417.18,2595.88,2342.00",0
215,T215-1,1219.0,10,1219.0,0.0,1,1219.00,0
215,T215-2,520.0,7,869.5,349.5,2,"1219.00,520.00",0
215,T215-3,474.0,0,737.67,340.87,3,"1219.00,520.00,474.00",0
215,T215-4,2115.0,1,1082.0,665.46,4,"1219.00,520.00,474.00,2115.00",0
215,T215-5,487.0,2,963.0,641.03,5,"1219.00,520.00,474.00,2115.00,487.00",0
215,T215-6,2186.0,8,1156.4,812.13,6,"520.00,474.00,2115.00,487.00,2186.00",0
215,T215-7,18075.48,3,4667.5,6745.5,7,"474.00,2115.00,487.00,2186.00,18075.48",1
215,T215-8,1149.0,11,4802.5,6666.52,8,"2115.00,487.00,2186.00,18075.48,1149.00",0
215,T215-9,7118.96,0,5803.29,6562.74,9,"487.00,2186.00,18075.48,1149.00,7118.96",0
215,T215-10,22932.59,13,10292.41,8714.78,10,"2186.00,18075.48,1149.00,7118.96,22932.59",1
215,T215-11,9225.19,21,11700.24,7813.48,11,"18075.48,1149.00,7118.96,22932.59,9225.19",0
215,T215-12,3493.0,6,8783.75,7608.38,12,"1149.00,7118.96,22932.59,9225.19,3493.00",0
215,T215-13,2062.0,14,8966.35,7431.87,13,"7118.96,22932.59,9225.19,3493.00,2062.00",0
215,T215-14,444.0,7,7631.36,8203.29,14,"22932.59,9225.19,3493.00,2062.00,444.00",0
216,T216-1,2625.0,16,2625.0,0.0,1,2625.00,0
216,T216-2,306.0,19,1465.5,1159.5,2,"2625.00,306.00",0
216,T216-3,1656.0,6,1529.0,950.98,3,"2625.00,306.00,1656.00",0
216,T216-4,550.0,22,1284.25,926.27,4,"2625.00,306.00,1656.00,550.00",0
216,T216-5,3175.0,22,1662.4,1121.77,5,"2625.00,306.00,1656.00,550.00,3175.00",0
216,T216-6,11364.93,12,3410.39,4104.32,6,"306.00,1656.00,550.00,3175.00,11364.93",1
216,T216-7,3014.0,22,3951.99,3828.32,7,"1656.00,550.00,3175.00,11364.93,3014.00",0
216,T216-8,1452.0,12,3911.19,3853.58,8,"550.00,3175.00,11364.93,3014.00,1452.00",0
216,T216-9,3391.0,8,4479.39,3510.24,9,"3175.00,11364.93,3014.00,1452.00,3391.00",0
216,T216-10,2403.0,9,4324.99,3580.5,10,"11364.93,3014.00,1452.00,3391.00,2403.00",0
216,T216-11,1515.0,13,2355.0,778.57,11,"3014.00,1452.00,3391.00,2403.00,1515.00",0
216,T216-12,17401.96,23,5232.59,6125.44,12,"1452.00,3391.00,2403.00,1515.00,17401.96",1
216,T216-13,1626.0,22,5267.39,6104.32,13,"3391.00,2403.00,1515.00,17401.96,1626.00",0
216,T216-14,13546.45,12,7298.48,6792.77,14,"2403.00,1515.00,17401.96,1626.00,13546.45",0
216,T216-15,3084.0,6,7434.68,6699.43,15,"1515.00,17401.96,1626.00,13546.45,3084.00",0
216,T216-16,10955.4,23,9322.76,6065.32,16,"17401.96,1626.00,13546.45,3084.00,10955.40",0
216,T216-17,735.0,5,5989.37,5231.81,17,"1626.00,13546.45,3084.00,10955.40,735.00",0
216,T216-18,876.7,15,5839.51,5363.72,18,"13546.45,3084.00,10955.40,735.00,876.70",0
216,T216-19,809.19,12,3292.06,3932.1,19,"3084.00,10955.40,735.00,876.70,809.19",0
216,T216-20,10718.47,0,4818.95,4914.44,20,"10955.40,735.00,876.70,809.19,10718.47",1
216,T216-21,2001.0,15,3028.07,3873.17,21,"735.00,876.70,809.19,10718.47,2001.00",0
216,T216-22,3499.0,0,3580.87,3699.8,22,"876.70,809.19,10718.47,2001.00,3499.00",0
217,T217-1,1892.0,6,1892.0,0.0,1,1892.00,0
217,T217-2,2040.0,15,1966.0,74.0,2,"1892.00,2040.00",0
217,T217-3,1509.0,16,1813.67,223.74,3,"1892.00,2040.00,1509.00",0
217,T217-4,256.0,6,1424.25,701.77,4,"1892.00,2040.00,1509.00,256.00",0
217,T217-5,2663.0,3,1672.0,799.69,5,"1892.00,2040.00,1509.00,256.00,2663.00",0
217,T217-6,849.0,4,1463.4,849.58,6,"2040.00,1509.00,256.00,2663.00,849.00",0
217,T217-7,1512.0,15,1357.8,802.87,7,"1509.00,256.00,2663.00,849.00,1512.00",0
217,T217-8,1988.0,11,1453.6,842.78,8,"256.00,2663.00,849.00,1512.00,1988.00",0
217,T217-9,1238.0,10,1650.0,627.82,9,"2663.00,849.00,1512.00,1988.00,1238.00",0
217,T217-10,3103.0,1,1738.0,776.8,10,"849.00,1512.00,1988.00,1238.00,3103.00",0
217,T217-11,970.0,11,1762.2,750.16,11,"1512.00,1988.00,1238.00,3103.00,970.00",0
217,T217-12,15439.27,3,4547.65,5495.81,12,"1988.00,1238.00,3103.00,970.00,15439.27",1
217,T217-13,631.0,13,4276.25,5646.94,13,"1238.00,3103.00,970.00,15439.27,631.00",0
217,T217-14,717.0,19,4172.05,5706.53,14,"3103.00,970.00,15439.27,631.00,717.00",0
217,T217-15,6629.84,21,4877.42,5748.61,15,"970.00,15439.27,631.00,717.00,6629.84",0
217,T217-16,2427.0,8,5168.82,5577.54,16,"15439.27,631.00,717.00,6629.84,2427.00",0
217,T217-17,3179.0,6,2716.77,2189.03,17,"631.00,717.00,6629.84,2427.00,3179.00",0
217,T217-18,2473.0,5,3085.17,1948.83,18,"717.00,6629.84,2427.00,3179.00,2473.00",0
217,T217-19,16243.28,5,6190.42,5259.36,19,"6629.84,2427.00,3179.00,2473.00,16243.28",1
217,T217-20,43920.03,20,13648.46,16022.0,20,"2427.00,3179.00,2473.00,16243.28,43920.03",1
217,T217-21,2604.0,0,13683.86,15997.34,21,"3179.00,2473.00,16243.28,43920.03,2604.00",1
217,T217-22,9879.2,21,15023.9,15327.88,22,"2473.00,16243.28,43920.03,2604.00,9879.20",0
217,T217-23,1004.0,16,14730.1,15577.68,23,"16243.28,43920.03,2604.00,9879.20,1004.00",0
217,T217-24,1618.0,21,11805.04,16371.8,24,"43920.03,2604.00,9879.20,1004.00,1618.00",0
217,T217-25,18868.27,9,6794.69,6829.02,25,"2604.00,9879.20,1004.00,1618.00,18868.27",1
218,T218-1,1227.0,22,1227.0,0.0,1,1227.00,0
218,T218-2,923.0,19,1075.0,152.0,2,"1227.00,923.00",0
218,T218-3,3426.0,2,1858.67,1115.2,3,"1227.00,923.00,3426.00",0
218,T218-4,390.0,23,1491.5,1156.37,4,"1227.00,923.00,3426.00,390.00",0
218,T218-5,951.0,0,1383.4,1056.64,5,"1227.00,923.00,3426.00,390.00,951.00",0
218,T218-6,2368.0,10,1611.6,1119.56,6,"923.00,3426.00,390.00,951.00,2368.00",0
218,T218-7,17093.07,7,4845.61,6215.7,7,"3426.00,390.00,951.00,2368.00,17093.07",1
218,T218-8,22556.77,16,8671.77,9291.36,8,"390.00,951.00,2368.00,17093.07,22556.77",1
218,T218-9,3309.0,18,9255.57,8833.06,9,"951.00,2368.00,17093.07,22556.77,3309.00",0
218,T218-10,1891.0,15,9443.57,8662.66,10,"2368.00,17093.07,22556.77,3309.00,1891.00",0
218,T218-11,5951.92,12,10160.35,8182.51,11,"17093.07,22556.77,3309.00,1891.00,5951.92",0
218,T218-12,2751.0,8,7291.94,7751.96,12,"22556.77,3309.00,1891.00,5951.92,2751.00",0
218,T218-13,2276.0,13,3235.78,1438.57,13,"3309.00,1891.00,5951.92,2751.00,2276.00",0
218,T218-14,10071.76,1,4588.34,3095.98,14,"1891.00,5951.92,2751.00,2276.00,10071.76",1
218,T218-15,10424.92,12,6295.12,3468.43,15,"5951.92,2751.00,2276.00,10071.76,10424.92",1
218,T218-16,558.0,11,5216.34,4174.4,16,"2751.00,2276.00,10071.76,10424.92,558.00",0
218,T218-17,12200.01,6,7106.14,4732.13,17,"2276.00,10071.76,10424.92,558.00,12200.01",0
218,T218-18,1085.0,23,6867.94,4992.1,18,"10071.76,10424.92,558.00,12200.01,1085.00",0
218,T218-19,23656.69,6,9584.92,8476.94,19,"10424.92,558.00,12200.01,1085.00,23656.69",1
218,T218-20,5290.99,17,8558.14,8622.69,20,"558.00,12200.01,1085.00,23656.69,5290.99",0
218,T218-21,19174.36,10,12281.41,8380.24,21,"12200.01,1085.00,23656.69,5290.99,19174.36",0
218,T218-22,1998.0,0,10241.01,9338.82,22,"1085.00,23656.69,5290.99,19174.36,1998.00",0
218,T218-23,5403.23,11,11104.66,8624.5,23,"23656.69,5290.99,19174.36,1998.00,5403.23",0
218,T218-24,1460.0,18,6665.32,6462.77,24,"5290.99,19174.36,1998.00,5403.23,1460.00",0
218,T218-25,581.0,4,5723.32,6921.42,25,"19174.36,1998.00,5403.23,1460.00,581.00",0
218,T218-26,2891.96,17,2466.84,1648.82,26,"1998.00,5403.23,1460.00,581.00,2891.96",0
219,T219-1,1586.0,21,1586.0,0.0,1,1586.00,0
219,T219-2,2617.0,16,2101.5,515.5,2,"1586.00,2617.00",0
219,T219-3,2915.0,10,2372.67,569.41,3,"1586.00,2617.00,2915.00",1
219,T219-4,333.0,22,1862.75,1011.54,4,"1586.00,2617.00,2915.00,333.00",0
219,T219-5,2344.0,21,1959.0,925.0,5,"1586.00,2617.00,2915.00,333.00,2344.00",0
219,T219-6,22023.23,10,6046.45,8039.61,6,"2617.00,2915.00,333.00,2344.00,22023.23",1
219,T219-7,15928.35,12,8708.72,8644.41,7,"2915.00,333.00,2344.00,22023.23,15928.35",0
219,T219-8,1218.0,11,8369.32,8894.9,8,"333.00,2344.00,22023.23,15928.35,1218.00",0
219,T219-9,2212.0,19,8745.12,8581.61,9,"2344.00,22023.23,15928.35,1218.00,2212.00",0
219,T219-10,520.0,23,8380.32,8879.57,10,"22023.23,15928.35,1218.00,2212.00,520.00",0
219,T219-11,13473.61,18,6670.39,6624.6,11,"15928.35,1218.00,2212.00,520.00,13473.61",0
219,T219-12,3326.0,0,4149.92,4756.85,12,"1218.00,2212.00,520.00,13473.61,3326.00",0
219,T219-13,11693.67,2,6245.06,5282.09,13,"2212.00,520.00,13473.61,3326.00,11693.67",0
219,T219-14,790.0,22,5960.66,5524.31,14,"520.00,13473.61,3326.00,11693.67,790.00",0
219,T219-15,1021.0,6,6060.86,5428.43,15,"13473.61,3326.00,11693.67,790.00,1021.00",0
219,T219-16,3169.0,9,3999.93,3987.88,16,"3326.00,11693.67,790.00,1021.00,3169.00",0
220,T220-1,171.0,8,171.0,0.0,1,171.00,0
220,T220-2,555.0,9,363.0,192.0,2,"171.00,555.00",0
220,T220-3,3219.0,15,1315.0,1355.43,3,"171.00,555.00,3219.00",0
220,T220-4,1527.0,11,1368.0,1177.42,4,"171.00,555.00,3219.00,1527.00",0
220,T220-5,2412.0,9,1576.8,1132.89,5,"171.00,555.00,3219.00,1527.00,2412.00",0
220,T220-6,10414.18,22,3625.44,3508.72,6,"555.00,3219.00,1527.00,2412.00,10414.18",1
220,T220-7,3118.0,23,4138.04,3195.99,7,"3219.00,1527.00,2412.00,10414.18,3118.00",0
220,T220-8,21245.72,15,7743.38,7455.3,8,"1527.00,2412.00,10414.18,3118.00,21245.72",1
220,T220-9,3076.0,6,8053.18,7218.98,9,"2412.00,10414.18,3118.00,21245.72,3076.00",0
220,T220-10,13398.55,22,10250.49,6829.02,10,"10414.18,3118.00,21245.72,3076.00,13398.55",0
220,T220-11,2943.0,15,8756.25,7421.41,11,"3118.00,21245.72,3076.00,13398.55,2943.00",0
220,T220-12,12605.72,19,10653.8,6934.14,12,"21245.72,3076.00,13398.55,2943.00,12605.72",0
220,T220-13,2198.0,7,6844.25,5043.02,13,"3076.00,13398.55,2943.00,12605.72,2198.00",0
220,T220-14,1751.0,0,6579.25,5264.04,14,"13398.55,2943.00,12605.72,2198.00,1751.00",0
220,T220-15,1631.0,10,4225.74,4215.17,15,"2943.00,12605.72,2198.00,1751.00,1631.00",0
220,T220-16,19874.81,15,7612.11,7412.81,16,"12605.72,2198.00,1751.00,1631.00,19874.81",1
220,T220-17,92607.86,5,23612.53,35196.65,17,"2198.00,1751.00,1631.00,19874.81,92607.86",1
220,T220-18,2685.0,2,23709.93,35137.88,18,"1751.00,1631.00,19874.81,92607.86,2685.00",0
220,T220-19,411.0,19,23441.93,35309.04,19,"1631.00,19874.81,92607.86,2685.00,411.00",0
220,T220-20,9912.35,15,25098.2,34430.39,20,"19874.81,92607.86,2685.00,411.00,9912.35",0
220,T220-21,2261.0,0,21575.44,35663.6,21,"92607.86,2685.00,411.00,9912.35,2261.00",0
220,T220-22,1061.0,3,3266.07,3421.54,22,"2685.00,411.00,9912.35,2261.00,1061.00",0
220,T220-23,2643.0,16,3257.67,3423.01,23,"411.00,9912.35,2261.00,1061.00,2643.00",1
220,T220-24,2877.0,6,3750.87,3143.56,24,"9912.35,2261.00,1061.00,2643.00,2877.00",0
220,T220-25,341.0,4,1836.6,974.8,25,"2261.00,1061.00,2643.00,2877.00,341.00",0
220,T220-26,582.0,21,1500.8,1056.53,26,"1061.00,2643.00,2877.00,341.00,582.00",0
220,T220-27,1530.0,2,1594.6,1033.9,27,"2643.00,2877.00,341.00,582.00,1530.00",0
221,T221-1,3416.0,6,3416.0,0.0,1,3416.00,0
221,T221-2,2832.0,19,3124.0,292.0,2,"3416.00,2832.00",0
221,T221-3,938.0,1,2395.33,1057.71,3,"3416.00,2832.00,938.00",0
221,T221-4,2213.0,5,2349.75,919.4,4,"3416.00,2832.00,938.00,2213.00",0
221,T221-5,2479.0,11,2375.6,823.96,5,"3416.00,2832.00,938.00,2213.00,2479.00",0
221,T221-6,1946.0,0,2081.6,642.57,6,"2832.00,938.00,2213.00,2479.00,1946.00",0
221,T221-7,103725.06,5,22260.21,40735.77,7,"938.00,2213.00,2479.00,1946.00,103725.06",1
221,T221-8,8506.8,5,23773.97,40050.16,8,"2213.00,2479.00,1946.00,103725.06,8506.80",0
221,T221-9,9527.52,8,25236.88,39363.59,9,"2479.00,1946.00,103725.06,8506.80,9527.52",0
221,T221-10,511.0,15,24843.28,39598.32,10,"1946.00,103725.06,8506.80,9527.52,511.00",0
221,T221-11,3354.0,16,25124.88,39439.17,11,"103725.06,8506.80,9527.52,511.00,3354.00",0
221,T221-12,2363.0,18,4852.46,3535.58,12,"8506.80,9527.52,511.00,3354.00,2363.00",0
221,T221-13,490.0,23,3249.1,3326.4,13,"9527.52,511.00,3354.00,2363.00,490.00",0
221,T221-14,1922.0,14,1728.0,1104.4,14,"511.00,3354.00,2363.00,490.00,1922.00",0
221,T221-15,2556.0,17,2137.0,945.15,15,"3354.00,2363.00,490.00,1922.00,2556.00",0
221,T221-16,160.0,17,1498.2,985.26,16,"2363.00,490.00,1922.00,2556.00,160.00",0
221,T221-17,756.0,16,1176.8,909.96,17,"490.00,1922.00,2556.00,160.00,756.00",0
221,T221-18,3376.0,18,1754.0,1169.54,18,"1922.00,2556.00,160.00,756.00,3376.00",0
221,T221-19,2246.0,21,1818.8,1185.92,19,"2556.00,160.00,756.00,3376.00,2246.00",0
221,T221-20,518.0,16,1411.2,1212.43,20,"160.00,756.00,3376.00,2246.00,518.00",0
221,T221-21,931.0,1,1565.4,1085.92,21,"756.00,3376.00,2246.00,518.00,931.00",0
221,T221-22,3370.0,5,2088.2,1194.23,22,"3376.00,2246.00,518.00,931.00,3370.00",0
222,T222-1,2891.0,15,2891.0,0.0,1,2891.00,0
222,T222-2,955.0,7,1923.0,968.0,2,"2891.00,955.00",0
222,T222-3,2174.0,18,2006.67,799.18,3,"2891.00,955.00,2174.00",0
222,T222-4,1257.0,10,1819.25,764.45,4,"2891.00,955.00,2174.00,1257.00",0
222,T222-5,2019.0,17,1859.2,688.4,5,"2891.00,955.00,2174.00,1257.00,2019.00",0
222,T222-6,1189.0,21,1518.8,484.7,6,"955.00,2174.00,1257.00,2019.00,1189.00",0
222,T222-7,3069.0,10,1941.6,687.91,7,"2174.00,1257.00,2019.00,1189.00,3069.00",0
222,T222-8,1662.0,8,1839.2,683.79,8,"1257.00,2019.00,1189.00,3069.00,1662.00",0
222,T222-9,2594.94,19,2106.79,665.13,9,"2019.00,1189.00,3069.00,1662.00,2594.94",0
222,T222-10,881.0,10,1879.19,830.4,10,"1189.00,3069.00,1662.00,2594.94,881.00",0
222,T222-11,480.0,1,1737.39,982.72,11,"3069.00,1662.00,2594.94,881.00,480.00",0
222,T222-12,3178.0,4,1759.19,1012.77,12,"1662.00,2594.94,881.00,480.00,3178.00",0
222,T222-13,1187.0,18,1664.19,1039.36,13,"2594.94,881.00,480.00,3178.00,1187.00",0
222,T222-14,642.0,15,1273.6,981.54,14,"881.00,480.00,3178.00,1187.00,642.00",0
222,T222-15,1964.04,4,1490.21,990.46,15,"480.00,3178.00,1187.00,642.00,1964.04",0
222,T222-16,1965.0,1,1787.21,856.61,16,"3178.00,1187.00,642.00,1964.04,1965.00",0
222,T222-17,2129.0,11,1577.41,571.2,17,"1187.00,642.00,1964.04,1965.00,2129.00",0
222,T222-18,8003.7,6,2940.75,2587.77,18,"642.00,1964.04,1965.00,2129.00,8003.70",1
222,T222-19,2625.0,21,3337.35,2345.71,19,"1964.04,1965.00,2129.00,8003.70,2625.00",0
222,T222-20,6408.88,22,4226.32,2494.34,20,"1965.00,2129.00,8003.70,2625.00,6408.88",0
222,T222-21,2989.0,22,4431.12,2337.37,21,"2129.00,8003.70,2625.00,6408.88,2989.00",0
222,T222-22,9308.1,0,5866.94,2664.35,22,"8003.70,2625.00,6408.88,2989.00,9308.10",1
222,T222-23,3057.0,21,4877.6,2604.99,23,"2625.00,6408.88,2989.00,9308.10,3057.00",0
222,T222-24,1662.0,0,4685.0,2793.21,24,"6408.88,2989.00,9308.10,3057.00,1662.00",0
223,T223-1,1520.0,1,1520.0,0.0,1,1520.00,0
223,T223-2,3067.0,6,2293.5,773.5,2,"1520.00,3067.00",0
223,T223-3,728.0,21,1771.67,971.33,3,"1520.00,3067.00,728.00",0
223,T223-4,1995.0,22,1827.5,846.74,4,"1520.00,3067.00,728.00,1995.00",0
223,T223-5,817.0,21,1625.4,858.46,5,"1520.00,3067.00,728.00,1995.00,817.00",0
223,T223-6,2633.22,15,1848.04,942.5,6,"3067.00,728.00,1995.00,817.00,2633.22",0
223,T223-7,522.0,14,1339.04,826.88,7,"728.00,1995.00,817.00,2633.22,522.00",0
223,T223-8,1778.0,2,1549.04,776.84,8,"1995.00,817.00,2633.22,522.00,1778.00",0
223,T223-9,3121.0,0,1774.24,1003.6,9,"817.00,2633.22,522.00,1778.00,3121.00",0
223,T223-10,973.0,11,1805.44,975.38,10,"2633.22,522.00,1778.00,3121.00,973.00",0
223,T223-11,396.0,21,1358.0,1005.7,11,"522.00,1778.00,3121.00,973.00,396.00",0
223,T223-12,20205.09,6,5294.62,7511.14,12,"1778.00,3121.00,973.00,396.00,20205.09",1
223,T223-13,377.0,3,5014.42,7661.72,13,"3121.00,973.00,396.00,20205.09,377.00",0
223,T223-14,2437.0,0,4877.62,7700.32,14,"973.00,396.00,20205.09,377.00,2437.00",0
223,T223-15,7236.87,12,6130.39,7469.23,15,"396.00,20205.09,377.00,2437.00,7236.87",0
223,T223-16,2145.0,3,6480.19,7229.6,16,"20205.09,377.00,2437.00,7236.87,2145.00",0
223,T223-17,8298.89,14,4098.95,3095.77,17,"377.00,2437.00,7236.87,2145.00,8298.89",1
223,T223-18,1760.0,23,4375.55,2798.36,18,"2437.00,7236.87,2145.00,8298.89,1760.00",0
223,T223-19,771.0,14,4042.35,3093.02,19,"7236.87,2145.00,8298.89,1760.00,771.00",0
223,T223-20,1182.0,12,2831.38,2774.1,20,"2145.00,8298.89,1760.00,771.00,1182.00",0
223,T223-21,3336.0,16,3069.58,2756.01,21,"8298.89,1760.00,771.00,1182.00,3336.00",1
223,T223-22,2618.0,12,1933.4,936.14,22,"1760.00,771.00,1182.00,3336.00,2618.00",1
224,T224-1,2782.0,15,2782.0,0.0,1,2782.00,0
224,T224-2,2762.0,10,2772.0,10.0,2,"2782.00,2762.00",0
224,T224-3,2068.0,13,2537.33,331.97,3,"2782.00,2762.00,2068.00",0
224,T224-4,1211.0,12,2205.75,642.26,4,"2782.00,2762.00,2068.00,1211.00",0
224,T224-5,818.0,19,1928.2,798.83,5,"2782.00,2762.00,2068.00,1211.00,818.00",0
224,T224-6,691.0,23,1510.0,789.67,6,"2762.00,2068.00,1211.00,818.00,691.00",0
224,T224-7,9764.61,21,2910.52,3460.68,7,"2068.00,1211.00,818.00,691.00,9764.61",1
224,T224-8,2114.0,10,2919.72,3458.49,8,"1211.00,818.00,691.00,9764.61,2114.00",0
224,T224-9,12256.88,11,5128.9,4892.16,9,"818.00,691.00,9764.61,2114.00,12256.88",1
224,T224-10,11871.95,21,7339.69,4941.93,10,"691.00,9764.61,2114.00,12256.88,11871.95",0
224,T224-11,6254.44,12,8452.38,3818.26,11,"9764.61,2114.00,12256.88,11871.95,6254.44",0
224,T224-12,11039.71,16,8707.4,3938.09,12,"2114.00,12256.88,11871.95,6254.44,11039.71",0
224,T224-13,16508.79,14,11586.35,3270.77,13,"12256.88,11871.95,6254.44,11039.71,16508.79",1
224,T224-14,1108.0,1,9356.58,5253.12,14,"11871.95,6254.44,11039.71,16508.79,1108.00",0
224,T224-15,2057.0,22,7393.59,5756.15,15,"6254.44,11039.71,16508.79,1108.00,2057.00",0
224,T224-16,3418.0,19,6826.3,5976.04,16,"11039.71,16508.79,1108.00,2057.00,3418.00",0
224,T224-17,309.0,1,4680.16,6004.3,17,"16508.79,1108.00,2057.00,3418.00,309.00",0
224,T224-18,739.0,3,1526.2,1107.86,18,"1108.00,2057.00,3418.00,309.00,739.00",0
224,T224-19,1412.0,23,1587.0,1091.46,19,"2057.00,3418.00,309.00,739.00,1412.00",0
224,T224-20,2602.0,17,1696.0,1158.14,20,"3418.00,309.00,739.00,1412.00,2602.00",0
224,T224-21,1237.0,1,1259.8,774.65,21,"309.00,739.00,1412.00,2602.00,1237.00",0
224,T224-22,2319.0,6,1661.8,694.31,22,"739.00,1412.00,2602.00,1237.00,2319.00",0
224,T224-23,2840.0,3,2082.0,642.5,23,"1412.00,2602.00,1237.00,2319.00,2840.00",0
225,T225-1,787.0,21,787.0,0.0,1,787.00,0
225,T225-2,1611.0,15,1199.0,412.0,2,"787.00,1611.00",0
225,T225-3,3081.0,3,1826.33,948.82,3,"787.00,1611.00,3081.00",0
225,T225-4,1891.0,22,1842.5,822.18,4,"787.00,1611.00,3081.00,1891.00",0
225,T225-5,3365.0,9,2147.0,954.81,5,"787.00,1611.00,3081.00,1891.00,3365.00",0
225,T225-6,2696.0,10,2528.8,675.46,6,"1611.00,3081.00,1891.00,3365.00,2696.00",0
225,T225-7,425.0,1,2291.6,1056.75,7,"3081.00,1891.00,3365.00,2696.00,425.00",0
225,T225-8,1534.0,5,1982.2,1005.56,8,"1891.00,3365.00,2696.00,425.00,1534.00",0
225,T225-9,822.0,2,1768.4,1110.4,9,"3365.00,2696.00,425.00,1534.00,822.00",0
225,T225-10,2104.0,1,1516.2,825.88,10,"2696.00,425.00,1534.00,822.00,2104.00",0
225,T225-11,1016.0,21,1180.2,583.81,11,"425.00,1534.00,822.00,2104.00,1016.00",0
225,T225-12,2648.0,3,1624.8,678.22,12,"1534.00,822.00,2104.00,1016.00,2648.00",0
225,T225-13,9152.93,3,3148.59,3077.49,13,"822.00,2104.00,1016.00,2648.00,9152.93",1
225,T225-14,43178.02,8,11619.79,16034.28,14,"2104.00,1016.00,2648.00,9152.93,43178.02",1
225,T225-15,2912.0,22,11781.39,15941.36,15,"1016.00,2648.00,9152.93,43178.02,2912.00",1
225,T225-16,1801.0,12,11938.39,15838.1,16,"2648.00,9152.93,43178.02,2912.00,1801.00",0
225,T225-17,1504.0,23,11709.59,15978.3,17,"9152.93,43178.02,2912.00,1801.00,1504.00",0
225,T225-18,11921.53,22,12263.31,15928.0,18,"43178.02,2912.00,1801.00,1504.00,11921.53",0
225,T225-19,5236.85,0,4675.08,3853.6,19,"2912.00,1801.00,1504.00,11921.53,5236.85",0
225,T225-20,1079.0,23,4308.48,4084.18,20,"1801.00,1504.00,11921.53,5236.85,1079.00",0
225,T225-21,2326.0,10,4413.48,4024.68,21,"1504.00,11921.53,5236.85,1079.00,2326.00",0
225,T225-22,4513.68,21,5015.41,3760.94,22,"11921.53,5236.85,1079.00,2326.00,4513.68",0
225,T225-23,13811.57,0,5393.42,4465.13,23,"5236.85,1079.00,2326.00,4513.68,13811.57",1
226,T226-1,2208.0,8,2208.0,0.0,1,2208.00,0
226,T226-2,2204.0,11,2206.0,2.0,2,"2208.00,2204.00",0
226,T226-3,283.0,21,1565.0,906.51,3,"2208.00,2204.00,283.00",0
226,T226-4,3170.0,23,1966.25,1048.49,4,"2208.00,2204.00,283.00,3170.00",0
226,T226-5,958.0,6,1764.6,1020.84,5,"2208.00,2204.00,283.00,3170.00,958.00",0
226,T226-6,3010.0,13,1925.0,1134.58,6,"2204.00,283.00,3170.00,958.00,3010.00",0
226,T226-7,3323.0,6,2148.8,1269.84,7,"283.00,3170.00,958.00,3010.00,3323.00",0
226,T226-8,299.0,7,2152.0,1265.15,8,"3170.00,958.00,3010.00,3323.00,299.00",0
226,T226-9,3860.02,11,2290.0,1399.2,9,"958.00,3010.00,3323.00,299.00,3860.02",0
226,T226-10,1815.0,12,2461.4,1272.26,10,"3010.00,3323.00,299.00,3860.02,1815.00",0
226,T226-11,18543.68,10,5568.14,6605.65,11,"3323.00,299.00,3860.02,1815.00,18543.68",1
226,T226-12,3041.0,14,5511.74,6625.75,12,"299.00,3860.02,1815.00,18543.68,3041.00",0
226,T226-13,67772.92,7,19006.52,25132.6,13,"3860.02,1815.00,18543.68,3041.00,67772.92",1
226,T226-14,3044.0,5,18843.32,25232.88,14,"1815.00,18543.68,3041.00,67772.92,3044.00",0
226,T226-15,629.0,17,18606.12,25396.88,15,"18543.68,3041.00,67772.92,3044.00,629.00",0
227,T227-1,1419.0,17,1419.0,0.0,1,1419.00,0
227,T227-2,3177.0,9,2298.0,879.0,2,"1419.00,3177.00",0
227,T227-3,2922.0,8,2506.0,775.64,3,"1419.00,3177.00,2922.00",0
227,T227-4,2305.0,1,2455.75,677.34,4,"1419.00,3177.00,2922.00,2305.00",0
227,T227-5,1744.53,11,2313.51,669.3,5,"1419.00,3177.00,2922.00,2305.00,1744.53",0
227,T227-6,12066.84,20,4443.07,3844.27,6,"3177.00,2922.00,2305.00,1744.53,12066.84",1
227,T227-7,474.0,5,3902.47,4161.28,7,"2922.00,2305.00,1744.53,12066.84,474.00",0
227,T227-8,3117.0,20,3941.47,4152.81,8,"2305.00,1744.53,12066.84,474.00,3117.00",0
227,T227-9,2355.01,18,3951.47,4148.92,9,"1744.53,12066.84,474.00,3117.00,2355.01",0
227,T227-10,3456.0,22,4293.77,4021.36,10,"12066.84,474.00,3117.00,2355.01,3456.00",0
227,T227-11,20737.57,21,6027.92,7426.96,11,"474.00,3117.00,2355.01,3456.00,20737.57",1
227,T227-12,2773.0,8,6487.72,7134.28,12,"3117.00,2355.01,3456.00,20737.57,2773.00",0
227,T227-13,1371.0,20,6138.52,7330.75,13,"2355.01,3456.00,20737.57,2773.00,1371.00",0
227,T227-14,880.0,12,5843.51,7504.68,14,"3456.00,20737.57,2773.00,1371.00,880.00",0
227,T227-15,3446.0,18,5841.51,7505.32,15,"20737.57,2773.00,1371.00,880.00,3446.00",0
227,T227-16,303.0,8,1754.6,1176.2,16,"2773.00,1371.00,880.00,3446.00,303.00",0
227,T227-17,1006.0,11,1401.2,1078.52,17,"1371.00,880.00,3446.00,303.00,1006.00",0
227,T227-18,998.0,6,1326.6,1090.86,18,"880.00,3446.00,303.00,1006.00,998.00",0
227,T227-19,2592.0,20,1669.0,1163.22,19,"3446.00,303.00,1006.00,998.00,2592.00",0
227,T227-20,864.0,14,1152.6,764.51,20,"303.00,1006.00,998.00,2592.00,864.00",0
227,T227-21,706.0,6,1233.2,688.12,21,"1006.00,998.00,2592.00,864.00,706.00",0
228,T228-1,1945.0,14,1945.0,0.0,1,1945.00,0
228,T228-2,435.0,11,1190.0,755.0,2,"1945.00,435.00",0
228,T228-3,2048.0,20,1476.0,737.3,3,"1945.00,435.00,2048.00",0
228,T228-4,938.0,19,1341.5,679.69,4,"1945.00,435.00,2048.00,938.00",0
228,T228-5,2415.0,11,1556.2,744.29,5,"1945.00,435.00,2048.00,938.00,2415.00",0
228,T228-6,5977.14,2,2362.63,1944.82,6,"435.00,2048.00,938.00,2415.00,5977.14",0
228,T228-7,2462.0,3,2768.03,1696.12,7,"2048.00,938.00,2415.00,5977.14,2462.00",0
228,T228-8,312.0,3,2420.83,1964.43,8,"938.00,2415.00,5977.14,2462.00,312.00",0
228,T228-9,1316.0,2,2496.43,1912.5,9,"2415.00,5977.14,2462.00,312.00,1316.00",0
228,T228-10,1511.0,21,2315.63,1953.93,10,"5977.14,2462.00,312.00,1316.00,1511.00",0
228,T228-11,15763.99,11,4273.0,5785.92,11,"2462.00,312.00,1316.00,1511.00,15763.99",1
228,T228-12,1198.0,14,4020.2,5886.27,12,"312.00,1316.00,1511.00,15763.99,1198.00",0
228,T228-13,8942.35,2,5746.27,5810.7,13,"1316.00,1511.00,15763.99,1198.00,8942.35",1
228,T228-14,5437.08,18,6570.48,5401.72,14,"1511.00,15763.99,1198.00,8942.35,5437.08",0
228,T228-15,9874.15,16,8243.11,4841.91,15,"15763.99,1198.00,8942.35,5437.08,9874.15",0
228,T228-16,2247.0,15,5539.72,3466.07,16,"1198.00,8942.35,5437.08,9874.15,2247.00",0
228,T228-17,1354.83,21,5571.08,3427.13,17,"8942.35,5437.08,9874.15,2247.00,1354.83",0
228,T228-18,1349.0,0,4052.41,3275.81,18,"5437.08,9874.15,2247.00,1354.83,1349.00",0
228,T228-19,4638.7,19,3892.73,3223.47,19,"9874.15,2247.00,1354.83,1349.00,4638.70",0
228,T228-20,707.0,19,2059.31,1379.71,20,"2247.00,1354.83,1349.00,4638.70,707.00",0
228,T228-21,1451.0,7,1900.11,1394.71,21,"1354.83,1349.00,4638.70,707.00,1451.00",0
229,T229-1,1253.0,9,1253.0,0.0,1,1253.00,0
229,T229-2,2981.0,15,2117.0,864.0,2,"1253.00,2981.00",0
229,T229-3,1259.0,17,1831.0,813.18,3,"1253.00,2981.00,1259.00",0
229,T229-4,579.0,20,1518.0,888.73,4,"1253.00,2981.00,1259.00,579.00",0
229,T229-5,16975.06,6,4609.41,6233.72,5,"1253.00,2981.00,1259.00,579.00,16975.06",0
229,T229-6,236.0,0,4406.01,6355.32,6,"2981.00,1259.00,579.00,16975.06,236.00",0
229,T229-7,7479.77,8,5305.77,6408.12,7,"1259.00,579.00,16975.06,236.00,7479.77",0
229,T229-8,2262.0,1,5506.37,6292.96,8,"579.00,16975.06,236.00,7479.77,2262.00",0
229,T229-9,2483.0,8,5887.17,6035.62,9,"16975.06,236.00,7479.77,2262.00,2483.00",0
229,T229-10,172.0,5,2526.55,2660.71,10,"236.00,7479.77,2262.00,2483.00,172.00",0
229,T229-11,986.95,15,2676.74,2545.89,11,"7479.77,2262.00,2483.00,172.00,986.95",0
229,T229-12,593.0,14,1299.39,915.99,12,"2262.00,2483.00,172.00,986.95,593.00",0
229,T229-13,12295.81,22,3306.15,4561.89,13,"2483.00,172.00,986.95,593.00,12295.81",1
229,T229-14,1363.0,9,3082.15,4623.89,14,"172.00,986.95,593.00,12295.81,1363.00",0
229,T229-15,1346.0,23,3316.95,4498.25,15,"986.95,593.00,12295.81,1363.00,1346.00",0
229,T229-16,3380.0,16,3795.56,4349.73,16,"593.00,12295.81,1363.00,1346.00,3380.00",0
229,T229-17,11691.66,21,6015.29,4940.79,17,"12295.81,1363.00,1346.00,3380.00,11691.66",0
229,T229-18,2249.0,6,4005.93,3914.32,18,"1363.00,1346.00,3380.00,11691.66,2249.00",0
229,T229-19,969.0,11,3927.13,3970.29,19,"1346.00,3380.00,11691.66,2249.00,969.00",0
229,T229-20,2627.0,5,4183.33,3834.48,20,"3380.00,11691.66,2249.00,969.00,2627.00",0
229,T229-21,3348.0,22,4176.93,3835.84,21,"11691.66,2249.00,969.00,2627.00,3348.00",0
230,T230-1,1014.0,22,1014.0,0.0,1,1014.00,0
230,T230-2,2932.0,9,1973.0,959.0,2,"1014.00,2932.00",0
230,T230-3,3390.0,9,2445.33,1029.23,3,"1014.00,2932.00,3390.00",0
230,T230-4,607.0,14,1985.75,1195.05,4,"1014.00,2932.00,3390.00,607.00",0
230,T230-5,2329.0,14,2054.4,1077.67,5,"1014.00,2932.00,3390.00,607.00,2329.00",0
230,T230-6,3013.0,22,2454.2,984.29,6,"2932.00,3390.00,607.00,2329.00,3013.00",0
230,T230-7,18299.44,17,5527.69,6456.87,7,"3390.00,607.00,2329.00,3013.00,18299.44",1
230,T230-8,445.0,3,4938.69,6752.56,8,"607.00,2329.00,3013.00,18299.44,445.00",0
230,T230-9,2132.0,4,5243.69,6582.31,9,"2329.00,3013.00,18299.44,445.00,2132.00",0
230,T230-10,9512.33,1,6680.35,6573.28,10,"3013.00,18299.44,445.00,2132.00,9512.33",0
230,T230-11,1322.0,8,6342.15,6793.09,11,"18299.44,445.00,2132.00,9512.33,1322.00",0
230,T230-12,1419.0,3,2966.07,3316.67,12,"445.00,2132.00,9512.33,1322.00,1419.00",0
230,T230-13,16862.26,2,6249.52,6129.35,13,"2132.00,9512.33,1322.00,1419.00,16862.26",1
230,T230-14,695.0,15,5962.12,6345.55,14,"9512.33,1322.00,1419.00,16862.26,695.00",0
230,T230-15,17889.52,9,7637.56,7961.83,15,"1322.00,1419.00,16862.26,695.00,17889.52",1
230,T230-16,16388.91,21,10650.94,7851.77,16,"1419.00,16862.26,695.00,17889.52,16388.91",1
230,T230-17,2201.0,12,10807.34,7672.05,17,"16862.26,695.00,17889.52,16388.91,2201.00",0
230,T230-18,2207.0,22,7876.29,7598.03,18,"695.00,17889.52,16388.91,2201.00,2207.00",0
230,T230-19,3075.0,19,8352.29,7197.21,19,"17889.52,16388.91,2201.00,2207.00,3075.00",0
230,T230-20,12052.29,14,7184.84,5914.65,20,"16388.91,2201.00,2207.00,3075.00,12052.29",0
231,T231-1,2316.0,13,2316.0,0.0,1,2316.00,0
231,T231-2,812.0,7,1564.0,752.0,2,"2316.00,812.00",0
231,T231-3,1297.0,11,1475.0,626.77,3,"2316.00,812.00,1297.00",0
231,T231-4,2174.0,13,1649.75,621.49,4,"2316.00,812.00,1297.00,2174.00",0
231,T231-5,996.0,21,1519.0,614.31,5,"2316.00,812.00,1297.00,2174.00,996.00",0
231,T231-6,3001.0,3,1656.0,819.04,6,"812.00,1297.00,2174.00,996.00,3001.00",0
231,T231-7,8969.46,2,3287.49,2926.42,7,"1297.00,2174.00,996.00,3001.00,8969.46",1
231,T231-8,575.0,16,3143.09,3036.81,8,"2174.00,996.00,3001.00,8969.46,575.00",0
231,T231-9,3493.0,8,3406.89,2998.21,9,"996.00,3001.00,8969.46,575.00,3493.00",0
231,T231-10,1797.0,14,3567.09,2884.35,10,"3001.00,8969.46,575.00,3493.00,1797.00",0
231,T231-11,10281.91,15,5023.27,3892.64,11,"8969.46,575.00,3493.00,1797.00,10281.91",1
231,T231-12,780.36,0,3385.46,3599.47,12,"575.00,3493.00,1797.00,10281.91,780.36",0
231,T231-13,243.0,14,3319.06,3653.37,13,"3493.00,1797.00,10281.91,780.36,243.00",0
231,T231-14,2023.0,21,3025.06,3686.54,14,"1797.00,10281.91,780.36,243.00,2023.00",0
231,T231-15,2067.0,3,3079.06,3670.09,15,"10281.91,780.36,243.00,2023.00,2067.00",0
231,T231-16,1794.0,20,1381.47,736.09,16,"780.36,243.00,2023.00,2067.00,1794.00",0
231,T231-17,18696.33,14,4964.67,6898.63,17,"243.00,2023.00,2067.00,1794.00,18696.33",1
231,T231-18,313.0,1,4978.67,6889.1,18,"2023.00,2067.00,1794.00,18696.33,313.00",0
231,T231-19,3285.0,17,5231.07,6798.72,19,"2067.00,1794.00,18696.33,313.00,3285.00",0
231,T231-20,2326.0,11,5282.87,6775.36,20,"1794.00,18696.33,313.00,3285.00,2326.00",0
231,T231-21,2366.0,8,5397.27,6720.09,21,"18696.33,313.00,3285.00,2326.00,2366.00",0
231,T231-22,16329.1,12,4923.82,5784.75,22,"313.00,3285.00,2326.00,2366.00,16329.10",1
231,T231-23,196.0,7,4900.42,5803.56,23,"3285.00,2326.00,2366.00,16329.10,196.00",0
232,T232-1,1839.0,3,1839.0,0.0,1,1839.00,0
232,T232-2,2156.0,20,1997.5,158.5,2,"1839.00,2156.00",0
232,T232-3,3330.0,12,2441.67,641.34,3,"1839.00,2156.00,3330.00",0
232,T232-4,2319.0,8,2411.0,557.95,4,"1839.00,2156.00,3330.00,2319.00",0
232,T232-5,1607.0,7,2250.2,593.69,5,"1839.00,2156.00,3330.00,2319.00,1607.00",0
232,T232-6,1726.0,15,2227.6,610.82,6,"2156.00,3330.00,2319.00,1607.00,1726.00",0
232,T232-7,6618.37,6,3120.07,1852.39,7,"3330.00,2319.00,1607.00,1726.00,6618.37",0
232,T232-8,12333.26,12,4920.72,4142.07,8,"2319.00,1607.00,1726.00,6618.37,12333.26",1
232,T232-9,2831.0,9,5023.12,4082.38,9,"1607.00,1726.00,6618.37,12333.26,2831.00",1
232,T232-10,2751.0,19,5251.92,3913.06,10,"1726.00,6618.37,12333.26,2831.00,2751.00",0
232,T232-11,2317.0,2,5370.12,3812.4,11,"6618.37,12333.26,2831.00,2751.00,2317.00",0
232,T232-12,5441.47,13,5134.74,3764.09,12,"12333.26,2831.00,2751.00,2317.00,5441.47",0
232,T232-13,858.0,11,2839.69,1481.72,13,"2831.00,2751.00,2317.00,5441.47,858.00",0
232,T232-14,11964.86,16,4666.47,3938.54,14,"2751.00,2317.00,5441.47,858.00,11964.86",1
232,T232-15,1123.58,5,4340.98,4145.21,15,"2317.00,5441.47,858.00,11964.86,1123.58",0
232,T232-16,3132.0,6,4503.98,4077.9,16,"5441.47,858.00,11964.86,1123.58,3132.00",0
232,T232-17,3878.42,18,4191.37,4053.89,17,"858.00,11964.86,1123.58,3132.00,3878.42",0
232,T232-18,1968.0,1,4413.37,3892.44,18,"11964.86,1123.58,3132.00,3878.42,1968.00",0
232,T232-19,610.0,22,2142.4,1217.35,19,"1123.58,3132.00,3878.42,1968.00,610.00",0
232,T232-20,470.0,12,2011.68,1347.83,20,"3132.00,3878.42,1968.00,610.00,470.00",0
232,T232-21,902.0,10,1565.68,1270.04,21,"3878.42,1968.00,610.00,470.00,902.00",0
232,T232-22,964.0,11,982.8,525.25,22,"1968.00,610.00,470.00,902.00,964.00",0
232,T232-23,3166.0,18,1222.4,988.75,23,"610.00,470.00,902.00,964.00,3166.00",0
233,T233-1,154.0,2,154.0,0.0,1,154.00,0
233,T233-2,701.0,6,427.5,273.5,2,"154.00,701.00",0
233,T233-3,2890.0,12,1248.33,1182.12,3,"154.00,701.00,2890.00",0
233,T233-4,2572.0,14,1579.25,1173.27,4,"154.00,701.00,2890.00,2572.00",0
233,T233-5,3374.0,11,1938.2,1271.47,5,"154.00,701.00,2890.00,2572.00,3374.00",0
233,T233-6,663.0,6,2040.0,1137.9,6,"701.00,2890.00,2572.00,3374.00,663.00",0
233,T233-7,1289.0,21,2157.6,1017.45,7,"2890.00,2572.00,3374.00,663.00,1289.00",0
233,T233-8,2784.0,10,2136.4,1002.97,8,"2572.00,3374.00,663.00,1289.00,2784.00",0
233,T233-9,3027.0,14,2227.4,1057.53,9,"3374.00,663.00,1289.00,2784.00,3027.00",0
233,T233-10,3298.0,0,2212.2,1041.36,10,"663.00,1289.00,2784.00,3027.00,3298.00",0
233,T233-11,6429.86,12,3365.57,1682.82,11,"1289.00,2784.00,3027.00,3298.00,6429.86",0
233,T233-12,2991.0,17,3705.97,1371.73,12,"2784.00,3027.00,3298.00,6429.86,2991.00",0
233,T233-13,1736.0,17,3496.37,1563.29,13,"3027.00,3298.00,6429.86,2991.00,1736.00",0
233,T233-14,2440.0,1,3378.97,1615.3,14,"3298.00,6429.86,2991.00,1736.00,2440.00",0
233,T233-15,2606.0,4,3240.57,1645.67,15,"6429.86,2991.00,1736.00,2440.00,2606.00",1
233,T233-16,1951.0,9,2344.8,451.79,16,"2991.00,1736.00,2440.00,2606.00,1951.00",0
233,T233-17,441.0,8,1834.8,765.11,17,"1736.00,2440.00,2606.00,1951.00,441.00",0
233,T233-18,2658.0,5,2019.2,827.63,18,"2440.00,2606.00,1951.00,441.00,2658.00",0
233,T233-19,1800.59,5,1891.32,801.72,19,"2606.00,1951.00,441.00,2658.00,1800.59",0
233,T233-20,516.0,9,1473.32,862.66,20,"1951.00,441.00,2658.00,1800.59,516.00",0
234,T234-1,2841.0,7,2841.0,0.0,1,2841.00,0
234,T234-2,252.0,16,1546.5,1294.5,2,"2841.00,252.00",0
234,T234-3,3213.0,0,2102.0,1316.93,3,"2841.00,252.00,3213.00",0
234,T234-4,3015.0,18,2330.25,1207.07,4,"2841.00,252.00,3213.00,3015.00",0
234,T234-5,1788.0,13,2221.8,1101.21,5,"2841.00,252.00,3213.00,3015.00,1788.00",0
234,T234-6,719.0,4,1797.4,1186.4,6,"252.00,3213.00,3015.00,1788.00,719.00",0
234,T234-7,1384.0,4,2023.8,955.42,7,"3213.00,3015.00,1788.00,719.00,1384.00",0
234,T234-8,4973.97,7,2375.99,1498.88,8,"3015.00,1788.00,719.00,1384.00,4973.97",0
234,T234-9,2384.51,19,2249.9,1465.98,9,"1788.00,719.00,1384.00,4973.97,2384.51",0
234,T234-10,5564.49,8,3005.19,1932.16,10,"719.00,1384.00,4973.97,2384.51,5564.49",0
234,T234-11,17924.96,2,6446.39,5946.93,11,"1384.00,4973.97,2384.51,5564.49,17924.96",1
234,T234-12,591.0,13,6287.79,6088.71,12,"4973.97,2384.51,5564.49,17924.96,591.00",0
234,T234-13,3240.0,13,5940.99,6201.99,13,"2384.51,5564.49,17924.96,591.00,3240.00",0
234,T234-14,1864.6,23,5837.01,6264.79,14,"5564.49,17924.96,591.00,3240.00,1864.60",0
234,T234-15,7134.97,19,6151.1,6282.6,15,"17924.96,591.00,3240.00,1864.60,7134.97",0
234,T234-16,3296.0,2,3225.31,2194.62,16,"591.00,3240.00,1864.60,7134.97,3296.00",1
234,T234-17,346.0,12,3176.31,2254.8,17,"3240.00,1864.60,7134.97,3296.00,346.00",0
234,T234-18,15161.69,11,5560.65,5303.59,18,"1864.60,7134.97,3296.00,346.00,15161.69",1
235,T235-1,1501.0,18,1501.0,0.0,1,1501.00,0
235,T235-2,3441.0,1,2471.0,970.0,2,"1501.00,3441.00",0
235,T235-3,2858.0,5,2600.0,812.74,3,"1501.00,3441.00,2858.00",0
235,T235-4,3100.0,8,2725.0,736.4,4,"1501.00,3441.00,2858.00,3100.00",0
235,T235-5,1142.0,8,2408.4,913.66,5,"1501.00,3441.00,2858.00,3100.00,1142.00",0
235,T235-6,719.0,12,2252.0,1102.93,6,"3441.00,2858.00,3100.00,1142.00,719.00",0
235,T235-7,216.0,22,1607.0,1160.49,7,"2858.00,3100.00,1142.00,719.00,216.00",0
235,T235-8,379.0,0,1111.2,1043.8,8,"3100.00,1142.00,719.00,216.00,379.00",0
235,T235-9,2824.0,7,1056.0,939.22,9,"1142.00,719.00,216.00,379.00,2824.00",0
235,T235-10,3137.0,20,1455.0,1259.99,10,"719.00,216.00,379.00,2824.00,3137.00",0
235,T235-11,1876.0,3,1686.4,1208.78,11,"216.00,379.00,2824.00,3137.00,1876.00",0
235,T235-12,17941.64,19,5231.53,6427.08,12,"379.00,2824.00,3137.00,1876.00,17941.64",1
235,T235-13,1198.0,5,5395.33,6310.71,13,"2824.00,3137.00,1876.00,17941.64,1198.00",0
235,T235-14,1091.0,23,5048.73,6487.52,14,"3137.00,1876.00,17941.64,1198.00,1091.00",0
235,T235-15,386.0,20,4498.53,6738.14,15,"1876.00,17941.64,1198.00,1091.00,386.00",0
235,T235-16,1614.0,15,4446.13,6759.32,16,"17941.64,1198.00,1091.00,386.00,1614.00",0
235,T235-17,369.0,14,931.6,485.02,17,"1198.00,1091.00,386.00,1614.00,369.00",0
235,T235-18,11792.32,16,3050.46,4395.74,18,"1091.00,386.00,1614.00,369.00,11792.32",1
235,T235-19,1315.0,5,3095.26,4376.64,19,"386.00,1614.00,369.00,11792.32,1315.00",0
235,T235-20,1122.0,11,3242.46,4294.65,20,"1614.00,369.00,11792.32,1315.00,1122.00",0
235,T235-21,10591.67,19,5038.0,5048.95,21,"369.00,11792.32,1315.00,1122.00,10591.67",0
235,T235-22,496.0,1,5063.4,5025.66,22,"11792.32,1315.00,1122.00,10591.67,496.00",0
236,T236-1,3100.0,14,3100.0,0.0,1,3100.00,0
236,T236-2,3133.0,20,3116.5,16.5,2,"3100.00,3133.00",0
236,T236-3,500.0,12,2244.33,1233.5,3,"3100.00,3133.00,500.00",0
236,T236-4,2868.0,16,2400.25,1101.85,4,"3100.00,3133.00,500.00,2868.00",0
236,T236-5,627.0,19,2045.6,1214.24,5,"3100.00,3133.00,500.00,2868.00,627.00",0
236,T236-6,2557.0,2,1937.0,1136.89,6,"3133.00,500.00,2868.00,627.00,2557.00",0
236,T236-7,2148.0,15,1740.0,988.2,7,"500.00,2868.00,627.00,2557.00,2148.00",0
236,T236-8,1211.0,13,1882.2,839.5,8,"2868.00,627.00,2557.00,2148.00,1211.00",0
236,T236-9,2427.0,19,1794.0,749.66,9,"627.00,2557.00,2148.00,1211.00,2427.00",0
236,T236-10,2717.0,17,2212.0,534.11,10,"2557.00,2148.00,1211.00,2427.00,2717.00",0
236,T236-11,3014.42,17,2303.48,617.96,11,"2148.00,1211.00,2427.00,2717.00,3014.42",0
236,T236-12,898.0,6,2053.48,842.39,12,"1211.00,2427.00,2717.00,3014.42,898.00",0
236,T236-13,15818.19,17,4974.92,5470.49,13,"2427.00,2717.00,3014.42,898.00,15818.19",1
236,T236-14,11422.13,7,6773.95,5805.57,14,"2717.00,3014.42,898.00,15818.19,11422.13",0
236,T236-15,2869.0,7,6804.35,5784.61,15,"3014.42,898.00,15818.19,11422.13,2869.00",0
237,T237-1,2308.0,23,2308.0,0.0,1,2308.00,0
237,T237-2,1035.0,14,1671.5,636.5,2,"2308.00,1035.00",0
237,T237-3,676.0,14,1339.67,700.22,3,"2308.00,1035.00,676.00",0
237,T237-4,2057.0,22,1519.0,681.34,4,"2308.00,1035.00,676.00,2057.00",0
237,T237-5,1467.0,6,1508.6,609.76,5,"2308.00,1035.00,676.00,2057.00,1467.00",0
237,T237-6,381.0,7,1123.2,591.41,6,"1035.00,676.00,2057.00,1467.00,381.00",0
237,T237-7,856.0,7,1087.4,601.0,7,"676.00,2057.00,1467.00,381.00,856.00",0
237,T237-8,3077.0,13,1567.6,942.58,8,"2057.00,1467.00,381.00,856.00,3077.00",0
237,T237-9,1849.0,16,1526.0,924.48,9,"1467.00,381.00,856.00,3077.00,1849.00",0
237,T237-10,1217.0,18,1476.0,933.04,10,"381.00,856.00,3077.00,1849.00,1217.00",0
237,T237-11,2741.0,1,1948.0,853.24,11,"856.00,3077.00,1849.00,1217.00,2741.00",0
237,T237-12,2540.0,11,2284.8,667.97,12,"3077.00,1849.00,1217.00,2741.00,2540.00",0
237,T237-13,3301.0,6,2329.6,724.71,13,"1849.00,1217.00,2741.00,2540.00,3301.00",0
237,T237-14,2979.0,16,2555.6,715.73,14,"1217.00,2741.00,2540.00,3301.00,2979.00",0
237,T237-15,2533.0,5,2818.8,291.08,15,"2741.00,2540.00,3301.00,2979.00,2533.00",1
237,T237-16,924.0,22,2455.4,818.24,16,"2540.00,3301.00,2979.00,2533.00,924.00",0
237,T237-17,2895.0,4,2526.4,837.67,17,"3301.00,2979.00,2533.00,924.00,2895.00",0
238,T238-1,296.0,19,296.0,0.0,1,296.00,0
238,T238-2,737.0,20,516.5,220.5,2,"296.00,737.00",0
238,T238-3,2584.0,4,1205.67,991.12,3,"296.00,737.00,2584.00",0
238,T238-4,2857.0,11,1618.5,1117.15,4,"296.00,737.00,2584.00,2857.00",0
238,T238-5,1756.0,7,1646.0,1000.72,5,"296.00,737.00,2584.00,2857.00,1756.00",0
238,T238-6,2221.0,14,2031.0,744.88,6,"737.00,2584.00,2857.00,1756.00,2221.00",0
238,T238-7,771.0,13,2037.8,733.1,7,"2584.00,2857.00,1756.00,2221.00,771.00",0
238,T238-8,915.0,6,1704.0,786.44,8,"2857.00,1756.00,2221.00,771.00,915.00",0
238,T238-9,608.0,11,1254.2,624.92,9,"1756.00,2221.00,771.00,915.00,608.00",0
238,T238-10,1709.0,14,1244.8,617.61,10,"2221.00,771.00,915.00,608.00,1709.00",0
238,T238-11,15222.24,0,3845.05,5701.17,11,"771.00,915.00,608.00,1709.00,15222.24",1
238,T238-12,3061.0,0,4303.05,5525.08,12,"915.00,608.00,1709.00,15222.24,3061.00",0
238,T238-13,2277.0,16,4575.45,5383.08,13,"608.00,1709.00,15222.24,3061.00,2277.00",0
238,T238-14,2468.0,4,4947.45,5155.51,14,"1709.00,15222.24,3061.00,2277.00,2468.00",1
238,T238-15,842.0,22,4774.05,5274.72,15,"15222.24,3061.00,2277.00,2468.00,842.00",0
238,T238-16,2698.0,0,2269.2,759.91,16,"3061.00,2277.00,2468.00,842.00,2698.00",0
238,T238-17,2251.0,10,2107.2,652.6,17,"2277.00,2468.00,842.00,2698.00,2251.00",0
239,T239-1,3364.0,15,3364.0,0.0,1,3364.00,0
239,T239-2,3257.0,19,3310.5,53.5,2,"3364.00,3257.00",0
239,T239-3,814.0,21,2478.33,1177.67,3,"3364.00,3257.00,814.00",0
239,T239-4,3193.0,9,2657.0,1065.81,4,"3364.00,3257.00,814.00,3193.00",0
239,T239-5,3133.0,23,2752.2,972.12,5,"3364.00,3257.00,814.00,3193.00,3133.00",0
239,T239-6,1438.0,5,2367.0,1033.05,6,"3257.00,814.00,3193.00,3133.00,1438.00",0
239,T239-7,2543.0,19,2224.2,945.82,7,"814.00,3193.00,3133.00,1438.00,2543.00",0
239,T239-8,1982.0,6,2457.8,673.8,8,"3193.00,3133.00,1438.00,2543.00,1982.00",0
239,T239-9,576.0,8,1934.4,883.29,9,"3133.00,1438.00,2543.00,1982.00,576.00",0
239,T239-10,20084.26,7,5324.65,7408.27,10,"1438.00,2543.00,1982.00,576.00,20084.26",1
239,T239-11,2260.0,6,5489.05,7328.9,11,"2543.00,1982.00,576.00,20084.26,2260.00",0
239,T239-12,1406.0,20,5261.65,7433.67,12,"1982.00,576.00,20084.26,2260.00,1406.00",0
239,T239-13,1075.0,20,5080.25,7522.03,13,"576.00,20084.26,2260.00,1406.00,1075.00",0
239,T239-14,154.0,5,4995.85,7574.28,14,"20084.26,2260.00,1406.00,1075.00,154.00",0
239,T239-15,589.0,19,1096.8,720.53,15,"2260.00,1406.00,1075.00,154.00,589.00",0
239,T239-16,1917.0,4,1028.2,615.14,16,"1406.00,1075.00,154.00,589.00,1917.00",0
239,T239-17,715.95,13,890.19,591.87,17,"1075.00,154.00,589.00,1917.00,715.95",0
239,T239-18,17182.69,7,4111.73,6561.58,18,"154.00,589.00,1917.00,715.95,17182.69",1
240,T240-1,867.0,10,867.0,0.0,1,867.00,0
240,T240-2,3061.0,11,1964.0,1097.0,2,"867.00,3061.00",0
240,T240-3,2218.0,17,2048.67,903.66,3,"867.00,3061.00,2218.00",0
240,T240-4,503.0,19,1662.25,1029.76,4,"867.00,3061.00,2218.00,503.00",0
240,T240-5,199.0,11,1369.6,1091.29,5,"867.00,3061.00,2218.00,503.00,199.00",0
240,T240-6,3044.0,22,1805.0,1229.44,6,"3061.00,2218.00,503.00,199.00,3044.00",0
240,T240-7,257.0,1,1244.2,1166.53,7,"2218.00,503.00,199.00,3044.00,257.00",0
240,T240-8,2646.0,23,1329.8,1247.72,8,"503.00,199.00,3044.00,257.00,2646.00",0
240,T240-9,2940.0,0,1817.2,1304.26,9,"199.00,3044.00,257.00,2646.00,2940.00",1
240,T240-10,1788.0,20,2135.0,1037.57,10,"3044.00,257.00,2646.00,2940.00,1788.00",0
240,T240-11,1291.0,18,1784.4,964.8,11,"257.00,2646.00,2940.00,1788.00,1291.00",0
240,T240-12,361.0,14,1805.2,932.22,12,"2646.00,2940.00,1788.00,1291.00,361.00",0
240,T240-13,3269.0,17,1929.8,1068.01,13,"2940.00,1788.00,1291.00,361.00,3269.00",1
240,T240-14,2228.0,5,1787.4,966.47,14,"1788.00,1291.00,361.00,3269.00,2228.00",0
240,T240-15,4339.08,18,2297.62,1405.69,15,"1291.00,361.00,3269.00,2228.00,4339.08",0
240,T240-16,23713.08,7,6782.03,8566.66,16,"361.00,3269.00,2228.00,4339.08,23713.08",1
240,T240-17,2447.06,11,7199.25,8290.12,17,"3269.00,2228.00,4339.08,23713.08,2447.06",0
240,T240-18,9818.41,4,8509.13,8080.41,18,"2228.00,4339.08,23713.08,2447.06,9818.41",0
240,T240-19,1717.0,11,8406.93,8162.02,19,"4339.08,23713.08,2447.06,9818.41,1717.00",0
241,T241-1,333.0,15,333.0,0.0,1,333.00,0
241,T241-2,2231.0,19,1282.0,949.0,2,"333.00,2231.00",0
241,T241-3,2833.0,8,1799.0,1065.35,3,"333.00,2231.00,2833.00",0
241,T241-4,1311.0,7,1677.0,946.51,4,"333.00,2231.00,2833.00,1311.00",0
241,T241-5,2053.0,2,1752.2,859.84,5,"333.00,2231.00,2833.00,1311.00,2053.00",0
241,T241-6,206.0,13,1726.8,902.22,6,"2231.00,2833.00,1311.00,2053.00,206.00",0
241,T241-7,1057.0,21,1492.0,893.17,7,"2833.00,1311.00,2053.00,206.00,1057.00",0
241,T241-8,15718.4,23,4069.08,5854.47,8,"1311.00,2053.00,206.00,1057.00,15718.40",1
241,T241-9,3353.0,13,4477.48,5717.45,9,"2053.00,206.00,1057.00,15718.40,3353.00",0
241,T241-10,629.0,23,4192.68,5864.7,10,"206.00,1057.00,15718.40,3353.00,629.00",0
241,T241-11,3375.0,18,4826.48,5563.09,11,"1057.00,15718.40,3353.00,629.00,3375.00",0
241,T241-12,1727.0,23,4960.48,5478.1,12,"15718.40,3353.00,629.00,3375.00,1727.00",0
241,T241-13,2025.0,19,2221.8,1042.12,13,"3353.00,629.00,3375.00,1727.00,2025.00",0
241,T241-14,684.0,6,1688.0,1009.01,14,"629.00,3375.00,1727.00,2025.00,684.00",0
241,T241-15,1972.0,9,1956.6,858.95,15,"3375.00,1727.00,2025.00,684.00,1972.00",0
241,T241-16,2613.0,10,1804.2,631.17,16,"1727.00,2025.00,684.00,1972.00,2613.00",0
241,T241-17,1857.0,6,1830.2,630.13,17,"2025.00,684.00,1972.00,2613.00,1857.00",0
241,T241-18,510.0,1,1527.2,803.9,18,"684.00,1972.00,2613.00,1857.00,510.00",0
241,T241-19,517.0,6,1493.8,840.86,19,"1972.00,2613.00,1857.00,510.00,517.00",0
241,T241-20,2323.0,21,1564.0,891.01,20,"2613.00,1857.00,510.00,517.00,2323.00",0
241,T241-21,15425.31,2,4126.46,5695.15,21,"1857.00,510.00,517.00,2323.00,15425.31",1
241,T241-22,2192.0,7,4193.46,5669.97,22,"510.00,517.00,2323.00,15425.31,2192.00",1
241,T241-23,1404.0,19,4372.26,5564.11,23,"517.00,2323.00,15425.31,2192.00,1404.00",0
241,T241-24,2232.0,20,4715.26,5365.18,24,"2323.00,15425.31,2192.00,1404.00,2232.00",0
241,T241-25,3307.0,17,4912.06,5291.36,25,"15425.31,2192.00,1404.00,2232.00,3307.00",0
241,T241-26,2416.0,23,2310.2,607.63,26,"2192.00,1404.00,2232.00,3307.00,2416.00",0
241,T241-27,639.0,13,1999.6,910.24,27,"1404.00,2232.00,3307.00,2416.00,639.00",0
242,T242-1,466.0,18,466.0,0.0,1,466.00,0
242,T242-2,444.0,4,455.0,11.0,2,"466.00,444.00",0
242,T242-3,2245.0,8,1051.67,843.86,3,"466.00,444.00,2245.00",0
242,T242-4,838.0,3,998.25,736.64,4,"466.00,444.00,2245.00,838.00",0
242,T242-5,794.0,18,957.4,663.92,5,"466.00,444.00,2245.00,838.00,794.00",0
242,T242-6,5797.21,9,2023.64,1985.04,6,"444.00,2245.00,838.00,794.00,5797.21",0
242,T242-7,12272.12,2,4389.27,4341.82,7,"2245.00,838.00,794.00,5797.21,12272.12",1
242,T242-8,2490.0,0,4438.27,4318.66,8,"838.00,794.00,5797.21,12272.12,2490.00",0
242,T242-9,457.0,21,4362.07,4384.38,9,"794.00,5797.21,12272.12,2490.00,457.00",0
242,T242-10,2764.0,5,4756.07,4126.99,10,"5797.21,12272.12,2490.00,457.00,2764.00",0
242,T242-11,17476.69,11,7091.96,6612.24,11,"12272.12,2490.00,457.00,2764.00,17476.69",1
242,T242-12,2705.0,14,5178.54,6208.29,12,"2490.00,457.00,2764.00,17476.69,2705.00",1
242,T242-13,1608.0,14,5002.14,6294.11,13,"457.00,2764.00,17476.69,2705.00,1608.00",0
242,T242-14,3030.0,9,5516.74,5999.77,14,"2764.00,17476.69,2705.00,1608.00,3030.00",0
242,T242-15,15464.1,20,8056.76,6915.2,15,"17476.69,2705.00,1608.00,3030.00,15464.10",0
242,T242-16,401.0,2,4641.62,5489.25,16,"2705.00,1608.00,3030.00,15464.10,401.00",0
242,T242-17,3017.0,1,4704.02,5468.62,17,"1608.00,3030.00,15464.10,401.00,3017.00",0
242,T242-18,3458.0,13,5074.02,5306.82,18,"3030.00,15464.10,401.00,3017.00,3458.00",0
242,T242-19,3140.0,1,5096.02,5298.52,19,"15464.10,401.00,3017.00,3458.00,3140.00",0
242,T242-20,4255.1,16,2854.22,1300.27,20,"401.00,3017.00,3458.00,3140.00,4255.10",0
243,T243-1,2177.0,6,2177.0,0.0,1,2177.00,0
243,T243-2,2382.0,13,2279.5,102.5,2,"2177.00,2382.00",0
243,T243-3,969.0,1,1842.67,623.42,3,"2177.00,2382.00,969.00",0
243,T243-4,834.0,17,1590.5,694.44,4,"2177.00,2382.00,969.00,834.00",0
243,T243-5,795.0,2,1431.4,697.89,5,"2177.00,2382.00,969.00,834.00,795.00",0
243,T243-6,3402.0,20,1676.4,1045.23,6,"2382.00,969.00,834.00,795.00,3402.00",0
243,T243-7,3139.0,20,1827.8,1182.3,7,"969.00,834.00,795.00,3402.00,3139.00",0
243,T243-8,21001.32,4,5834.26,7663.12,8,"834.00,795.00,3402.00,3139.00,21001.32",1
243,T243-9,6341.22,16,6935.71,7249.9,9,"795.00,3402.00,3139.00,21001.32,6341.22",0
243,T243-10,2658.0,16,7308.31,6967.09,10,"3402.00,3139.00,21001.32,6341.22,2658.00",0
243,T243-11,3387.47,22,7305.4,6968.72,11,"3139.00,21001.32,6341.22,2658.00,3387.47",0
243,T243-12,17291.05,10,10135.81,7551.34,12,"21001.32,6341.22,2658.00,3387.47,17291.05",0
243,T243-13,2612.0,5,6457.95,5586.21,13,"6341.22,2658.00,3387.47,17291.05,2612.00",0
243,T243-14,342.0,16,5258.1,6102.81,14,"2658.00,3387.47,17291.05,2612.00,342.00",0
243,T243-15,8233.46,6,6373.2,6034.84,15,"3387.47,17291.05,2612.00,342.00,8233.46",0
243,T243-16,1870.0,10,6069.7,6212.9,16,"17291.05,2612.00,342.00,8233.46,1870.00",0
243,T243-17,1469.0,11,2905.29,2763.35,17,"2612.00,342.00,8233.46,1870.00,1469.00",0
243,T243-18,2996.0,4,2982.09,2759.47,18,"342.00,8233.46,1870.00,1469.00,2996.00",0
244,T244-1,1328.0,10,1328.0,0.0,1,1328.00,0
244,T244-2,799.0,21,1063.5,264.5,2,"1328.00,799.00",0
244,T244-3,403.0,10,843.33,378.93,3,"1328.00,799.00,403.00",0
244,T244-4,2040.0,5,1142.5,613.35,4,"1328.00,799.00,403.00,2040.00",0
244,T244-5,5008.5,6,1915.7,1640.83,5,"1328.00,799.00,403.00,2040.00,5008.50",0
244,T244-6,3016.0,13,2253.3,1658.73,6,"799.00,403.00,2040.00,5008.50,3016.00",0
244,T244-7,413.0,8,2176.1,1731.99,7,"403.00,2040.00,5008.50,3016.00,413.00",0
244,T244-8,228.0,18,2141.1,1768.84,8,"2040.00,5008.50,3016.00,413.00,228.00",0
244,T244-9,351.0,19,1803.3,1911.42,9,"5008.50,3016.00,413.00,228.00,351.00",0
244,T244-10,1149.0,20,1031.4,1043.39,10,"3016.00,413.00,228.00,351.00,1149.00",0
244,T244-11,905.0,23,609.2,354.78,11,"413.00,228.00,351.00,1149.00,905.00",0
244,T244-12,2938.0,11,1114.2,973.56,12,"228.00,351.00,1149.00,905.00,2938.00",0
244,T244-13,14652.05,16,3999.01,5396.6,13,"351.00,1149.00,905.00,2938.00,14652.05",1
244,T244-14,512.0,6,4031.21,5375.17,14,"1149.00,905.00,2938.00,14652.05,512.00",0
244,T244-15,2262.0,23,4253.81,5273.29,15,"905.00,2938.00,14652.05,512.00,2262.00",0
244,T244-16,1901.36,18,4453.08,5160.59,16,"2938.00,14652.05,512.00,2262.00,1901.36",0
244,T244-17,2038.0,16,4273.08,5225.59,17,"14652.05,512.00,2262.00,1901.36,2038.00",0
244,T244-18,3171.86,17,1977.04,856.11,18,"512.00,2262.00,1901.36,2038.00,3171.86",0
244,T244-19,1879.0,22,2250.44,480.44,19,"2262.00,1901.36,2038.00,3171.86,1879.00",0
244,T244-20,1141.0,11,2026.24,653.22,20,"1901.36,2038.00,3171.86,1879.00,1141.00",0
244,T244-21,1802.0,9,2006.37,658.21,21,"2038.00,3171.86,1879.00,1141.00,1802.00",0
244,T244-22,19202.86,5,5439.34,6913.15,22,"3171.86,1879.00,1141.00,1802.00,19202.86",1
244,T244-23,1488.0,22,5102.57,7054.96,23,"1879.00,1141.00,1802.00,19202.86,1488.00",0
244,T244-24,756.0,9,4877.97,7170.93,24,"1141.00,1802.00,19202.86,1488.00,756.00",0
244,T244-25,3077.0,21,5265.17,7009.14,25,"1802.00,19202.86,1488.00,756.00,3077.00",0
244,T244-26,3074.0,19,5519.57,6901.08,26,"19202.86,1488.00,756.00,3077.00,3074.00",0
245,T245-1,375.0,12,375.0,0.0,1,375.00,0
245,T245-2,860.0,19,617.5,242.5,2,"375.00,860.00",0
245,T245-3,1041.0,16,758.67,281.18,3,"375.00,860.00,1041.00",0
245,T245-4,1799.0,10,1018.75,512.08,4,"375.00,860.00,1041.00,1799.00",0
245,T245-5,9937.87,19,2802.57,3596.93,5,"375.00,860.00,1041.00,1799.00,9937.87",0
245,T245-6,11066.36,14,4940.85,4565.64,6,"860.00,1041.00,1799.00,9937.87,11066.36",1
245,T245-7,618.0,6,4892.45,4609.72,7,"1041.00,1799.00,9937.87,11066.36,618.00",0
245,T245-8,8765.06,14,6437.26,4346.92,8,"1799.00,9937.87,11066.36,618.00,8765.06",0
245,T245-9,1577.0,2,6392.86,4394.94,9,"9937.87,11066.36,618.00,8765.06,1577.00",0
245,T245-10,731.0,17,4551.48,4452.28,10,"11066.36,618.00,8765.06,1577.00,731.00",0
245,T245-11,3035.0,14,2945.21,3035.43,11,"618.00,8765.06,1577.00,731.00,3035.00",0
245,T245-12,2943.0,21,3410.21,2813.26,12,"8765.06,1577.00,731.00,3035.00,2943.00",0
245,T245-13,1644.0,13,1986.0,880.4,13,"1577.00,731.00,3035.00,2943.00,1644.00",0
245,T245-14,1509.0,5,1972.4,887.11,14,"731.00,3035.00,2943.00,1644.00,1509.00",0
245,T245-15,928.0,14,2011.8,833.88,15,"3035.00,2943.00,1644.00,1509.00,928.00",0
246,T246-1,355.0,3,355.0,0.0,1,355.00,0
246,T246-2,3109.0,3,1732.0,1377.0,2,"355.00,3109.00",0
246,T246-3,3429.0,19,2297.67,1379.87,3,"355.00,3109.00,3429.00",1
246,T246-4,2080.0,10,2243.25,1198.71,4,"355.00,3109.00,3429.00,2080.00",0
246,T246-5,8603.57,17,3515.31,2760.82,5,"355.00,3109.00,3429.00,2080.00,8603.57",0
246,T246-6,1602.0,12,3764.71,2508.9,6,"3109.00,3429.00,2080.00,8603.57,1602.00",0
246,T246-7,1546.66,22,3452.25,2663.62,7,"3429.00,2080.00,8603.57,1602.00,1546.66",0
246,T246-8,216.0,15,2809.65,2962.51,8,"2080.00,8603.57,1602.00,1546.66,216.00",0
246,T246-9,610.0,7,2515.65,3090.51,9,"8603.57,1602.00,1546.66,216.00,610.00",0
246,T246-10,3107.0,17,1416.33,1000.08,10,"1602.00,1546.66,216.00,610.00,3107.00",1
246,T246-11,357.0,12,1167.33,1075.03,11,"1546.66,216.00,610.00,3107.00,357.00",0
246,T246-12,153.0,4,888.6,1120.27,12,"216.00,610.00,3107.00,357.00,153.00",0
246,T246-13,2560.0,21,1357.4,1226.16,13,"610.00,3107.00,357.00,153.00,2560.00",0
246,T246-14,17140.75,2,4663.55,6346.96,14,"3107.00,357.00,153.00,2560.00,17140.75",1
246,T246-15,1867.0,11,4415.55,6426.66,15,"357.00,153.00,2560.00,17140.75,1867.00",0
246,T246-16,1191.0,0,4582.35,6329.25,16,"153.00,2560.00,17140.75,1867.00,1191.00",0
246,T246-17,1967.0,16,4945.15,6113.26,17,"2560.00,17140.75,1867.00,1191.00,1967.00",0
246,T246-18,1630.0,9,4759.15,6196.58,18,"17140.75,1867.00,1191.00,1967.00,1630.00",0
246,T246-19,1814.0,22,1693.8,274.21,19,"1867.00,1191.00,1967.00,1630.00,1814.00",0
246,T246-20,749.0,10,1470.2,444.66,20,"1191.00,1967.00,1630.00,1814.00,749.00",0
246,T246-21,16168.15,4,4465.63,5866.47,21,"1967.00,1630.00,1814.00,749.00,16168.15",1
246,T246-22,2635.0,15,4599.23,5815.43,22,"1630.00,1814.00,749.00,16168.15,2635.00",0
247,T247-1,2602.0,1,2602.0,0.0,1,2602.00,0
247,T247-2,3476.0,0,3039.0,437.0,2,"2602.00,3476.00",0
247,T247-3,1548.0,5,2542.0,788.25,3,"2602.00,3476.00,1548.00",0
247,T247-4,1470.0,0,2274.0,825.51,4,"2602.00,3476.00,1548.00,1470.00",0
247,T247-5,1321.0,18,2083.4,830.96,5,"2602.00,3476.00,1548.00,1470.00,1321.00",0
247,T247-6,3258.0,22,2214.6,946.27,6,"3476.00,1548.00,1470.00,1321.00,3258.00",0
247,T247-7,1542.0,18,1827.8,719.77,7,"1548.00,1470.00,1321.00,3258.00,1542.00",0
247,T247-8,2704.0,0,2059.0,776.21,8,"1470.00,1321.00,3258.00,1542.00,2704.00",0
247,T247-9,3388.0,9,2442.6,859.77,9,"1321.00,3258.00,1542.00,2704.00,3388.00",0
247,T247-10,2317.0,5,2641.8,671.63,10,"3258.00,1542.00,2704.00,3388.00,2317.00",0
247,T247-11,1792.55,3,2348.71,658.4,11,"1542.00,2704.00,3388.00,2317.00,1792.55",0
247,T247-12,1293.0,13,2298.91,723.71,12,"2704.00,3388.00,2317.00,1792.55,1293.00",0
247,T247-13,3383.0,14,2434.71,841.16,13,"3388.00,2317.00,1792.55,1293.00,3383.00",0
247,T247-14,3468.0,17,2450.71,859.7,14,"2317.00,1792.55,1293.00,3383.00,3468.00",0
248,T248-1,1542.0,14,1542.0,0.0,1,1542.00,0
248,T248-2,1130.0,22,1336.0,206.0,2,"1542.00,1130.00",0
248,T248-3,1499.0,21,1390.33,184.92,3,"1542.00,1130.00,1499.00",0
248,T248-4,3485.0,18,1914.0,921.05,4,"1542.00,1130.00,1499.00,3485.00",0
248,T248-5,1263.0,13,1783.8,863.98,5,"1542.00,1130.00,1499.00,3485.00,1263.00",0
248,T248-6,870.0,19,1649.4,940.06,6,"1130.00,1499.00,3485.00,1263.00,870.00",0
248,T248-7,1685.0,21,1760.4,904.27,7,"1499.00,3485.00,1263.00,870.00,1685.00",0
248,T248-8,2385.0,23,1937.6,922.31,8,"3485.00,1263.00,870.00,1685.00,2385.00",0
248,T248-9,1668.0,13,1574.2,504.23,9,"1263.00,870.00,1685.00,2385.00,1668.00",0
248,T248-10,8869.05,7,3095.41,2926.39,10,"870.00,1685.00,2385.00,1668.00,8869.05",1
248,T248-11,7637.89,20,4448.99,3141.33,11,"1685.00,2385.00,1668.00,8869.05,7637.89",0
248,T248-12,17996.02,3,7711.19,5865.36,12,"2385.00,1668.00,8869.05,7637.89,17996.02",1
248,T248-13,1103.0,20,7454.79,6115.28,13,"1668.00,8869.05,7637.89,17996.02,1103.00",0
248,T248-14,2187.0,23,7558.59,6019.84,14,"8869.05,7637.89,17996.02,1103.00,2187.00",0
248,T248-15,1836.0,21,6151.98,6361.29,15,"7637.89,17996.02,1103.00,2187.00,1836.00",0
248,T248-16,907.0,18,4805.8,6611.67,16,"17996.02,1103.00,2187.00,1836.00,907.00",0
248,T248-17,2799.0,1,1766.4,696.66,17,"1103.00,2187.00,1836.00,907.00,2799.00",0
248,T248-18,1523.0,15,1850.4,634.12,18,"2187.00,1836.00,907.00,2799.00,1523.00",0
248,T248-19,1598.0,4,1732.6,615.07,19,"1836.00,907.00,2799.00,1523.00,1598.00",0
248,T248-20,10751.93,14,3515.79,3669.62,20,"907.00,2799.00,1523.00,1598.00,10751.93",1
248,T248-21,2650.0,6,3864.39,3483.29,21,"2799.00,1523.00,1598.00,10751.93,2650.00",0
248,T248-22,8500.35,10,5004.66,3860.64,22,"1523.00,1598.00,10751.93,2650.00,8500.35",0
248,T248-23,17121.41,12,8124.34,5666.65,23,"1598.00,10751.93,2650.00,8500.35,17121.41",1
248,T248-24,1370.0,6,8078.74,5719.65,24,"10751.93,2650.00,8500.35,17121.41,1370.00",0
249,T249-1,1942.0,12,1942.0,0.0,1,1942.00,0
249,T249-2,1861.0,20,1901.5,40.5,2,"1942.00,1861.00",0
249,T249-3,1030.0,15,1611.0,412.16,3,"1942.00,1861.00,1030.00",0
249,T249-4,214.0,0,1261.75,702.38,4,"1942.00,1861.00,1030.00,214.00",0
249,T249-5,3419.43,20,1693.29,1067.5,5,"1942.00,1861.00,1030.00,214.00,3419.43",0
249,T249-6,2899.0,20,1884.69,1175.29,6,"1861.00,1030.00,214.00,3419.43,2899.00",1
249,T249-7,3050.0,6,2122.49,1263.42,7,"1030.00,214.00,3419.43,2899.00,3050.00",0
249,T249-8,744.0,21,2065.29,1316.93,8,"214.00,3419.43,2899.00,3050.00,744.00",0
249,T249-9,2545.0,10,2531.49,936.77,9,"3419.43,2899.00,3050.00,744.00,2545.00",0
249,T249-10,1666.0,21,2180.8,864.1,10,"2899.00,3050.00,744.00,2545.00,1666.00",0
249,T249-11,894.0,18,1779.8,902.15,11,"3050.00,744.00,2545.00,1666.00,894.00",0
249,T249-12,3367.0,6,1843.2,995.5,12,"744.00,2545.00,1666.00,894.00,3367.00",0
249,T249-13,905.0,21,1875.4,961.45,13,"2545.00,1666.00,894.00,3367.00,905.00",0
249,T249-14,2677.0,2,1901.8,981.08,14,"1666.00,894.00,3367.00,905.00,2677.00",0
249,T249-15,4823.18,1,2533.24,1503.19,15,"894.00,3367.00,905.00,2677.00,4823.18",0
249,T249-16,1553.0,7,2665.04,1377.3,16,"3367.00,905.00,2677.00,4823.18,1553.00",0
249,T249-17,8136.58,14,3618.95,2622.21,17,"905.00,2677.00,4823.18,1553.00,8136.58",1
249,T249-18,1650.0,8,3767.95,2481.14,18,"2677.00,4823.18,1553.00,8136.58,1650.00",0
249,T249-19,3308.0,5,3894.15,2438.12,19,"4823.18,1553.00,8136.58,1650.00,3308.00",0
249,T249-20,339.0,23,2997.32,2737.75,20,"1553.00,8136.58,1650.00,3308.00,339.00",0
249,T249-21,2503.0,0,3187.32,2662.87,21,"8136.58,1650.00,3308.00,339.00,2503.00",0
249,T249-22,876.0,5,1735.2,1073.13,22,"1650.00,3308.00,339.00,2503.00,876.00",0
249,T249-23,1019.0,5,1609.0,1112.13,23,"3308.00,339.00,2503.00,876.00,1019.00",0
249,T249-24,693.39,8,1086.08,744.13,24,"339.00,2503.00,876.00,1019.00,693.39",0
249,T249-25,1166.0,10,1251.48,645.0,25,"2503.00,876.00,1019.00,693.39,1166.00",0
249,T249-26,2275.0,13,1205.88,556.96,26,"876.00,1019.00,693.39,1166.00,2275.00",0
